customer_id,first_name,last_name,signup_date,city,,,,
CUST1000,Aarav,Mehta,26-01-2022,Chennai,,,,
CUST1001,Sanjay,Verma,31-12-2020,Mumbai,,,,
CUST1002,Pooja,Sharma,16-11-2020,Hyderabad,,,,
CUST1003,Priya,Reddy,15-05-2022,Pune,,,,
CUST1004,Ritu,Sharma,28-08-2021,Visakhapatnam,,,,
CUST1005,Vikram,Iyer,31-12-2022,Kochi,,,,
CUST1006,Arjun,Shah,30-08-2020,Hyderabad,,,,
CUST1007,Aditya,Sharma,16-12-2020,Pune,,,,
CUST1008,Aditya,Patel,19-08-2021,Ahmedabad,,,,
CUST1009,Arjun,Das,17-02-2021,Visakhapatnam,,,,
CUST1010,Meera,Mishra,04-08-2022,Chennai,,,,
CUST1011,Shreya,Bose,26-01-2024,Mumbai,,,,
CUST1012,Vikram,Pillai,15-10-2022,Chandigarh,,,,
CUST1013,Karan,Bose,04-07-2022,Mumbai,,,,
CUST1014,Deepa,Joshi,24-10-2021,Hyderabad,,,,
CUST1015,Deepa,Mehta,26-07-2022,Delhi,,,,
CUST1016,Rahul,Gupta,25-08-2023,Bangalore,,,,
CUST1017,Shreya,Singh,29-10-2021,Indore,,,,
CUST1018,Nikhil,Mishra,17-04-2024,Chennai,,,,
CUST1019,Sanjay,Bose,25-10-2022,Chennai,,,,
CUST1020,Kavya,Kumar,16-10-2023,Jaipur,,,,
CUST1021,Sanjay,Mishra,25-09-2020,Hyderabad,,,,
CUST1022,Rahul,Joshi,03-02-2024,Bangalore,,,,
CUST1023,Arjun,Chatterjee,16-01-2021,Hyderabad,,,,
CUST1024,Pooja,Verma,11-10-2021,Mumbai,,,,
CUST1025,Nikhil,Bhat,18-09-2022,Pune,,,,
CUST1026,Sanjay,Reddy,22-01-2023,Bangalore,,,,
CUST1027,Nikhil,Bose,03-04-2021,Kochi,,,,
CUST1028,Rahul,Kapoor,15-07-2025,Mumbai,,,,
CUST1029,Arjun,Pillai,02-04-2022,Kolkata,,,,
CUST1030,Kavya,Patel,13-05-2022,Chandigarh,,,,
CUST1031,Kavya,Pillai,17-08-2024,Kochi,,,,
CUST1032,Deepa,Pillai,29-12-2022,Kolkata,,,,
CUST1033,Rahul,Sharma,12-11-2021,Patna,,,,
CUST1034,Ritu,Nair,14-09-2023,Lucknow,,,,
CUST1035,Amit,Kumar,21-01-2022,Nagpur,,,,
CUST1036,Ananya,Patel,21-06-2022,Bangalore,,,,
CUST1037,Karan,Iyer,10-07-2024,Chennai,,,,
CUST1038,Sanjay,Shah,30-06-2023,Bangalore,,,,
CUST1039,Vikram,Kumar,17-03-2025,Kolkata,,,,
CUST1040,Nikhil,Kapoor,10-06-2021,Kolkata,,,,
CUST1041,Aditya,Reddy,24-10-2024,Chennai,,,,
CUST1042,Meera,Gupta,28-07-2025,Delhi,,,,
CUST1043,Kavya,Verma,23-08-2025,Delhi,,,,
CUST1044,Ananya,Nair,07-02-2024,Chennai,,,,
CUST1045,Meera,Kumar,17-02-2024,Delhi,,,,
CUST1046,Nikhil,Reddy,30-11-2020,Noida,,,,
CUST1047,Aditya,Mehta,12-07-2023,Lucknow,,,,
CUST1048,Meera,Chatterjee,11-10-2022,Bangalore,,,,
CUST1049,Sanjay,Kapoor,08-08-2021,Surat,,,,
CUST1050,Vikram,Shah,15-01-2024,Nagpur,,,,
CUST1051,Aditya,Pillai,09-01-2023,Chennai,,,,
CUST1052,Ritu,Verma,22-10-2024,Pune,,,,
CUST1053,Shreya,Kumar,13-10-2021,Hyderabad,,,,
CUST1054,Rohan,Nair,11-09-2023,Kolkata,,,,
CUST1055,Priya,Joshi,21-01-2021,Bhubaneswar,,,,
CUST1056,Deepa,Nair,30-11-2021,Patna,,,,
CUST1057,Sanjay,Joshi,19-05-2022,Nagpur,,,,
CUST1058,Ritu,Gupta,23-12-2023,Chennai,,,,
CUST1059,Shreya,Nair,22-04-2025,Indore,,,,
CUST1060,Ananya,Verma,24-04-2023,Bhubaneswar,,,,
CUST1061,Karan,Kapoor,01-01-2024,Kolkata,,,,
CUST1062,Aarav,Pillai,07-04-2024,Pune,,,,
CUST1063,Aditya,Gupta,24-10-2024,Mumbai,,,,
CUST1064,Arjun,Bhat,16-02-2024,Indore,,,,
CUST1065,Karan,Shah,06-05-2021,Indore,,,,
CUST1066,Nisha,Shah,09-05-2021,Pune,,,,
CUST1067,Deepa,Chatterjee,08-04-2025,Hyderabad,,,,
CUST1068,Ananya,Joshi,14-04-2021,Delhi,,,,
CUST1069,Rahul,Verma,17-03-2022,Kolkata,,,,
CUST1070,Arjun,Mishra,06-05-2021,Pune,,,,
CUST1071,Nisha,Mehta,22-07-2023,Pune,,,,
CUST1072,Ritu,Kapoor,22-04-2025,Kolkata,,,,
CUST1073,Ananya,Shah,07-11-2020,Ahmedabad,,,,
CUST1074,Aditya,Das,08-09-2024,Ahmedabad,,,,
CUST1075,Deepa,Das,23-08-2022,Mumbai,,,,
CUST1076,Vikram,Nair,26-07-2022,Kolkata,,,,
CUST1077,Priya,Bhat,01-04-2025,Kolkata,,,,
CUST1078,Meera,Singh,10-05-2024,Mumbai,,,,
CUST1079,Rohan,Pillai,29-04-2023,Chennai,,,,
CUST1080,Sanjay,Iyer,27-07-2024,Bhubaneswar,,,,
CUST1081,Shreya,Reddy,13-12-2023,Pune,,,,
CUST1082,Karan,Das,27-09-2022,Chennai,,,,
CUST1083,Rohan,Gupta,09-03-2021,Kolkata,,,,
CUST1084,Priya,Singh,06-03-2022,Mumbai,,,,
CUST1085,Nikhil,Patel,17-03-2025,Hyderabad,,,,
CUST1086,Deepa,Rao,11-04-2022,Surat,,,,
CUST1087,Vikram,Gupta,24-04-2022,Kolkata,,,,
CUST1088,Meera,Nair,18-11-2020,Jaipur,,,,
CUST1089,Nisha,Iyer,08-05-2023,Delhi,,,,
CUST1090,Nikhil,Sharma,22-06-2023,Pune,,,,
CUST1091,Sunita,Joshi,28-10-2023,Bangalore,,,,
CUST1092,Rahul,Das,24-02-2024,Bangalore,,,,
CUST1093,Pooja,Mishra,25-04-2022,Hyderabad,,,,
CUST1094,Rahul,Kumar,20-06-2021,Gurgaon,,,,
CUST1095,Nikhil,Nair,12-09-2022,Chennai,,,,
CUST1096,Rahul,Chatterjee,01-05-2025,Pune,,,,
CUST1097,Amit,Verma,08-01-2021,Pune,,,,
CUST1098,Deepa,Verma,20-11-2024,Mumbai,,,,
CUST1099,Meera,Pillai,17-08-2021,Pune,,,,
CUST1100,Amit,Patel,23-10-2021,Surat,,,,
CUST1101,Amit,Das,13-01-2021,Jaipur,,,,
CUST1102,Sunita,Gupta,07-11-2020,Chennai,,,,
CUST1103,Rohan,Shah,11-03-2021,Mumbai,,,,
CUST1104,Shreya,Pillai,02-04-2023,Mumbai,,,,
CUST1105,Sanjay,Singh,12-10-2023,Pune,,,,
CUST1106,Sanjay,Mehta,13-12-2022,Visakhapatnam,,,,
CUST1107,Sunita,Reddy,04-04-2023,Pune,,,,
CUST1108,Kavya,Mehta,16-12-2021,Pune,,,,
CUST1109,Ritu,Patel,02-05-2023,Visakhapatnam,,,,
CUST1110,Rahul,Bhat,05-06-2022,Pune,,,,
CUST1111,Nikhil,Joshi,10-03-2024,Noida,,,,
CUST1112,Aditya,Iyer,24-09-2021,Kolkata,,,,
CUST1113,Ananya,Rao,23-09-2021,Chennai,,,,
CUST1114,Kavya,Singh,20-04-2024,Chennai,,,,
CUST1115,Priya,Das,10-10-2022,Jaipur,,,,
CUST1116,Priya,Sharma,22-03-2022,Jaipur,,,,
CUST1117,Sunita,Das,01-10-2024,Pune,,,,
CUST1118,Sunita,Mishra,29-05-2025,Noida,,,,
CUST1119,Nisha,Kapoor,28-07-2022,Jaipur,,,,
CUST1120,Sunita,Verma,24-11-2020,Chennai,,,,
CUST1121,Amit,Singh,06-06-2022,Kolkata,,,,
CUST1122,Karan,Reddy,03-09-2023,Kochi,,,,
CUST1123,Aarav,Joshi,24-11-2023,Pune,,,,
CUST1124,Sunita,Shah,26-07-2024,Kolkata,,,,
CUST1125,Pooja,Iyer,10-06-2022,Ahmedabad,,,,
CUST1126,Shreya,Gupta,27-07-2021,Ahmedabad,,,,
CUST1127,Arjun,Joshi,10-05-2024,Nagpur,,,,
CUST1128,Ritu,Reddy,08-11-2023,Mumbai,,,,
CUST1129,Pooja,Shah,27-09-2023,Mumbai,,,,
CUST1130,Sunita,Iyer,01-03-2022,Kolkata,,,,
CUST1131,Sanjay,Rao,06-08-2022,Bangalore,,,,
CUST1132,Meera,Iyer,14-04-2024,Gurgaon,,,,
CUST1133,Pooja,Chatterjee,27-09-2020,Chennai,,,,
CUST1134,Kavya,Das,07-01-2023,Jaipur,,,,
CUST1135,Sunita,Sharma,29-12-2023,Mumbai,,,,
CUST1136,Vikram,Chatterjee,04-10-2022,Kolkata,,,,
CUST1137,Priya,Verma,13-11-2021,Visakhapatnam,,,,
CUST1138,Rohan,Kumar,19-04-2021,Kolkata,,,,
CUST1139,Arjun,Rao,23-08-2025,Chandigarh,,,,
CUST1140,Nisha,Joshi,22-11-2020,Kochi,,,,
CUST1141,Nikhil,Singh,27-03-2021,Nagpur,,,,
CUST1142,Kavya,Rao,28-05-2024,Pune,,,,
CUST1143,Vikram,Joshi,09-10-2021,Hyderabad,,,,
CUST1144,Shreya,Kapoor,12-05-2022,Visakhapatnam,,,,
CUST1145,Vikram,Bhat,04-04-2025,Kochi,,,,
CUST1146,Aditya,Shah,19-10-2021,Chennai,,,,
CUST1147,Shreya,Mishra,01-08-2024,Ahmedabad,,,,
CUST1148,Rohan,Mishra,21-02-2024,Bangalore,,,,
CUST1149,Nisha,Bhat,23-10-2021,Pune,,,,
CUST1150,Aditya,Bose,10-09-2020,Kolkata,,,,
CUST1151,Pooja,Kapoor,08-07-2025,Chennai,,,,
CUST1152,Aarav,Das,28-06-2022,Kolkata,,,,
CUST1153,Meera,Mehta,04-09-2020,Delhi,,,,
CUST1154,Vikram,Sharma,08-07-2022,Bhubaneswar,,,,
CUST1155,Meera,Joshi,07-01-2024,Pune,,,,
CUST1156,Pooja,Rao,10-04-2025,Nagpur,,,,
CUST1157,Arjun,Iyer,19-02-2022,Kochi,,,,
CUST1158,Sanjay,Gupta,14-04-2021,Mumbai,,,,
CUST1159,Priya,Gupta,09-03-2023,Nagpur,,,,
CUST1160,Deepa,Kapoor,18-01-2025,Delhi,,,,
CUST1161,Meera,Patel,17-08-2024,Jaipur,,,,
CUST1162,Shreya,Rao,15-10-2023,Bangalore,,,,
CUST1163,Priya,Pillai,01-01-2022,Visakhapatnam,,,,
CUST1164,Pooja,Bhat,28-10-2023,Visakhapatnam,,,,
CUST1165,Vikram,Mehta,04-08-2021,Delhi,,,,
CUST1166,Nisha,Reddy,18-07-2021,Mumbai,,,,
CUST1167,Sunita,Pillai,08-12-2023,Mumbai,,,,
CUST1168,Pooja,Mehta,27-10-2023,Bhubaneswar,,,,
CUST1169,Nisha,Das,16-11-2023,Chandigarh,,,,
CUST1170,Deepa,Bose,27-12-2021,Delhi,,,,
CUST1171,Amit,Kapoor,21-08-2021,Hyderabad,,,,
CUST1172,Ananya,Gupta,02-04-2024,Lucknow,,,,
CUST1173,Pooja,Kumar,31-03-2022,Delhi,,,,
CUST1174,Aarav,Verma,23-12-2024,Kochi,,,,
CUST1175,Shreya,Chatterjee,26-11-2024,Hyderabad,,,,
CUST1176,Sunita,Kumar,14-06-2023,Delhi,,,,
CUST1177,Kavya,Shah,04-01-2024,Kochi,,,,
CUST1178,Meera,Bhat,08-07-2024,Mumbai,,,,
CUST1179,Rohan,Patel,22-04-2023,Delhi,,,,
CUST1180,Rahul,Bose,26-03-2021,Mumbai,,,,
CUST1181,Karan,Kumar,26-11-2023,Bangalore,,,,
CUST1182,Shreya,Das,21-08-2025,Bangalore,,,,
CUST1183,Ananya,Reddy,06-03-2021,Mumbai,,,,
CUST1184,Priya,Mishra,05-05-2023,Mumbai,,,,
CUST1185,Meera,Rao,07-12-2022,Kolkata,,,,
CUST1186,Sanjay,Chatterjee,14-01-2021,Chandigarh,,,,
CUST1187,Deepa,Kumar,05-06-2024,Nagpur,,,,
CUST1188,Vikram,Reddy,15-05-2025,Nagpur,,,,
CUST1189,Priya,Rao,01-01-2024,Nagpur,,,,
CUST1190,Ritu,Bose,31-10-2022,Kochi,,,,
CUST1191,Aditya,Chatterjee,11-06-2025,Chandigarh,,,,
CUST1192,Ritu,Pillai,10-09-2021,Pune,,,,
CUST1193,Amit,Iyer,08-04-2025,Pune,,,,
CUST1194,Arjun,Reddy,21-07-2025,Chennai,,,,
CUST1195,Kavya,Iyer,15-09-2024,Hyderabad,,,,
CUST1196,Vikram,Rao,06-03-2025,Kochi,,,,
CUST1197,Vikram,Kapoor,21-11-2020,Jaipur,,,,
CUST1198,Karan,Sharma,12-11-2022,Kolkata,,,,
CUST1199,Priya,Chatterjee,22-10-2022,Surat,,,,
CUST1200,Pooja,Gupta,13-10-2021,Kolkata,,,,
CUST1201,Vikram,Verma,07-09-2023,Pune,,,,
CUST1202,Sanjay,Sharma,30-05-2024,Bangalore,,,,
CUST1203,Karan,Singh,23-11-2023,Patna,,,,
CUST1204,Meera,Das,22-09-2023,Kolkata,,,,
CUST1205,Nisha,Mishra,22-10-2021,Chennai,,,,
CUST1206,Ritu,Mehta,02-06-2024,Visakhapatnam,,,,
CUST1207,Nisha,Singh,23-02-2023,Kolkata,,,,
CUST1208,Arjun,Verma,31-10-2024,Pune,,,,
CUST1209,Amit,Pillai,18-09-2021,Bangalore,,,,
CUST1210,Kavya,Nair,06-06-2021,Kolkata,,,,
CUST1211,Meera,Verma,13-02-2024,Hyderabad,,,,
CUST1212,Nikhil,Gupta,06-05-2024,Mumbai,,,,
CUST1213,Ritu,Das,11-01-2025,Ahmedabad,,,,
CUST1214,Ritu,Rao,24-08-2025,Pune,,,,
CUST1215,Arjun,Kapoor,25-11-2020,Hyderabad,,,,
CUST1216,Rohan,Chatterjee,13-03-2024,Kolkata,,,,
CUST1217,Deepa,Gupta,29-12-2022,Hyderabad,,,,
CUST1218,Amit,Rao,06-01-2025,Chandigarh,,,,
CUST1219,Ritu,Mishra,20-07-2024,Chennai,,,,
CUST1220,Sunita,Patel,11-10-2021,Hyderabad,,,,
CUST1221,Rohan,Bhat,07-02-2023,Pune,,,,
CUST1222,Aditya,Singh,11-11-2022,Delhi,,,,
CUST1223,Amit,Bhat,29-06-2025,Pune,,,,
CUST1224,Nisha,Bose,02-01-2023,Delhi,,,,
CUST1225,Vikram,Singh,03-03-2024,Mumbai,,,,
CUST1226,Amit,Joshi,21-02-2024,Hyderabad,,,,
CUST1227,Amit,Mehta,03-04-2023,Kolkata,,,,
CUST1228,Ananya,Pillai,27-09-2021,Kolkata,,,,
CUST1229,Aditya,Mishra,21-11-2023,Gurgaon,,,,
CUST1230,Kavya,Joshi,05-10-2021,Bangalore,,,,
CUST1231,Priya,Nair,26-06-2021,Kolkata,,,,
CUST1232,Aditya,Nair,22-04-2022,Nagpur,,,,
CUST1233,Shreya,Verma,18-11-2021,Chennai,,,,
CUST1234,Shreya,Mehta,18-09-2020,Ahmedabad,,,,
CUST1235,Aarav,Kumar,14-01-2021,Delhi,,,,
CUST1236,Pooja,Joshi,02-07-2021,Hyderabad,,,,
CUST1237,Nikhil,Verma,28-09-2020,Indore,,,,
CUST1238,Amit,Shah,25-12-2023,Kolkata,,,,
CUST1239,Nisha,Chatterjee,09-05-2024,Mumbai,,,,
CUST1240,Rohan,Singh,11-08-2022,Bangalore,,,,
CUST1241,Priya,Kapoor,18-05-2024,Chennai,,,,
CUST1242,Amit,Reddy,09-11-2022,Pune,,,,
CUST1243,Sunita,Bose,03-07-2025,Chennai,,,,
CUST1244,Sunita,Mehta,20-03-2023,Delhi,,,,
CUST1245,Arjun,Patel,28-10-2022,Hyderabad,,,,
CUST1246,Shreya,Bhat,16-02-2022,Lucknow,,,,
CUST1247,Amit,Nair,05-01-2024,Kochi,,,,
CUST1248,Sanjay,Nair,15-05-2022,Chennai,,,,
CUST1249,Amit,Sharma,19-10-2021,Mumbai,,,,
CUST1250,Ritu,Joshi,04-09-2020,Delhi,,,,
CUST1251,Arjun,Gupta,01-08-2023,Patna,,,,
CUST1252,Karan,Gupta,10-11-2024,Hyderabad,,,,
CUST1253,Ananya,Mehta,05-05-2024,Kolkata,,,,
CUST1254,Ritu,Kumar,16-01-2024,Bangalore,,,,
CUST1255,Ananya,Sharma,26-04-2024,Hyderabad,,,,
CUST1256,Rahul,Patel,20-02-2023,Bhubaneswar,,,,
CUST1257,Ananya,Das,08-03-2025,Chennai,,,,
CUST1258,Aarav,Kapoor,12-07-2024,Lucknow,,,,
CUST1259,Karan,Mishra,04-12-2020,Pune,,,,
CUST1260,Pooja,Reddy,23-03-2021,Bangalore,,,,
CUST1261,Ananya,Mishra,08-12-2023,Ahmedabad,,,,
CUST1262,Aarav,Patel,11-01-2023,Delhi,,,,
CUST1263,Pooja,Mishra,03-09-2024,Mumbai,,,,
CUST1264,Nisha,Iyer,28-03-2023,Noida,,,,
CUST1265,Aarav,Shah,02-03-2023,Nagpur,,,,
CUST1266,Priya,Mehta,16-05-2022,Nagpur,,,,
CUST1267,Nikhil,Nair,30-01-2021,Pune,,,,
CUST1268,Deepa,Pillai,06-01-2023,Hyderabad,,,,
CUST1269,Rohan,Chatterjee,24-09-2020,Gurgaon,,,,
CUST1270,Meera,Chatterjee,27-06-2021,Kochi,,,,
CUST1271,Karan,Gupta,12-01-2022,Noida,,,,
CUST1272,Ritu,Gupta,09-08-2023,Chandigarh,,,,
CUST1273,Sanjay,Gupta,27-01-2021,Patna,,,,
CUST1274,Nikhil,Iyer,28-03-2022,Kolkata,,,,
CUST1275,Ananya,Bhat,01-01-2021,Mumbai,,,,
CUST1276,Karan,Reddy,28-11-2024,Bangalore,,,,
CUST1277,Vikram,Pillai,11-03-2021,Bhubaneswar,,,,
CUST1278,Deepa,Kapoor,06-10-2023,Pune,,,,
CUST1279,Aarav,Mishra,09-02-2025,Delhi,,,,
CUST1280,Sanjay,Verma,20-11-2020,Kolkata,,,,
CUST1281,Karan,Sharma,04-01-2023,Bangalore,,,,
CUST1282,Aarav,Rao,10-02-2021,Kolkata,,,,
CUST1283,Sunita,Singh,23-05-2022,Hyderabad,,,,
CUST1284,Arjun,Patel,26-09-2024,Ahmedabad,,,,
CUST1285,Vikram,Singh,10-12-2020,Kolkata,,,,
CUST1286,Rahul,Sharma,13-09-2023,Hyderabad,,,,
CUST1287,Aarav,Bose,09-03-2024,Gurgaon,,,,
CUST1288,Kavya,Sharma,22-08-2022,Chandigarh,,,,
CUST1289,Pooja,Patel,03-10-2023,Lucknow,,,,
CUST1290,Ritu,Joshi,30-12-2021,Pune,,,,
CUST1291,Aditya,Chatterjee,01-08-2024,Chennai,,,,
CUST1292,Amit,Reddy,08-09-2023,Mumbai,,,,
CUST1293,Priya,Shah,07-02-2023,Jaipur,,,,
CUST1294,Nisha,Nair,27-06-2021,Bhubaneswar,,,,
CUST1295,Ritu,Gupta,08-07-2025,Chennai,,,,
CUST1296,Meera,Patel,27-08-2022,Chennai,,,,
CUST1297,Rahul,Singh,12-05-2022,Chennai,,,,
CUST1298,Aditya,Nair,14-07-2024,Pune,,,,
CUST1299,Ananya,Singh,09-10-2020,Pune,,,,
CUST1300,Arjun,Bose,05-02-2022,Delhi,,,,
CUST1301,Nisha,Kumar,19-10-2022,Kolkata,,,,
CUST1302,Amit,Rao,16-06-2021,Visakhapatnam,,,,
CUST1303,Rahul,Mehta,21-01-2025,Kolkata,,,,
CUST1304,Vikram,Verma,16-02-2024,Bhubaneswar,,,,
CUST1305,Meera,Kapoor,31-03-2025,Delhi,,,,
CUST1306,Amit,Singh,19-02-2023,Pune,,,,
CUST1307,Nikhil,Kumar,01-12-2021,Bangalore,,,,
CUST1308,Nisha,Gupta,08-08-2021,Kochi,,,,
CUST1309,Ananya,Verma,30-12-2022,Bhubaneswar,,,,
CUST1310,Karan,Mishra,10-07-2023,Surat,,,,
CUST1311,Priya,Chatterjee,25-02-2024,Chennai,,,,
CUST1312,Sunita,Bose,05-10-2020,Bangalore,,,,
CUST1313,Priya,Bose,19-12-2020,Hyderabad,,,,
CUST1314,Aditya,Mishra,25-09-2023,Kochi,,,,
CUST1315,Rohan,Bhat,31-12-2023,Bangalore,,,,
CUST1316,Aarav,Mishra,21-09-2024,Kolkata,,,,
CUST1317,Aditya,Patel,13-04-2022,Mumbai,,,,
CUST1318,Ananya,Shah,30-06-2022,Kolkata,,,,
CUST1319,Shreya,Gupta,09-05-2023,Pune,,,,
CUST1320,Pooja,Bhat,20-09-2023,Patna,,,,
CUST1321,Vikram,Gupta,20-01-2025,Noida,,,,
CUST1322,Aditya,Pillai,12-11-2021,Indore,,,,
CUST1323,Vikram,Gupta,11-02-2022,Pune,,,,
CUST1324,Meera,Iyer,15-12-2023,Delhi,,,,
CUST1325,Ritu,Bhat,05-06-2025,Pune,,,,
CUST1326,Shreya,Shah,16-07-2024,Bangalore,,,,
CUST1327,Rohan,Verma,05-12-2022,Patna,,,,
CUST1328,Sanjay,Mishra,19-02-2025,Jaipur,,,,
CUST1329,Priya,Shah,07-12-2023,Kochi,,,,
CUST1330,Arjun,Patel,11-01-2024,Bhubaneswar,,,,
CUST1331,Kavya,Kapoor,05-07-2022,Mumbai,,,,
CUST1332,Rohan,Bhat,08-06-2022,Pune,,,,
CUST1333,Rahul,Rao,08-10-2020,Nagpur,,,,
CUST1334,Ananya,Singh,25-04-2023,Surat,,,,
CUST1335,Ritu,Gupta,06-10-2021,Surat,,,,
CUST1336,Aarav,Rao,13-07-2021,Gurgaon,,,,
CUST1337,Ananya,Shah,13-10-2024,Kolkata,,,,
CUST1338,Meera,Nair,16-04-2025,Bangalore,,,,
CUST1339,Sunita,Reddy,05-02-2021,Kochi,,,,
CUST1340,Ritu,Mishra,03-08-2021,Chennai,,,,
CUST1341,Kavya,Bose,09-03-2025,Visakhapatnam,,,,
CUST1342,Amit,Bose,06-06-2023,Jaipur,,,,
CUST1343,Rahul,Mishra,05-08-2021,Chennai,,,,
CUST1344,Meera,Kumar,18-01-2023,Chennai,,,,
CUST1345,Nikhil,Chatterjee,01-12-2020,Pune,,,,
CUST1346,Aarav,Singh,16-01-2023,Indore,,,,
CUST1347,Deepa,Nair,16-03-2025,Chandigarh,,,,
CUST1348,Amit,Bose,24-12-2024,Delhi,,,,
CUST1349,Aditya,Patel,18-07-2021,Chandigarh,,,,
CUST1350,Ananya,Mishra,26-01-2025,Surat,,,,
CUST1351,Rohan,Mehta,19-10-2023,Mumbai,,,,
CUST1352,Arjun,Rao,03-01-2023,Kochi,,,,
CUST1353,Karan,Iyer,16-08-2025,Gurgaon,,,,
CUST1354,Kavya,Reddy,26-02-2022,Gurgaon,,,,
CUST1355,Sanjay,Gupta,19-01-2021,Bangalore,,,,
CUST1356,Aarav,Sharma,26-04-2022,Chandigarh,,,,
CUST1357,Vikram,Mishra,16-03-2022,Kolkata,,,,
CUST1358,Priya,Singh,03-04-2025,Lucknow,,,,
CUST1359,Amit,Reddy,07-11-2024,Pune,,,,
CUST1360,Ananya,Bhat,02-01-2022,Kolkata,,,,
CUST1361,Kavya,Bhat,24-08-2020,Noida,,,,
CUST1362,Aditya,Bose,15-07-2025,Pune,,,,
CUST1363,Sunita,Chatterjee,25-04-2023,Noida,,,,
CUST1364,Ananya,Singh,23-12-2023,Chennai,,,,
CUST1365,Nikhil,Nair,14-04-2024,Ahmedabad,,,,
CUST1366,Meera,Kumar,26-07-2024,Bangalore,,,,
CUST1367,Ananya,Bhat,05-08-2024,Pune,,,,
CUST1368,Arjun,Bose,07-05-2021,Nagpur,,,,
CUST1369,Kavya,Shah,01-05-2023,Pune,,,,
CUST1370,Sanjay,Bhat,30-11-2020,Mumbai,,,,
CUST1371,Nisha,Rao,31-08-2022,Noida,,,,
CUST1372,Deepa,Sharma,24-10-2023,Delhi,,,,
CUST1373,Aditya,Das,11-12-2020,Chandigarh,,,,
CUST1374,Rahul,Bhat,28-12-2020,Mumbai,,,,
CUST1375,Deepa,Mehta,15-10-2020,Visakhapatnam,,,,
CUST1376,Nikhil,Mishra,18-12-2024,Chennai,,,,
CUST1377,Nikhil,Bhat,15-01-2023,Hyderabad,,,,
CUST1378,Ananya,Gupta,14-11-2020,Hyderabad,,,,
CUST1379,Rohan,Kapoor,30-05-2022,Kochi,,,,
CUST1380,Shreya,Bose,11-07-2023,Gurgaon,,,,
CUST1381,Rahul,Sharma,26-06-2021,Jaipur,,,,
CUST1382,Sanjay,Joshi,02-04-2023,Bangalore,,,,
CUST1383,Deepa,Iyer,09-07-2025,Hyderabad,,,,
CUST1384,Ritu,Mehta,09-06-2024,Hyderabad,,,,
CUST1385,Shreya,Bhat,10-06-2025,Pune,,,,
CUST1386,Nisha,Patel,29-06-2022,Hyderabad,,,,
CUST1387,Karan,Mishra,10-10-2021,Gurgaon,,,,
CUST1388,Amit,Reddy,18-05-2024,Chennai,,,,
CUST1389,Arjun,Reddy,12-02-2023,Lucknow,,,,
CUST1390,Ananya,Kumar,13-10-2022,Ahmedabad,,,,
CUST1391,Pooja,Singh,25-12-2021,Gurgaon,,,,
CUST1392,Rohan,Rao,03-09-2021,Nagpur,,,,
CUST1393,Vikram,Shah,12-06-2025,Pune,,,,
CUST1394,Meera,Kumar,08-09-2023,Mumbai,,,,
CUST1395,Kavya,Iyer,23-10-2024,Visakhapatnam,,,,
CUST1396,Rahul,Shah,05-10-2023,Pune,,,,
CUST1397,Priya,Mehta,24-04-2023,Kolkata,,,,
CUST1398,Ritu,Shah,28-09-2020,Mumbai,,,,
CUST1399,Ritu,Gupta,04-04-2023,Gurgaon,,,,
CUST1400,Aarav,Patel,21-07-2024,Mumbai,,,,
CUST1401,Amit,Das,03-09-2023,Surat,,,,
CUST1402,Aditya,Gupta,07-04-2025,Kochi,,,,
CUST1403,Amit,Kumar,08-12-2020,Bangalore,,,,
CUST1404,Nisha,Kumar,17-10-2021,Kochi,,,,
CUST1405,Kavya,Kumar,27-12-2020,Mumbai,,,,
CUST1406,Amit,Patel,04-07-2024,Chandigarh,,,,
CUST1407,Karan,Rao,21-03-2024,Noida,,,,
CUST1408,Meera,Pillai,01-12-2022,Bangalore,,,,
CUST1409,Amit,Verma,18-07-2023,Chennai,,,,
CUST1410,Rahul,Sharma,02-10-2024,Bangalore,,,,
CUST1411,Rahul,Nair,17-03-2024,Lucknow,,,,
CUST1412,Priya,Kumar,24-08-2022,Bangalore,,,,
CUST1413,Ritu,Shah,14-02-2025,Pune,,,,
CUST1414,Karan,Nair,13-10-2024,Chennai,,,,
CUST1415,Kavya,Reddy,19-02-2021,Bhubaneswar,,,,
CUST1416,Karan,Verma,13-01-2023,Hyderabad,,,,
CUST1417,Aditya,Patel,02-03-2023,Hyderabad,,,,
CUST1418,Shreya,Iyer,06-07-2021,Visakhapatnam,,,,
CUST1419,Shreya,Pillai,20-03-2023,Ahmedabad,,,,
CUST1420,Sunita,Das,20-06-2022,Chennai,,,,
CUST1421,Ananya,Kumar,30-03-2021,Bhubaneswar,,,,
CUST1422,Deepa,Das,29-11-2024,Mumbai,,,,
CUST1423,Aditya,Rao,20-09-2024,Chennai,,,,
CUST1424,Sunita,Verma,28-03-2024,Delhi,,,,
CUST1425,Deepa,Gupta,18-03-2022,Bangalore,,,,
CUST1426,Kavya,Rao,12-04-2025,Chennai,,,,
CUST1427,Aarav,Mehta,19-12-2023,Bangalore,,,,
CUST1428,Sunita,Patel,13-02-2023,Hyderabad,,,,
CUST1429,Nisha,Mehta,14-05-2023,Nagpur,,,,
CUST1430,Ritu,Chatterjee,09-06-2022,Gurgaon,,,,
CUST1431,Aditya,Das,17-12-2023,Delhi,,,,
CUST1432,Ritu,Joshi,07-12-2022,Kochi,,,,
CUST1433,Karan,Bose,15-02-2022,Lucknow,,,,
CUST1434,Amit,Kapoor,04-10-2021,Bhubaneswar,,,,
CUST1435,Shreya,Patel,21-03-2022,Pune,,,,
CUST1436,Ritu,Gupta,06-08-2025,Patna,,,,
CUST1437,Kavya,Mehta,18-07-2023,Ahmedabad,,,,
CUST1438,Meera,Reddy,28-07-2022,Lucknow,,,,
CUST1439,Shreya,Mishra,20-05-2022,Mumbai,,,,
CUST1440,Sunita,Rao,25-11-2024,Bangalore,,,,
CUST1441,Amit,Mishra,29-08-2020,Hyderabad,,,,
CUST1442,Karan,Nair,10-03-2022,Visakhapatnam,,,,
CUST1443,Ritu,Patel,12-11-2024,Kolkata,,,,
CUST1444,Rahul,Bose,19-09-2020,Patna,,,,
CUST1445,Sunita,Reddy,13-08-2023,Pune,,,,
CUST1446,Sanjay,Singh,19-12-2020,Chennai,,,,
CUST1447,Meera,Shah,13-11-2021,Patna,,,,
CUST1448,Aditya,Iyer,16-09-2021,Bangalore,,,,
CUST1449,Rohan,Bhat,03-01-2021,Hyderabad,,,,
CUST1450,Rahul,Iyer,15-06-2025,Kolkata,,,,
CUST1451,Priya,Verma,24-04-2022,Bangalore,,,,
CUST1452,Deepa,Chatterjee,11-11-2021,Bangalore,,,,
CUST1453,Rahul,Bose,25-01-2022,Pune,,,,
CUST1454,Karan,Patel,07-09-2020,Bhubaneswar,,,,
CUST1455,Nikhil,Shah,24-10-2021,Kolkata,,,,
CUST1456,Nisha,Joshi,06-01-2022,Mumbai,,,,
CUST1457,Shreya,Mishra,28-09-2022,Mumbai,,,,
CUST1458,Aarav,Verma,03-03-2023,Indore,,,,
CUST1459,Ananya,Rao,24-05-2023,Bangalore,,,,
CUST1460,Amit,Mehta,10-10-2020,Chennai,,,,
CUST1461,Ritu,Bose,11-03-2023,Indore,,,,
CUST1462,Sunita,Mishra,22-03-2025,Chandigarh,,,,
CUST1463,Arjun,Reddy,07-09-2021,Delhi,,,,
CUST1464,Vikram,Bhat,01-10-2023,Bangalore,,,,
CUST1465,Karan,Rao,12-07-2025,Bangalore,,,,
CUST1466,Vikram,Rao,09-10-2021,Visakhapatnam,,,,
CUST1467,Nisha,Shah,01-04-2022,Mumbai,,,,
CUST1468,Ananya,Reddy,20-02-2022,Nagpur,,,,
CUST1469,Ananya,Patel,17-01-2025,Delhi,,,,
CUST1470,Kavya,Joshi,27-06-2025,Mumbai,,,,
CUST1471,Nisha,Iyer,31-08-2022,Delhi,,,,
CUST1472,Karan,Reddy,13-06-2021,Chandigarh,,,,
CUST1473,Amit,Bhat,13-01-2024,Pune,,,,
CUST1474,Nikhil,Iyer,13-06-2021,Noida,,,,
CUST1475,Pooja,Rao,04-04-2024,Bangalore,,,,
CUST1476,Nisha,Shah,01-02-2024,Visakhapatnam,,,,
CUST1477,Pooja,Chatterjee,01-04-2025,Ahmedabad,,,,
CUST1478,Ritu,Bose,26-03-2025,Chennai,,,,
CUST1479,Shreya,Bose,12-08-2021,Bhubaneswar,,,,
CUST1480,Aditya,Kumar,20-06-2021,Lucknow,,,,
CUST1481,Karan,Verma,22-02-2023,Chennai,,,,
CUST1482,Rohan,Bhat,20-07-2024,Pune,,,,
CUST1483,Meera,Verma,26-02-2025,Surat,,,,
CUST1484,Rahul,Bhat,08-01-2023,Noida,,,,
CUST1485,Karan,Shah,28-03-2021,Surat,,,,
CUST1486,Nikhil,Joshi,16-06-2025,Chennai,,,,
CUST1487,Sunita,Bose,30-09-2023,Visakhapatnam,,,,
CUST1488,Vikram,Sharma,05-06-2022,Jaipur,,,,
CUST1489,Ritu,Mishra,03-07-2024,Bhubaneswar,,,,
CUST1490,Nisha,Iyer,08-10-2022,Bangalore,,,,
CUST1491,Vikram,Das,06-08-2023,Chennai,,,,
CUST1492,Kavya,Shah,09-09-2024,Chandigarh,,,,
CUST1493,Pooja,Pillai,08-01-2024,Kolkata,,,,
CUST1494,Pooja,Verma,27-11-2022,Bangalore,,,,
CUST1495,Pooja,Chatterjee,16-06-2024,Chandigarh,,,,
CUST1496,Ritu,Kumar,07-10-2020,Kolkata,,,,
CUST1497,Ananya,Sharma,02-04-2022,Surat,,,,
CUST1498,Nikhil,Joshi,13-11-2024,Ahmedabad,,,,
CUST1499,Shreya,Rao,16-06-2022,Mumbai,,,,
CUST1500,Kavya,Reddy,16-01-2023,Bhubaneswar,,,,
CUST1501,Priya,Pillai,14-05-2024,Mumbai,,,,
CUST1502,Amit,Sharma,22-11-2020,Gurgaon,,,,
CUST1503,Amit,Chatterjee,02-05-2025,Indore,,,,
CUST1504,Nikhil,Patel,03-06-2024,Patna,,,,
CUST1505,Arjun,Bhat,20-02-2022,Bangalore,,,,
CUST1506,Arjun,Pillai,15-06-2023,Surat,,,,
CUST1507,Pooja,Patel,01-02-2025,Pune,,,,
CUST1508,Arjun,Das,24-12-2021,Pune,,,,
CUST1509,Karan,Verma,16-03-2021,Lucknow,,,,
CUST1510,Ananya,Kumar,30-10-2021,Bangalore,,,,
CUST1511,Shreya,Kapoor,28-09-2024,Pune,,,,
CUST1512,Karan,Rao,05-10-2021,Bangalore,,,,
CUST1513,Sunita,Bhat,16-10-2023,Chennai,,,,
CUST1514,Pooja,Chatterjee,24-01-2025,Bangalore,,,,
CUST1515,Meera,Kumar,10-04-2021,Surat,,,,
CUST1516,Pooja,Pillai,01-12-2022,Surat,,,,
CUST1517,Rohan,Mishra,15-04-2025,Mumbai,,,,
CUST1518,Rahul,Patel,22-08-2021,Bangalore,,,,
CUST1519,Meera,Shah,03-11-2020,Ahmedabad,,,,
CUST1520,Rahul,Rao,18-02-2021,Hyderabad,,,,
CUST1521,Shreya,Joshi,09-05-2025,Chennai,,,,
CUST1522,Amit,Singh,20-07-2022,Hyderabad,,,,
CUST1523,Arjun,Gupta,06-07-2021,Mumbai,,,,
CUST1524,Nisha,Gupta,19-12-2021,Delhi,,,,
CUST1525,Sunita,Chatterjee,06-05-2024,Hyderabad,,,,
CUST1526,Ritu,Bose,23-12-2023,Chennai,,,,
CUST1527,Deepa,Bhat,26-01-2025,Chennai,,,,
CUST1528,Priya,Das,08-04-2022,Pune,,,,
CUST1529,Rahul,Sharma,17-06-2024,Bhubaneswar,,,,
CUST1530,Sanjay,Bose,28-01-2021,Hyderabad,,,,
CUST1531,Vikram,Joshi,10-01-2023,Chennai,,,,
CUST1532,Sanjay,Kapoor,22-12-2023,Delhi,,,,
CUST1533,Karan,Verma,11-11-2023,Pune,,,,
CUST1534,Vikram,Kapoor,26-01-2023,Gurgaon,,,,
CUST1535,Vikram,Mehta,27-10-2023,Lucknow,,,,
CUST1536,Sanjay,Mehta,17-08-2022,Visakhapatnam,,,,
CUST1537,Shreya,Singh,07-05-2024,Ahmedabad,,,,
CUST1538,Kavya,Das,04-03-2021,Lucknow,,,,
CUST1539,Kavya,Shah,04-09-2024,Chennai,,,,
CUST1540,Sanjay,Singh,30-03-2022,Kolkata,,,,
CUST1541,Arjun,Kumar,11-01-2022,Kolkata,,,,
CUST1542,Vikram,Patel,23-12-2021,Mumbai,,,,
CUST1543,Vikram,Joshi,19-08-2022,Noida,,,,
CUST1544,Shreya,Bhat,15-06-2024,Hyderabad,,,,
CUST1545,Aarav,Sharma,01-06-2021,Ahmedabad,,,,
CUST1546,Nikhil,Sharma,23-10-2021,Pune,,,,
CUST1547,Rahul,Sharma,25-03-2022,Mumbai,,,,
CUST1548,Karan,Gupta,10-12-2023,Nagpur,,,,
CUST1549,Aarav,Singh,01-10-2022,Pune,,,,
CUST1550,Aarav,Kapoor,02-04-2024,Jaipur,,,,
CUST1551,Rohan,Kapoor,21-08-2022,Bangalore,,,,
CUST1552,Nikhil,Pillai,15-04-2025,Chennai,,,,
CUST1553,Amit,Reddy,05-09-2023,Kolkata,,,,
CUST1554,Ananya,Gupta,17-02-2021,Lucknow,,,,
CUST1555,Aditya,Singh,22-03-2023,Chennai,,,,
CUST1556,Ananya,Mehta,08-02-2025,Hyderabad,,,,
CUST1557,Nikhil,Singh,06-01-2022,Delhi,,,,
CUST1558,Nisha,Sharma,03-08-2025,Kochi,,,,
CUST1559,Pooja,Mishra,27-08-2023,Jaipur,,,,
CUST1560,Nisha,Patel,24-01-2025,Mumbai,,,,
CUST1561,Arjun,Sharma,02-09-2024,Bangalore,,,,
CUST1562,Aarav,Gupta,17-12-2020,Pune,,,,
CUST1563,Aarav,Gupta,12-03-2021,Bhubaneswar,,,,
CUST1564,Karan,Das,06-08-2022,Kolkata,,,,
CUST1565,Amit,Reddy,02-06-2025,Kochi,,,,
CUST1566,Shreya,Kumar,04-12-2020,Kolkata,,,,
CUST1567,Meera,Patel,22-12-2023,Patna,,,,
CUST1568,Meera,Bhat,15-04-2022,Hyderabad,,,,
CUST1569,Vikram,Pillai,28-08-2024,Chennai,,,,
CUST1570,Meera,Singh,27-05-2022,Delhi,,,,
CUST1571,Ananya,Verma,13-01-2021,Ahmedabad,,,,
CUST1572,Pooja,Pillai,02-06-2023,Visakhapatnam,,,,
CUST1573,Vikram,Gupta,18-07-2022,Delhi,,,,
CUST1574,Aarav,Singh,10-09-2022,Mumbai,,,,
CUST1575,Aarav,Joshi,16-01-2021,Pune,,,,
CUST1576,Priya,Kumar,24-03-2022,Delhi,,,,
CUST1577,Pooja,Chatterjee,19-08-2021,Bangalore,,,,
CUST1578,Nikhil,Mishra,06-08-2025,Chandigarh,,,,
CUST1579,Kavya,Joshi,05-09-2021,Chennai,,,,
CUST1580,Arjun,Sharma,27-12-2020,Bangalore,,,,
CUST1581,Nikhil,Chatterjee,28-10-2023,Delhi,,,,
CUST1582,Amit,Kumar,14-09-2022,Mumbai,,,,
CUST1583,Rahul,Shah,15-02-2023,Chennai,,,,
CUST1584,Aarav,Chatterjee,11-05-2021,Visakhapatnam,,,,
CUST1585,Pooja,Bhat,14-03-2023,Mumbai,,,,
CUST1586,Pooja,Nair,12-04-2023,Pune,,,,
CUST1587,Shreya,Bose,06-01-2024,Kolkata,,,,
CUST1588,Rohan,Gupta,23-06-2021,Bangalore,,,,
CUST1589,Nisha,Mehta,29-08-2021,Chennai,,,,
CUST1590,Sunita,Iyer,15-09-2022,Kolkata,,,,
CUST1591,Aditya,Nair,20-06-2021,Mumbai,,,,
CUST1592,Priya,Kumar,29-10-2020,Hyderabad,,,,
CUST1593,Vikram,Gupta,29-07-2025,Mumbai,,,,
CUST1594,Aditya,Iyer,27-03-2021,Chennai,,,,
CUST1595,Karan,Nair,22-01-2021,Kolkata,,,,
CUST1596,Nikhil,Nair,05-10-2023,Kolkata,,,,
CUST1597,Pooja,Das,02-07-2023,Delhi,,,,
CUST1598,Ritu,Shah,16-06-2024,Bangalore,,,,
CUST1599,Kavya,Mishra,18-09-2020,Gurgaon,,,,
CUST1600,Priya,Joshi,24-05-2025,Jaipur,,,,
CUST1601,Shreya,Mehta,31-01-2024,Mumbai,,,,
CUST1602,Sunita,Reddy,10-08-2023,Gurgaon,,,,
CUST1603,Rohan,Shah,09-02-2023,Kolkata,,,,
CUST1604,Priya,Kumar,11-06-2021,Hyderabad,,,,
CUST1605,Amit,Nair,31-07-2021,Kolkata,,,,
CUST1606,Ritu,Iyer,29-01-2022,Visakhapatnam,,,,
CUST1607,Rohan,Nair,27-02-2024,Chennai,,,,
CUST1608,Kavya,Gupta,27-05-2025,Kolkata,,,,
CUST1609,Kavya,Gupta,30-06-2024,Bangalore,,,,
CUST1610,Sunita,Joshi,26-06-2022,Pune,,,,
CUST1611,Aditya,Shah,13-05-2024,Chennai,,,,
CUST1612,Priya,Sharma,22-07-2021,Delhi,,,,
CUST1613,Shreya,Shah,10-10-2021,Chennai,,,,
CUST1614,Rohan,Kumar,29-03-2021,Ahmedabad,,,,
CUST1615,Sunita,Shah,22-05-2023,Hyderabad,,,,
CUST1616,Deepa,Mehta,24-08-2023,Kolkata,,,,
CUST1617,Meera,Nair,15-10-2020,Hyderabad,,,,
CUST1618,Deepa,Chatterjee,04-10-2020,Kolkata,,,,
CUST1619,Vikram,Mehta,23-06-2022,Bangalore,,,,
CUST1620,Ritu,Reddy,06-03-2024,Kochi,,,,
CUST1621,Kavya,Reddy,14-07-2023,Mumbai,,,,
CUST1622,Sanjay,Das,21-02-2022,Bangalore,,,,
CUST1623,Nikhil,Patel,02-07-2023,Chennai,,,,
CUST1624,Rohan,Bhat,23-06-2023,Hyderabad,,,,
CUST1625,Nisha,Rao,05-09-2021,Chandigarh,,,,
CUST1626,Meera,Iyer,04-03-2021,Mumbai,,,,
CUST1627,Nisha,Sharma,14-11-2021,Patna,,,,
CUST1628,Amit,Sharma,17-10-2022,Jaipur,,,,
CUST1629,Deepa,Rao,03-05-2023,Delhi,,,,
CUST1630,Vikram,Verma,17-11-2021,Kolkata,,,,
CUST1631,Shreya,Mishra,06-12-2022,Bhubaneswar,,,,
CUST1632,Amit,Sharma,17-06-2023,Mumbai,,,,
CUST1633,Shreya,Sharma,05-11-2023,Pune,,,,
CUST1634,Kavya,Rao,12-01-2022,Bangalore,,,,
CUST1635,Rahul,Singh,04-02-2024,Jaipur,,,,
CUST1636,Shreya,Bose,15-11-2020,Bangalore,,,,
CUST1637,Shreya,Nair,09-07-2021,Mumbai,,,,
CUST1638,Shreya,Bhat,14-01-2021,Delhi,,,,
CUST1639,Nisha,Chatterjee,30-12-2022,Indore,,,,
CUST1640,Sunita,Iyer,08-10-2021,Chennai,,,,
CUST1641,Nisha,Bose,20-04-2025,Chennai,,,,
CUST1642,Ananya,Mehta,30-10-2022,Gurgaon,,,,
CUST1643,Arjun,Sharma,05-12-2021,Visakhapatnam,,,,
CUST1644,Priya,Singh,30-06-2024,Hyderabad,,,,
CUST1645,Pooja,Chatterjee,09-12-2020,Patna,,,,
CUST1646,Aditya,Pillai,26-12-2023,Bangalore,,,,
CUST1647,Karan,Kapoor,07-02-2024,Delhi,,,,
CUST1648,Ananya,Singh,15-06-2024,Delhi,,,,
CUST1649,Sanjay,Mehta,16-11-2020,Indore,,,,
CUST1650,Vikram,Pillai,05-11-2023,Bangalore,,,,
CUST1651,Karan,Kumar,08-01-2024,Hyderabad,,,,
CUST1652,Sanjay,Bhat,26-05-2023,Lucknow,,,,
CUST1653,Sanjay,Sharma,06-04-2021,Nagpur,,,,
CUST1654,Sanjay,Iyer,03-10-2022,Indore,,,,
CUST1655,Nisha,Singh,19-04-2025,Kolkata,,,,
CUST1656,Ananya,Gupta,23-07-2023,Nagpur,,,,
CUST1657,Karan,Bose,06-11-2020,Delhi,,,,
CUST1658,Kavya,Patel,03-06-2025,Gurgaon,,,,
CUST1659,Deepa,Rao,11-10-2020,Chennai,,,,
CUST1660,Sunita,Rao,25-11-2021,Bangalore,,,,
CUST1661,Nikhil,Singh,09-12-2020,Lucknow,,,,
CUST1662,Amit,Gupta,25-06-2025,Pune,,,,
CUST1663,Sanjay,Joshi,18-01-2022,Pune,,,,
CUST1664,Deepa,Sharma,04-11-2024,Pune,,,,
CUST1665,Vikram,Bose,10-01-2023,Mumbai,,,,
CUST1666,Rahul,Verma,30-04-2024,Kochi,,,,
CUST1667,Nikhil,Kapoor,31-01-2023,Kolkata,,,,
CUST1668,Ananya,Mehta,25-10-2023,Bangalore,,,,
CUST1669,Arjun,Bhat,29-08-2022,Kolkata,,,,
CUST1670,Pooja,Chatterjee,22-09-2021,Bangalore,,,,
CUST1671,Deepa,Patel,08-05-2025,Kochi,,,,
CUST1672,Meera,Joshi,27-06-2024,Lucknow,,,,
CUST1673,Deepa,Rao,03-02-2024,Hyderabad,,,,
CUST1674,Sanjay,Patel,29-01-2021,Delhi,,,,
CUST1675,Sanjay,Kumar,03-05-2023,Chandigarh,,,,
CUST1676,Ananya,Reddy,16-08-2024,Bangalore,,,,
CUST1677,Karan,Bhat,22-02-2022,Mumbai,,,,
CUST1678,Sunita,Singh,01-03-2022,Pune,,,,
CUST1679,Deepa,Kumar,30-05-2024,Chennai,,,,
CUST1680,Priya,Mishra,03-02-2025,Pune,,,,
CUST1681,Amit,Shah,21-06-2023,Delhi,,,,
CUST1682,Meera,Iyer,02-02-2023,Chandigarh,,,,
CUST1683,Rohan,Mehta,07-05-2023,Noida,,,,
CUST1684,Arjun,Sharma,10-06-2024,Mumbai,,,,
CUST1685,Karan,Joshi,05-10-2023,Mumbai,,,,
CUST1686,Ritu,Kapoor,23-07-2022,Chennai,,,,
CUST1687,Aarav,Singh,27-01-2023,Ahmedabad,,,,
CUST1688,Arjun,Patel,14-08-2022,Noida,,,,
CUST1689,Nikhil,Gupta,13-07-2025,Nagpur,,,,
CUST1690,Ritu,Mishra,08-06-2022,Ahmedabad,,,,
CUST1691,Aditya,Rao,17-06-2025,Delhi,,,,
CUST1692,Pooja,Patel,09-09-2022,Hyderabad,,,,
CUST1693,Aditya,Sharma,27-08-2024,Chennai,,,,
CUST1694,Karan,Kumar,13-05-2022,Bangalore,,,,
CUST1695,Rahul,Nair,12-11-2024,Jaipur,,,,
CUST1696,Rahul,Joshi,03-04-2022,Nagpur,,,,
CUST1697,Arjun,Kapoor,28-06-2023,Mumbai,,,,
CUST1698,Ritu,Verma,27-04-2021,Mumbai,,,,
CUST1699,Vikram,Das,21-01-2022,Surat,,,,
CUST1700,Rohan,Nair,15-04-2021,Chennai,,,,
CUST1701,Sanjay,Bose,17-11-2023,Kolkata,,,,
CUST1702,Arjun,Kapoor,24-03-2023,Jaipur,,,,
CUST1703,Shreya,Reddy,11-08-2024,Kochi,,,,
CUST1704,Sunita,Gupta,17-07-2024,Chennai,,,,
CUST1705,Rohan,Shah,22-10-2021,Patna,,,,
CUST1706,Amit,Bose,22-09-2022,Chennai,,,,
CUST1707,Shreya,Bhat,08-09-2022,Kochi,,,,
CUST1708,Arjun,Gupta,13-06-2021,Kolkata,,,,
CUST1709,Sanjay,Chatterjee,08-06-2024,Delhi,,,,
CUST1710,Vikram,Shah,18-05-2022,Kochi,,,,
CUST1711,Nisha,Sharma,08-10-2021,Kochi,,,,
CUST1712,Nikhil,Mehta,20-06-2024,Hyderabad,,,,
CUST1713,Sunita,Iyer,12-09-2021,Surat,,,,
CUST1714,Aarav,Joshi,13-10-2024,Bhubaneswar,,,,
CUST1715,Arjun,Bhat,18-11-2021,Chennai,,,,
CUST1716,Aditya,Iyer,21-09-2022,Bangalore,,,,
CUST1717,Priya,Joshi,05-02-2024,Ahmedabad,,,,
CUST1718,Amit,Singh,09-06-2023,Pune,,,,
CUST1719,Rahul,Pillai,11-11-2022,Chennai,,,,
CUST1720,Rohan,Kapoor,17-02-2022,Kolkata,,,,
CUST1721,Pooja,Singh,12-12-2023,Nagpur,,,,
CUST1722,Nisha,Shah,19-07-2022,Mumbai,,,,
CUST1723,Arjun,Rao,20-12-2020,Ahmedabad,,,,
CUST1724,Shreya,Pillai,07-07-2023,Bangalore,,,,
CUST1725,Arjun,Sharma,27-04-2023,Noida,,,,
CUST1726,Ananya,Reddy,26-01-2023,Mumbai,,,,
CUST1727,Kavya,Mehta,16-05-2025,Hyderabad,,,,
CUST1728,Rahul,Gupta,27-09-2024,Delhi,,,,
CUST1729,Nisha,Pillai,24-03-2021,Hyderabad,,,,
CUST1730,Sanjay,Das,15-06-2022,Delhi,,,,
CUST1731,Meera,Rao,31-10-2022,Delhi,,,,
CUST1732,Aarav,Nair,11-03-2022,Noida,,,,
CUST1733,Karan,Singh,06-02-2021,Chandigarh,,,,
CUST1734,Aarav,Mehta,27-08-2024,Delhi,,,,
CUST1735,Nikhil,Chatterjee,05-12-2022,Pune,,,,
CUST1736,Shreya,Shah,01-10-2021,Bangalore,,,,
CUST1737,Meera,Iyer,15-07-2025,Indore,,,,
CUST1738,Kavya,Iyer,11-03-2025,Bangalore,,,,
CUST1739,Pooja,Patel,22-06-2024,Chennai,,,,
CUST1740,Kavya,Shah,06-07-2024,Noida,,,,
CUST1741,Rahul,Iyer,30-09-2023,Delhi,,,,
CUST1742,Arjun,Iyer,06-07-2021,Chennai,,,,
CUST1743,Rohan,Mehta,28-10-2023,Kolkata,,,,
CUST1744,Rohan,Das,15-10-2024,Pune,,,,
CUST1745,Meera,Kumar,31-07-2025,Delhi,,,,
CUST1746,Rohan,Iyer,02-06-2024,Hyderabad,,,,
CUST1747,Aditya,Shah,25-11-2024,Indore,,,,
CUST1748,Amit,Gupta,16-12-2023,Bangalore,,,,
CUST1749,Vikram,Sharma,30-08-2021,Gurgaon,,,,
CUST1750,Priya,Patel,15-09-2020,Chennai,,,,
CUST1751,Vikram,Nair,26-07-2023,Kolkata,,,,
CUST1752,Sanjay,Kapoor,03-12-2021,Hyderabad,,,,
CUST1753,Karan,Verma,22-05-2024,Surat,,,,
CUST1754,Meera,Chatterjee,23-01-2025,Kolkata,,,,
CUST1755,Amit,Bose,15-07-2024,Kolkata,,,,
CUST1756,Vikram,Shah,17-10-2024,Pune,,,,
CUST1757,Nisha,Reddy,31-12-2023,Chennai,,,,
CUST1758,Nisha,Kapoor,28-10-2020,Delhi,,,,
CUST1759,Shreya,Sharma,22-05-2021,Mumbai,,,,
CUST1760,Vikram,Kumar,13-10-2022,Lucknow,,,,
CUST1761,Nisha,Kapoor,03-02-2024,Hyderabad,,,,
CUST1762,Priya,Singh,30-12-2024,Kolkata,,,,
CUST1763,Amit,Rao,01-11-2021,Pune,,,,
CUST1764,Nisha,Singh,15-05-2022,Nagpur,,,,
CUST1765,Amit,Mishra,16-06-2024,Jaipur,,,,
CUST1766,Ananya,Shah,23-12-2021,Kochi,,,,
CUST1767,Ritu,Singh,14-08-2021,Hyderabad,,,,
CUST1768,Ritu,Mishra,01-11-2022,Visakhapatnam,,,,
CUST1769,Vikram,Joshi,20-11-2023,Bangalore,,,,
CUST1770,Ananya,Kumar,16-04-2024,Patna,,,,
CUST1771,Sanjay,Shah,05-08-2024,Chennai,,,,
CUST1772,Shreya,Das,10-07-2022,Mumbai,,,,
CUST1773,Vikram,Kapoor,22-01-2022,Chandigarh,,,,
CUST1774,Rahul,Singh,18-08-2024,Bangalore,,,,
CUST1775,Aditya,Das,27-10-2022,Chennai,,,,
CUST1776,Arjun,Kumar,01-12-2023,Bhubaneswar,,,,
CUST1777,Rohan,Kapoor,18-08-2025,Kolkata,,,,
CUST1778,Amit,Verma,27-07-2022,Hyderabad,,,,
CUST1779,Karan,Reddy,11-12-2022,Bhubaneswar,,,,
CUST1780,Ananya,Patel,20-08-2023,Kochi,,,,
CUST1781,Aditya,Sharma,20-01-2023,Chennai,,,,
CUST1782,Shreya,Pillai,06-07-2025,Pune,,,,
CUST1783,Amit,Reddy,14-09-2023,Nagpur,,,,
CUST1784,Shreya,Mishra,11-04-2022,Hyderabad,,,,
CUST1785,Deepa,Chatterjee,01-04-2023,Bangalore,,,,
CUST1786,Pooja,Gupta,16-03-2022,Hyderabad,,,,
CUST1787,Arjun,Nair,24-11-2023,Visakhapatnam,,,,
CUST1788,Pooja,Verma,21-03-2025,Hyderabad,,,,
CUST1789,Sunita,Reddy,20-01-2022,Mumbai,,,,
CUST1790,Nikhil,Shah,25-01-2024,Delhi,,,,
CUST1791,Nikhil,Shah,27-01-2022,Chennai,,,,
CUST1792,Rahul,Pillai,25-07-2022,Ahmedabad,,,,
CUST1793,Karan,Kumar,18-12-2023,Pune,,,,
CUST1794,Rahul,Sharma,23-04-2021,Mumbai,,,,
CUST1795,Kavya,Mehta,14-06-2023,Mumbai,,,,
CUST1796,Aarav,Das,30-08-2021,Noida,,,,
CUST1797,Shreya,Mehta,05-05-2022,Lucknow,,,,
CUST1798,Nisha,Reddy,13-05-2022,Ahmedabad,,,,
CUST1799,Amit,Sharma,10-10-2021,Mumbai,,,,
CUST1800,Aditya,Kumar,06-06-2025,Mumbai,,,,
CUST1801,Deepa,Mehta,26-02-2024,Bhubaneswar,,,,
CUST1802,Aditya,Mehta,29-03-2021,Delhi,,,,
CUST1803,Aditya,Chatterjee,23-02-2024,Bangalore,,,,
CUST1804,Karan,Reddy,14-10-2021,Chandigarh,,,,
CUST1805,Arjun,Iyer,20-06-2023,Kolkata,,,,
CUST1806,Deepa,Chatterjee,22-08-2022,Indore,,,,
CUST1807,Rohan,Kapoor,13-04-2021,Delhi,,,,
CUST1808,Vikram,Nair,23-02-2025,Bangalore,,,,
CUST1809,Rahul,Mishra,02-05-2024,Bhubaneswar,,,,
CUST1810,Rohan,Shah,09-02-2024,Hyderabad,,,,
CUST1811,Nikhil,Kapoor,17-04-2025,Chennai,,,,
CUST1812,Meera,Gupta,29-03-2023,Hyderabad,,,,
CUST1813,Nikhil,Kumar,29-07-2025,Pune,,,,
CUST1814,Aditya,Bose,02-03-2022,Bangalore,,,,
CUST1815,Aditya,Shah,11-09-2022,Pune,,,,
CUST1816,Meera,Mehta,07-09-2022,Mumbai,,,,
CUST1817,Priya,Bose,26-03-2021,Mumbai,,,,
CUST1818,Vikram,Chatterjee,01-02-2024,Mumbai,,,,
CUST1819,Kavya,Rao,15-10-2023,Ahmedabad,,,,
CUST1820,Ritu,Rao,14-01-2024,Pune,,,,
CUST1821,Nikhil,Kumar,21-10-2020,Bangalore,,,,
CUST1822,Arjun,Pillai,25-11-2020,Chennai,,,,
CUST1823,Pooja,Chatterjee,17-08-2024,Delhi,,,,
CUST1824,Sunita,Pillai,13-08-2022,Surat,,,,
CUST1825,Sunita,Das,12-01-2024,Kolkata,,,,
CUST1826,Rohan,Nair,11-04-2024,Kochi,,,,
CUST1827,Kavya,Kapoor,24-10-2023,Mumbai,,,,
CUST1828,Aarav,Verma,13-12-2022,Kolkata,,,,
CUST1829,Nisha,Mehta,14-06-2023,Kolkata,,,,
CUST1830,Sunita,Kumar,28-01-2024,Patna,,,,
CUST1831,Ritu,Singh,03-02-2021,Indore,,,,
CUST1832,Amit,Patel,12-10-2024,Hyderabad,,,,
CUST1833,Shreya,Pillai,12-11-2024,Pune,,,,
CUST1834,Aarav,Iyer,12-07-2024,Pune,,,,
CUST1835,Aarav,Mehta,29-01-2024,Surat,,,,
CUST1836,Nisha,Singh,19-08-2022,Delhi,,,,
CUST1837,Vikram,Shah,30-08-2020,Kolkata,,,,
CUST1838,Nikhil,Nair,05-10-2022,Kolkata,,,,
CUST1839,Rohan,Chatterjee,01-11-2023,Mumbai,,,,
CUST1840,Shreya,Mehta,21-03-2022,Bhubaneswar,,,,
CUST1841,Arjun,Bhat,05-07-2024,Kochi,,,,
CUST1842,Aditya,Iyer,01-07-2022,Gurgaon,,,,
CUST1843,Priya,Iyer,23-10-2020,Bhubaneswar,,,,
CUST1844,Nisha,Pillai,04-07-2025,Surat,,,,
CUST1845,Aditya,Mehta,04-11-2021,Bangalore,,,,
CUST1846,Aditya,Rao,26-03-2021,Indore,,,,
CUST1847,Ritu,Reddy,17-10-2022,Hyderabad,,,,
CUST1848,Kavya,Reddy,30-10-2022,Hyderabad,,,,
CUST1849,Aarav,Reddy,07-06-2024,Lucknow,,,,
CUST1850,Priya,Gupta,12-04-2024,Ahmedabad,,,,
CUST1851,Priya,Kumar,28-04-2024,Delhi,,,,
CUST1852,Priya,Bose,07-12-2022,Bangalore,,,,
CUST1853,Arjun,Mishra,15-06-2021,Hyderabad,,,,
CUST1854,Rahul,Reddy,16-03-2021,Bangalore,,,,
CUST1855,Aditya,Kumar,19-08-2023,Pune,,,,
CUST1856,Kavya,Joshi,02-12-2021,Delhi,,,,
CUST1857,Meera,Patel,22-01-2024,Surat,,,,
CUST1858,Ritu,Mehta,27-04-2024,Bangalore,,,,
CUST1859,Aditya,Mehta,25-08-2022,Kolkata,,,,
CUST1860,Aarav,Kapoor,05-11-2022,Pune,,,,
CUST1861,Kavya,Mehta,18-11-2020,Pune,,,,
CUST1862,Ritu,Nair,03-12-2021,Mumbai,,,,
CUST1863,Sanjay,Joshi,04-07-2023,Chandigarh,,,,
CUST1864,Ananya,Shah,27-07-2023,Bhubaneswar,,,,
CUST1865,Deepa,Nair,20-12-2021,Bangalore,,,,
CUST1866,Priya,Verma,05-08-2025,Patna,,,,
CUST1867,Rohan,Kumar,09-07-2021,Chandigarh,,,,
CUST1868,Rahul,Patel,18-09-2023,Hyderabad,,,,
CUST1869,Rahul,Mishra,08-10-2022,Surat,,,,
CUST1870,Aditya,Iyer,29-10-2024,Bhubaneswar,,,,
CUST1871,Kavya,Iyer,26-01-2025,Surat,,,,
CUST1872,Sunita,Bose,04-08-2021,Mumbai,,,,
CUST1873,Arjun,Bose,23-05-2024,Delhi,,,,
CUST1874,Aarav,Rao,11-05-2024,Lucknow,,,,
CUST1875,Rahul,Singh,12-11-2024,Indore,,,,
CUST1876,Meera,Das,03-05-2021,Kochi,,,,
CUST1877,Meera,Mishra,22-10-2021,Delhi,,,,
CUST1878,Kavya,Patel,21-05-2022,Visakhapatnam,,,,
CUST1879,Meera,Reddy,01-09-2023,Visakhapatnam,,,,
CUST1880,Meera,Verma,07-03-2023,Chennai,,,,
CUST1881,Priya,Shah,02-11-2023,Bangalore,,,,
CUST1882,Aarav,Bose,27-07-2023,Chennai,,,,
CUST1883,Kavya,Singh,28-08-2023,Pune,,,,
CUST1884,Meera,Pillai,15-08-2024,Kolkata,,,,
CUST1885,Deepa,Pillai,03-03-2025,Bangalore,,,,
CUST1886,Nisha,Sharma,07-11-2020,Pune,,,,
CUST1887,Vikram,Reddy,17-12-2024,Mumbai,,,,
CUST1888,Nisha,Shah,07-12-2023,Chennai,,,,
CUST1889,Amit,Singh,07-03-2021,Patna,,,,
CUST1890,Arjun,Nair,13-12-2021,Pune,,,,
CUST1891,Deepa,Chatterjee,09-06-2022,Bangalore,,,,
CUST1892,Aditya,Joshi,06-06-2025,Mumbai,,,,
CUST1893,Kavya,Patel,19-02-2024,Noida,,,,
CUST1894,Pooja,Bhat,20-11-2022,Ahmedabad,,,,
CUST1895,Shreya,Mishra,30-05-2021,Gurgaon,,,,
CUST1896,Karan,Kapoor,17-12-2022,Mumbai,,,,
CUST1897,Nisha,Mehta,02-05-2023,Kolkata,,,,
CUST1898,Nikhil,Reddy,12-02-2023,Mumbai,,,,
CUST1899,Nikhil,Joshi,30-07-2025,Indore,,,,
CUST1900,Ananya,Pillai,18-06-2024,Nagpur,,,,
CUST1901,Ritu,Mehta,30-04-2023,Kolkata,,,,
CUST1902,Priya,Das,07-09-2022,Pune,,,,
CUST1903,Karan,Bhat,28-08-2023,Gurgaon,,,,
CUST1904,Amit,Gupta,01-06-2024,Indore,,,,
CUST1905,Amit,Shah,28-05-2025,Hyderabad,,,,
CUST1906,Karan,Iyer,20-08-2022,Pune,,,,
CUST1907,Ananya,Nair,03-02-2022,Jaipur,,,,
CUST1908,Ritu,Rao,24-01-2023,Bangalore,,,,
CUST1909,Kavya,Mishra,25-07-2025,Kolkata,,,,
CUST1910,Sunita,Shah,30-06-2021,Delhi,,,,
CUST1911,Kavya,Kumar,23-06-2023,Mumbai,,,,
CUST1912,Ananya,Pillai,07-04-2025,Bangalore,,,,
CUST1913,Aditya,Shah,04-09-2020,Pune,,,,
CUST1914,Karan,Singh,05-04-2025,Delhi,,,,
CUST1915,Arjun,Gupta,22-07-2024,Kolkata,,,,
CUST1916,Ritu,Chatterjee,01-03-2021,Kochi,,,,
CUST1917,Vikram,Nair,02-03-2021,Nagpur,,,,
CUST1918,Shreya,Mehta,15-07-2023,Pune,,,,
CUST1919,Karan,Pillai,28-05-2024,Hyderabad,,,,
CUST1920,Shreya,Joshi,13-04-2025,Kolkata,,,,
CUST1921,Karan,Reddy,10-05-2024,Hyderabad,,,,
CUST1922,Arjun,Reddy,17-06-2025,Chennai,,,,
CUST1923,Aarav,Kumar,14-10-2021,Kolkata,,,,
CUST1924,Pooja,Bose,19-03-2024,Hyderabad,,,,
CUST1925,Aarav,Sharma,11-01-2023,Delhi,,,,
CUST1926,Aditya,Sharma,01-10-2021,Surat,,,,
CUST1927,Sunita,Nair,08-05-2022,Noida,,,,
CUST1928,Aditya,Mehta,05-07-2023,Kolkata,,,,
CUST1929,Aarav,Bose,02-04-2023,Chennai,,,,
CUST1930,Rahul,Shah,14-09-2022,Chennai,,,,
CUST1931,Nikhil,Pillai,20-06-2024,Delhi,,,,
CUST1932,Priya,Verma,30-12-2022,Kolkata,,,,
CUST1933,Shreya,Shah,26-10-2023,Mumbai,,,,
CUST1934,Vikram,Mehta,10-12-2022,Visakhapatnam,,,,
CUST1935,Shreya,Mehta,03-04-2022,Mumbai,,,,
CUST1936,Kavya,Kapoor,17-02-2021,Hyderabad,,,,
CUST1937,Meera,Kumar,30-12-2023,Hyderabad,,,,
CUST1938,Ananya,Pillai,19-07-2022,Gurgaon,,,,
CUST1939,Amit,Joshi,17-07-2023,Mumbai,,,,
CUST1940,Rahul,Patel,17-05-2024,Chandigarh,,,,
CUST1941,Pooja,Das,26-12-2023,Pune,,,,
CUST1942,Sanjay,Kumar,18-11-2024,Bangalore,,,,
CUST1943,Kavya,Gupta,30-08-2021,Bangalore,,,,
CUST1944,Pooja,Kapoor,30-11-2023,Surat,,,,
CUST1945,Ritu,Iyer,19-02-2022,Pune,,,,
CUST1946,Aarav,Joshi,28-02-2024,Delhi,,,,
CUST1947,Priya,Mishra,10-04-2023,Delhi,,,,
CUST1948,Aarav,Joshi,26-04-2023,Pune,,,,
CUST1949,Deepa,Mishra,14-04-2021,Kolkata,,,,
CUST1950,Aditya,Das,27-12-2022,Delhi,,,,
CUST1951,Arjun,Reddy,07-04-2022,Chandigarh,,,,
CUST1952,Karan,Patel,16-07-2021,Delhi,,,,
CUST1953,Aarav,Nair,26-12-2021,Pune,,,,
CUST1954,Arjun,Kapoor,22-04-2023,Kolkata,,,,
CUST1955,Nikhil,Sharma,14-10-2024,Hyderabad,,,,
CUST1956,Sunita,Gupta,16-01-2025,Pune,,,,
CUST1957,Arjun,Das,20-11-2020,Bangalore,,,,
CUST1958,Rahul,Iyer,26-04-2024,Mumbai,,,,
CUST1959,Deepa,Mishra,17-10-2022,Delhi,,,,
CUST1960,Pooja,Verma,18-07-2025,Pune,,,,
CUST1961,Karan,Rao,19-12-2022,Bangalore,,,,
CUST1962,Nikhil,Iyer,15-05-2023,Hyderabad,,,,
CUST1963,Sanjay,Nair,26-01-2024,Surat,,,,
CUST1964,Nisha,Bhat,21-06-2025,Bangalore,,,,
CUST1965,Sanjay,Gupta,20-03-2023,Hyderabad,,,,
CUST1966,Pooja,Shah,03-03-2023,Hyderabad,,,,
CUST1967,Arjun,Chatterjee,26-07-2022,Gurgaon,,,,
CUST1968,Pooja,Nair,08-02-2025,Hyderabad,,,,
CUST1969,Ritu,Shah,31-12-2022,Kolkata,,,,
CUST1970,Nisha,Bose,28-11-2022,Hyderabad,,,,
CUST1971,Amit,Singh,19-10-2023,Hyderabad,,,,
CUST1972,Meera,Joshi,25-01-2021,Noida,,,,
CUST1973,Kavya,Nair,27-04-2025,Delhi,,,,
CUST1974,Ritu,Patel,31-10-2020,Bangalore,,,,
CUST1975,Rahul,Reddy,11-10-2022,Mumbai,,,,
CUST1976,Priya,Mishra,14-01-2023,Bangalore,,,,
CUST1977,Karan,Mehta,23-09-2020,Surat,,,,
CUST1978,Vikram,Rao,23-06-2023,Chennai,,,,
CUST1979,Ritu,Iyer,14-04-2022,Gurgaon,,,,
CUST1980,Pooja,Nair,19-06-2024,Kochi,,,,
CUST1981,Kavya,Gupta,26-03-2021,Mumbai,,,,
CUST1982,Rahul,Bhat,31-03-2024,Gurgaon,,,,
CUST1983,Nisha,Pillai,28-03-2024,Kolkata,,,,
CUST1984,Karan,Patel,15-09-2023,Kolkata,,,,
CUST1985,Nisha,Mehta,17-05-2025,Bangalore,,,,
CUST1986,Rahul,Nair,21-03-2022,Mumbai,,,,
CUST1987,Sanjay,Kapoor,03-01-2024,Bangalore,,,,
CUST1988,Pooja,Nair,21-04-2025,Kolkata,,,,
CUST1989,Priya,Iyer,19-01-2025,Bangalore,,,,
CUST1990,Arjun,Chatterjee,26-10-2024,Pune,,,,
CUST1991,Ritu,Reddy,08-12-2024,Ahmedabad,,,,
CUST1992,Rahul,Joshi,05-09-2022,Bangalore,,,,
CUST1993,Deepa,Kumar,21-07-2025,Delhi,,,,
CUST1994,Rahul,Mehta,13-04-2022,Hyderabad,,,,
CUST1995,Sanjay,Kumar,07-08-2025,Gurgaon,,,,
CUST1996,Ananya,Chatterjee,08-10-2021,Kolkata,,,,
CUST1997,Karan,Bhat,29-09-2023,Surat,,,,
CUST1998,Arjun,Shah,10-04-2021,Bhubaneswar,,,,
CUST1999,Pooja,Kumar,30-05-2023,Kolkata,,,,
CUST2000,Kavya,Reddy,15-08-2021,Kolkata,,,,
CUST2001,Aditya,Mehta,21-04-2021,Pune,,,,
CUST2002,Sunita,Iyer,30-10-2024,Visakhapatnam,,,,
CUST2003,Rohan,Das,30-06-2025,Chennai,,,,
CUST2004,Ananya,Joshi,29-05-2025,Patna,,,,
CUST2005,Karan,Shah,17-11-2023,Delhi,,,,
CUST2006,Karan,Kapoor,28-06-2025,Hyderabad,,,,
CUST2007,Aarav,Gupta,21-05-2022,Bangalore,,,,
CUST2008,Pooja,Joshi,03-07-2025,Delhi,,,,
CUST2009,Shreya,Mishra,19-12-2023,Chennai,,,,
CUST2010,Nisha,Bhat,26-06-2024,Pune,,,,
CUST2011,Meera,Iyer,30-11-2024,Bangalore,,,,
CUST2012,Rohan,Pillai,22-01-2021,Nagpur,,,,
CUST2013,Aarav,Gupta,07-02-2025,Bangalore,,,,
CUST2014,Meera,Chatterjee,14-04-2025,Mumbai,,,,
CUST2015,Nikhil,Kapoor,12-03-2023,Kochi,,,,
CUST2016,Priya,Bhat,21-12-2023,Bangalore,,,,
CUST2017,Pooja,Bose,30-06-2023,Kolkata,,,,
CUST2018,Deepa,Das,26-10-2023,Chennai,,,,
CUST2019,Nikhil,Verma,25-05-2022,Mumbai,,,,
CUST2020,Sunita,Iyer,21-08-2024,Kochi,,,,
CUST2021,Rahul,Joshi,24-12-2023,Kolkata,,,,
CUST2022,Nisha,Kapoor,17-02-2022,Noida,,,,
CUST2023,Pooja,Mehta,28-06-2025,Chennai,,,,
CUST2024,Sunita,Reddy,15-03-2025,Delhi,,,,
CUST2025,Sunita,Bose,23-07-2024,Delhi,,,,
CUST2026,Priya,Rao,14-10-2024,Pune,,,,
CUST2027,Nikhil,Verma,24-12-2022,Mumbai,,,,
CUST2028,Nikhil,Patel,21-01-2024,Hyderabad,,,,
CUST2029,Shreya,Shah,01-04-2021,Kolkata,,,,
CUST2030,Aditya,Gupta,28-05-2024,Bangalore,,,,
CUST2031,Vikram,Das,22-04-2025,Bhubaneswar,,,,
CUST2032,Rahul,Das,06-04-2023,Mumbai,,,,
CUST2033,Rahul,Sharma,09-10-2024,Kolkata,,,,
CUST2034,Sanjay,Iyer,26-08-2020,Kolkata,,,,
CUST2035,Sunita,Nair,16-04-2024,Hyderabad,,,,
CUST2036,Vikram,Das,22-09-2020,Nagpur,,,,
CUST2037,Karan,Mehta,20-04-2021,Kolkata,,,,
CUST2038,Deepa,Singh,12-09-2021,Chennai,,,,
CUST2039,Ananya,Verma,07-01-2021,Pune,,,,
CUST2040,Rohan,Chatterjee,28-11-2024,Pune,,,,
CUST2041,Ritu,Iyer,19-03-2024,Pune,,,,
CUST2042,Nikhil,Kapoor,03-09-2024,Chandigarh,,,,
CUST2043,Priya,Nair,02-12-2021,Chennai,,,,
CUST2044,Pooja,Singh,20-01-2023,Delhi,,,,
CUST2045,Rohan,Mishra,02-08-2025,Kochi,,,,
CUST2046,Amit,Sharma,09-11-2022,Jaipur,,,,
CUST2047,Sunita,Shah,04-05-2023,Kolkata,,,,
CUST2048,Ananya,Singh,15-06-2025,Kolkata,,,,
CUST2049,Rohan,Bhat,07-01-2025,Chennai,,,,
CUST2050,Kavya,Chatterjee,13-01-2024,Kolkata,,,,
CUST2051,Arjun,Verma,17-02-2022,Delhi,,,,
CUST2052,Sunita,Shah,04-10-2020,Delhi,,,,
CUST2053,Sunita,Gupta,24-12-2023,Hyderabad,,,,
CUST2054,Sanjay,Iyer,26-03-2022,Jaipur,,,,
CUST2055,Pooja,Gupta,24-09-2024,Ahmedabad,,,,
CUST2056,Meera,Nair,04-10-2022,Hyderabad,,,,
CUST2057,Meera,Verma,05-04-2023,Hyderabad,,,,
CUST2058,Priya,Mishra,18-09-2023,Gurgaon,,,,
CUST2059,Rahul,Patel,11-06-2021,Kolkata,,,,
CUST2060,Rohan,Iyer,05-05-2023,Bangalore,,,,
CUST2061,Nikhil,Mehta,13-08-2023,Kolkata,,,,
CUST2062,Pooja,Chatterjee,21-02-2021,Pune,,,,
CUST2063,Ananya,Kapoor,06-12-2022,Chennai,,,,
CUST2064,Sunita,Bose,16-08-2025,Ahmedabad,,,,
CUST2065,Rahul,Sharma,19-06-2024,Surat,,,,
CUST2066,Karan,Chatterjee,09-09-2022,Chennai,,,,
CUST2067,Kavya,Joshi,28-06-2024,Delhi,,,,
CUST2068,Ritu,Kapoor,13-11-2024,Bangalore,,,,
CUST2069,Aditya,Gupta,28-05-2024,Pune,,,,
CUST2070,Vikram,Verma,19-06-2021,Kolkata,,,,
CUST2071,Deepa,Bose,27-09-2022,Kolkata,,,,
CUST2072,Vikram,Reddy,23-09-2023,Ahmedabad,,,,
CUST2073,Priya,Das,05-04-2023,Mumbai,,,,
CUST2074,Arjun,Rao,06-02-2025,Chennai,,,,
CUST2075,Rahul,Kapoor,13-01-2023,Chandigarh,,,,
CUST2076,Ritu,Kumar,12-08-2021,Indore,,,,
CUST2077,Nikhil,Kumar,16-01-2024,Kolkata,,,,
CUST2078,Vikram,Singh,29-03-2024,Chennai,,,,
CUST2079,Shreya,Gupta,10-11-2023,Hyderabad,,,,
CUST2080,Sunita,Bose,13-07-2022,Hyderabad,,,,
CUST2081,Rohan,Verma,20-08-2023,Nagpur,,,,
CUST2082,Ritu,Mehta,28-05-2021,Patna,,,,
CUST2083,Arjun,Gupta,08-09-2021,Delhi,,,,
CUST2084,Ritu,Bose,23-04-2025,Hyderabad,,,,
CUST2085,Kavya,Verma,22-09-2021,Pune,,,,
CUST2086,Vikram,Bose,02-02-2021,Pune,,,,
CUST2087,Sunita,Bose,05-08-2023,Mumbai,,,,
CUST2088,Rahul,Mishra,22-03-2024,Delhi,,,,
CUST2089,Kavya,Pillai,07-10-2022,Pune,,,,
CUST2090,Deepa,Bose,26-09-2023,Delhi,,,,
CUST2091,Shreya,Shah,16-09-2020,Mumbai,,,,
CUST2092,Kavya,Iyer,12-03-2021,Kolkata,,,,
CUST2093,Ananya,Bhat,18-08-2021,Mumbai,,,,
CUST2094,Aarav,Nair,04-08-2022,Chandigarh,,,,
CUST2095,Karan,Mehta,31-08-2021,Chandigarh,,,,
CUST2096,Arjun,Pillai,22-06-2024,Hyderabad,,,,
CUST2097,Priya,Mishra,01-02-2021,Mumbai,,,,
CUST2098,Ritu,Bose,24-11-2020,Bangalore,,,,
CUST2099,Deepa,Rao,20-08-2021,Mumbai,,,,
CUST2100,Sunita,Reddy,03-04-2023,Hyderabad,,,,
CUST2101,Rohan,Das,07-02-2023,Delhi,,,,
CUST2102,Nisha,Verma,23-09-2021,Delhi,,,,
CUST2103,Arjun,Kumar,07-01-2025,Chennai,,,,
CUST2104,Ananya,Kapoor,03-03-2023,Delhi,,,,
CUST2105,Nikhil,Pillai,03-01-2024,Lucknow,,,,
CUST2106,Aditya,Shah,20-11-2024,Mumbai,,,,
CUST2107,Nikhil,Rao,02-11-2021,Ahmedabad,,,,
CUST2108,Sunita,Shah,20-07-2025,Kolkata,,,,
CUST2109,Vikram,Nair,18-01-2023,Chandigarh,,,,
CUST2110,Deepa,Singh,17-12-2022,Nagpur,,,,
CUST2111,Vikram,Bhat,22-05-2023,Chennai,,,,
CUST2112,Arjun,Bhat,01-06-2024,Visakhapatnam,,,,
CUST2113,Amit,Verma,29-06-2023,Ahmedabad,,,,
CUST2114,Sunita,Kapoor,05-05-2024,Noida,,,,
CUST2115,Sunita,Patel,01-11-2023,Ahmedabad,,,,
CUST2116,Vikram,Iyer,31-03-2022,Mumbai,,,,
CUST2117,Sunita,Kumar,25-04-2025,Mumbai,,,,
CUST2118,Rohan,Joshi,14-05-2024,Hyderabad,,,,
CUST2119,Arjun,Das,14-03-2024,Chennai,,,,
CUST2120,Aarav,Singh,14-11-2023,Pune,,,,
CUST2121,Kavya,Kumar,24-11-2024,Chennai,,,,
CUST2122,Nisha,Kumar,27-06-2021,Bangalore,,,,
CUST2123,Priya,Gupta,14-07-2025,Pune,,,,
CUST2124,Vikram,Chatterjee,14-04-2023,Hyderabad,,,,
CUST2125,Arjun,Verma,15-07-2023,Hyderabad,,,,
CUST2126,Priya,Mehta,20-05-2024,Hyderabad,,,,
CUST2127,Meera,Shah,25-11-2021,Chennai,,,,
CUST2128,Priya,Verma,09-08-2023,Hyderabad,,,,
CUST2129,Nisha,Sharma,28-12-2024,Visakhapatnam,,,,
CUST2130,Aarav,Iyer,20-08-2022,Bhubaneswar,,,,
CUST2131,Aarav,Patel,03-05-2023,Delhi,,,,
CUST2132,Nikhil,Verma,16-10-2024,Bhubaneswar,,,,
CUST2133,Meera,Nair,23-08-2025,Bangalore,,,,
CUST2134,Rahul,Verma,28-09-2023,Pune,,,,
CUST2135,Shreya,Bose,19-10-2024,Lucknow,,,,
CUST2136,Arjun,Singh,27-01-2025,Surat,,,,
CUST2137,Priya,Patel,03-10-2021,Patna,,,,
CUST2138,Ritu,Nair,06-03-2025,Patna,,,,
CUST2139,Shreya,Singh,12-01-2021,Chandigarh,,,,
CUST2140,Sunita,Pillai,21-02-2021,Mumbai,,,,
CUST2141,Kavya,Kapoor,22-07-2023,Bhubaneswar,,,,
CUST2142,Pooja,Mishra,08-12-2020,Pune,,,,
CUST2143,Vikram,Kumar,15-03-2021,Mumbai,,,,
CUST2144,Rahul,Chatterjee,15-03-2023,Mumbai,,,,
CUST2145,Priya,Iyer,08-01-2023,Kolkata,,,,
CUST2146,Kavya,Das,10-02-2022,Ahmedabad,,,,
CUST2147,Priya,Shah,01-03-2021,Nagpur,,,,
CUST2148,Deepa,Bhat,24-03-2021,Lucknow,,,,
CUST2149,Meera,Patel,13-04-2023,Kolkata,,,,
CUST2150,Sanjay,Gupta,28-08-2022,Nagpur,,,,
CUST2151,Sanjay,Bhat,02-08-2024,Visakhapatnam,,,,
CUST2152,Sunita,Singh,17-12-2024,Ahmedabad,,,,
CUST2153,Amit,Mehta,09-08-2022,Ahmedabad,,,,
CUST2154,Deepa,Gupta,11-04-2024,Chandigarh,,,,
CUST2155,Kavya,Singh,08-02-2022,Pune,,,,
CUST2156,Rahul,Gupta,17-12-2022,Delhi,,,,
CUST2157,Nisha,Nair,15-03-2021,Hyderabad,,,,
CUST2158,Aarav,Kapoor,03-10-2022,Visakhapatnam,,,,
CUST2159,Priya,Rao,19-06-2024,Pune,,,,
CUST2160,Nisha,Kapoor,25-09-2024,Hyderabad,,,,
CUST2161,Sanjay,Kumar,07-07-2021,Bhubaneswar,,,,
CUST2162,Karan,Singh,08-01-2024,Hyderabad,,,,
CUST2163,Meera,Das,19-05-2023,Patna,,,,
CUST2164,Aditya,Pillai,04-05-2025,Hyderabad,,,,
CUST2165,Ritu,Kumar,13-09-2020,Kolkata,,,,
CUST2166,Aarav,Singh,17-12-2020,Visakhapatnam,,,,
CUST2167,Shreya,Mishra,22-07-2022,Bangalore,,,,
CUST2168,Rahul,Shah,19-05-2022,Nagpur,,,,
CUST2169,Meera,Sharma,12-06-2021,Ahmedabad,,,,
CUST2170,Priya,Singh,24-06-2023,Delhi,,,,
CUST2171,Shreya,Singh,08-04-2024,Delhi,,,,
CUST2172,Nikhil,Chatterjee,07-12-2023,Noida,,,,
CUST2173,Rohan,Bose,20-11-2021,Kochi,,,,
CUST2174,Ananya,Kapoor,20-07-2021,Indore,,,,
CUST2175,Sanjay,Rao,30-08-2024,Delhi,,,,
CUST2176,Aarav,Pillai,11-06-2025,Chandigarh,,,,
CUST2177,Vikram,Patel,08-08-2023,Bangalore,,,,
CUST2178,Meera,Das,07-02-2024,Lucknow,,,,
CUST2179,Kavya,Shah,17-07-2021,Bhubaneswar,,,,
CUST2180,Rohan,Gupta,20-08-2023,Bangalore,,,,
CUST2181,Nisha,Kumar,27-11-2024,Delhi,,,,
CUST2182,Kavya,Chatterjee,29-06-2022,Kochi,,,,
CUST2183,Sanjay,Joshi,28-12-2023,Pune,,,,
CUST2184,Arjun,Sharma,30-03-2024,Pune,,,,
CUST2185,Aarav,Mehta,29-03-2025,Noida,,,,
CUST2186,Ritu,Rao,06-06-2024,Bangalore,,,,
CUST2187,Nisha,Kapoor,18-08-2023,Chennai,,,,
CUST2188,Arjun,Mehta,12-04-2022,Kolkata,,,,
CUST2189,Aarav,Pillai,09-10-2020,Hyderabad,,,,
CUST2190,Priya,Chatterjee,28-10-2022,Mumbai,,,,
CUST2191,Pooja,Kumar,24-06-2025,Mumbai,,,,
CUST2192,Sanjay,Joshi,06-08-2022,Hyderabad,,,,
CUST2193,Kavya,Pillai,30-10-2023,Kolkata,,,,
CUST2194,Ritu,Reddy,09-02-2022,Gurgaon,,,,
CUST2195,Ritu,Bose,24-04-2024,Lucknow,,,,
CUST2196,Shreya,Gupta,25-09-2024,Kolkata,,,,
CUST2197,Sunita,Bhat,07-03-2023,Lucknow,,,,
CUST2198,Nisha,Mehta,11-02-2022,Hyderabad,,,,
CUST2199,Deepa,Patel,02-04-2021,Noida,,,,
CUST2200,Nisha,Verma,17-07-2024,Kolkata,,,,
CUST2201,Shreya,Shah,05-08-2025,Mumbai,,,,
CUST2202,Arjun,Shah,30-11-2021,Surat,,,,
CUST2203,Pooja,Chatterjee,07-05-2025,Ahmedabad,,,,
CUST2204,Sanjay,Bose,13-01-2023,Pune,,,,
CUST2205,Nikhil,Chatterjee,19-06-2023,Gurgaon,,,,
CUST2206,Pooja,Iyer,30-12-2024,Hyderabad,,,,
CUST2207,Deepa,Das,16-11-2021,Visakhapatnam,,,,
CUST2208,Rahul,Pillai,26-07-2025,Delhi,,,,
CUST2209,Arjun,Verma,13-10-2021,Kolkata,,,,
CUST2210,Nisha,Mishra,06-08-2022,Visakhapatnam,,,,
CUST2211,Rahul,Bhat,26-08-2021,Chennai,,,,
CUST2212,Aditya,Mishra,24-01-2024,Pune,,,,
CUST2213,Deepa,Singh,11-05-2025,Kolkata,,,,
CUST2214,Kavya,Joshi,26-06-2021,Delhi,,,,
CUST2215,Shreya,Verma,04-09-2021,Bangalore,,,,
CUST2216,Meera,Joshi,22-10-2024,Gurgaon,,,,
CUST2217,Pooja,Das,22-03-2023,Kochi,,,,
CUST2218,Pooja,Pillai,18-07-2021,Pune,,,,
CUST2219,Rahul,Shah,31-12-2022,Gurgaon,,,,
CUST2220,Aditya,Bhat,12-04-2024,Chennai,,,,
CUST2221,Amit,Iyer,23-04-2022,Chennai,,,,
CUST2222,Deepa,Reddy,02-10-2020,Kochi,,,,
CUST2223,Karan,Patel,20-07-2023,Pune,,,,
CUST2224,Kavya,Kapoor,04-12-2020,Mumbai,,,,
CUST2225,Ritu,Mehta,22-08-2023,Lucknow,,,,
CUST2226,Vikram,Mishra,15-09-2022,Visakhapatnam,,,,
CUST2227,Ritu,Gupta,17-01-2021,Pune,,,,
CUST2228,Meera,Bhat,17-10-2024,Kochi,,,,
CUST2229,Arjun,Das,24-06-2023,Chennai,,,,
CUST2230,Karan,Bose,05-07-2023,Mumbai,,,,
CUST2231,Pooja,Mishra,27-04-2024,Visakhapatnam,,,,
CUST2232,Sunita,Joshi,03-12-2024,Pune,,,,
CUST2233,Aditya,Bose,21-06-2023,Hyderabad,,,,
CUST2234,Nikhil,Mehta,07-03-2025,Chandigarh,,,,
CUST2235,Rohan,Das,30-01-2023,Delhi,,,,
CUST2236,Amit,Das,08-06-2023,Bangalore,,,,
CUST2237,Sanjay,Iyer,03-02-2023,Ahmedabad,,,,
CUST2238,Shreya,Kumar,30-10-2022,Kolkata,,,,
CUST2239,Amit,Reddy,21-09-2024,Bhubaneswar,,,,
CUST2240,Shreya,Kumar,17-06-2023,Kolkata,,,,
CUST2241,Nikhil,Nair,13-02-2023,Bangalore,,,,
CUST2242,Pooja,Sharma,28-02-2024,Nagpur,,,,
CUST2243,Deepa,Joshi,11-11-2023,Mumbai,,,,
CUST2244,Ananya,Sharma,22-07-2023,Kochi,,,,
CUST2245,Amit,Verma,09-05-2024,Pune,,,,
CUST2246,Nisha,Singh,12-11-2023,Chennai,,,,
CUST2247,Ritu,Das,16-11-2020,Kolkata,,,,
CUST2248,Rohan,Kapoor,27-08-2023,Mumbai,,,,
CUST2249,Sunita,Nair,14-08-2021,Hyderabad,,,,
CUST2250,Shreya,Das,06-04-2023,Bangalore,,,,
CUST2251,Sanjay,Das,04-11-2022,Kolkata,,,,
CUST2252,Rahul,Bose,01-04-2024,Hyderabad,,,,
CUST2253,Amit,Rao,25-05-2024,Pune,,,,
CUST2254,Kavya,Joshi,15-09-2021,Hyderabad,,,,
CUST2255,Nisha,Patel,15-06-2021,Kochi,,,,
CUST2256,Ananya,Iyer,11-08-2024,Noida,,,,
CUST2257,Nikhil,Pillai,22-02-2021,Jaipur,,,,
CUST2258,Rohan,Joshi,14-06-2021,Mumbai,,,,
CUST2259,Kavya,Mehta,26-11-2020,Delhi,,,,
CUST2260,Vikram,Joshi,17-11-2024,Ahmedabad,,,,
CUST2261,Meera,Chatterjee,30-11-2023,Bangalore,,,,
CUST2262,Kavya,Patel,06-01-2021,Mumbai,,,,
CUST2263,Priya,Bose,02-11-2021,Ahmedabad,,,,
CUST2264,Amit,Sharma,28-05-2021,Chennai,,,,
CUST2265,Rohan,Verma,16-03-2023,Mumbai,,,,
CUST2266,Amit,Reddy,06-12-2024,Chennai,,,,
CUST2267,Rahul,Gupta,02-11-2024,Pune,,,,
CUST2268,Vikram,Chatterjee,03-09-2020,Mumbai,,,,
CUST2269,Vikram,Verma,10-11-2024,Mumbai,,,,
CUST2270,Sanjay,Rao,11-08-2022,Pune,,,,
CUST2271,Deepa,Reddy,09-08-2021,Kochi,,,,
CUST2272,Priya,Reddy,09-04-2024,Pune,,,,
CUST2273,Nikhil,Kapoor,13-09-2022,Patna,,,,
CUST2274,Nisha,Kumar,10-12-2024,Pune,,,,
CUST2275,Ritu,Nair,09-02-2021,Mumbai,,,,
CUST2276,Meera,Rao,02-07-2025,Bangalore,,,,
CUST2277,Kavya,Joshi,02-04-2022,Surat,,,,
CUST2278,Shreya,Patel,05-01-2021,Bhubaneswar,,,,
CUST2279,Sunita,Kapoor,01-06-2024,Hyderabad,,,,
CUST2280,Pooja,Mishra,31-07-2025,Nagpur,,,,
CUST2281,Ananya,Bhat,26-01-2021,Jaipur,,,,
CUST2282,Meera,Rao,26-09-2023,Chandigarh,,,,
CUST2283,Priya,Mehta,06-07-2025,Delhi,,,,
CUST2284,Sunita,Patel,24-03-2025,Chennai,,,,
CUST2285,Amit,Rao,01-10-2024,Mumbai,,,,
CUST2286,Priya,Iyer,22-04-2025,Chennai,,,,
CUST2287,Nikhil,Patel,19-12-2020,Hyderabad,,,,
CUST2288,Nikhil,Gupta,29-10-2020,Chennai,,,,
CUST2289,Pooja,Mehta,01-01-2023,Hyderabad,,,,
CUST2290,Pooja,Kapoor,24-10-2024,Chennai,,,,
CUST2291,Vikram,Patel,11-01-2025,Kolkata,,,,
CUST2292,Sanjay,Singh,04-01-2024,Delhi,,,,
CUST2293,Arjun,Gupta,10-01-2023,Lucknow,,,,
CUST2294,Nisha,Bose,06-12-2021,Patna,,,,
CUST2295,Meera,Mishra,03-08-2024,Pune,,,,
CUST2296,Ananya,Bose,02-09-2021,Indore,,,,
CUST2297,Ritu,Rao,15-01-2025,Bhubaneswar,,,,
CUST2298,Aarav,Singh,23-10-2021,Bangalore,,,,
CUST2299,Ritu,Chatterjee,28-03-2024,Hyderabad,,,,
CUST2300,Sunita,Singh,17-05-2021,Pune,,,,
CUST2301,Rohan,Rao,05-04-2023,Visakhapatnam,,,,
CUST2302,Amit,Verma,08-12-2024,Pune,,,,
CUST2303,Rahul,Kumar,06-04-2021,Chandigarh,,,,
CUST2304,Ananya,Shah,07-08-2022,Kochi,,,,
CUST2305,Ananya,Kapoor,10-06-2025,Mumbai,,,,
CUST2306,Ritu,Bhat,10-02-2025,Jaipur,,,,
CUST2307,Meera,Verma,01-11-2021,Kolkata,,,,
CUST2308,Nikhil,Verma,01-11-2021,Bangalore,,,,
CUST2309,Sanjay,Verma,05-01-2024,Mumbai,,,,
CUST2310,Amit,Iyer,20-07-2021,Bangalore,,,,
CUST2311,Karan,Pillai,15-04-2025,Bhubaneswar,,,,
CUST2312,Amit,Mehta,20-06-2025,Patna,,,,
CUST2313,Meera,Mishra,24-09-2022,Chennai,,,,
CUST2314,Rohan,Bose,03-07-2022,Nagpur,,,,
CUST2315,Sanjay,Mehta,30-08-2022,Mumbai,,,,
CUST2316,Rahul,Gupta,27-04-2022,Nagpur,,,,
CUST2317,Amit,Mishra,25-03-2021,Lucknow,,,,
CUST2318,Ananya,Bhat,20-05-2025,Hyderabad,,,,
CUST2319,Aarav,Mehta,13-01-2025,Pune,,,,
CUST2320,Arjun,Nair,29-07-2023,Mumbai,,,,
CUST2321,Vikram,Sharma,26-07-2024,Pune,,,,
CUST2322,Ananya,Gupta,11-09-2021,Lucknow,,,,
CUST2323,Sunita,Joshi,18-02-2024,Bangalore,,,,
CUST2324,Karan,Chatterjee,11-10-2022,Hyderabad,,,,
CUST2325,Sunita,Das,08-04-2024,Jaipur,,,,
CUST2326,Nisha,Rao,29-01-2023,Nagpur,,,,
CUST2327,Sunita,Das,07-04-2024,Gurgaon,,,,
CUST2328,Vikram,Mehta,16-02-2023,Pune,,,,
CUST2329,Kavya,Gupta,22-10-2022,Mumbai,,,,
CUST2330,Nisha,Nair,15-02-2023,Bangalore,,,,
CUST2331,Amit,Bose,31-10-2022,Nagpur,,,,
CUST2332,Aditya,Patel,27-12-2023,Chennai,,,,
CUST2333,Nisha,Iyer,20-04-2025,Pune,,,,
CUST2334,Aditya,Bose,04-09-2023,Noida,,,,
CUST2335,Aditya,Das,26-11-2022,Ahmedabad,,,,
CUST2336,Ananya,Kapoor,01-06-2021,Visakhapatnam,,,,
CUST2337,Pooja,Chatterjee,18-05-2023,Surat,,,,
CUST2338,Aarav,Pillai,16-04-2022,Hyderabad,,,,
CUST2339,Aditya,Bose,06-01-2023,Kolkata,,,,
CUST2340,Karan,Kumar,09-05-2021,Kolkata,,,,
CUST2341,Kavya,Das,07-10-2022,Kolkata,,,,
CUST2342,Deepa,Nair,04-04-2022,Kochi,,,,
CUST2343,Sanjay,Gupta,09-02-2022,Delhi,,,,
CUST2344,Karan,Joshi,30-05-2023,Delhi,,,,
CUST2345,Priya,Rao,22-04-2023,Kolkata,,,,
CUST2346,Deepa,Mehta,03-03-2022,Mumbai,,,,
CUST2347,Priya,Bhat,26-10-2022,Ahmedabad,,,,
CUST2348,Sunita,Das,26-12-2024,Bangalore,,,,
CUST2349,Vikram,Iyer,01-07-2021,Chennai,,,,
CUST2350,Aarav,Reddy,12-05-2023,Gurgaon,,,,
CUST2351,Nikhil,Nair,07-04-2024,Bhubaneswar,,,,
CUST2352,Shreya,Sharma,10-03-2024,Bangalore,,,,
CUST2353,Ritu,Mishra,27-09-2023,Jaipur,,,,
CUST2354,Rohan,Sharma,11-09-2024,Pune,,,,
CUST2355,Sanjay,Verma,02-09-2024,Bangalore,,,,
CUST2356,Rohan,Mehta,03-11-2024,Bhubaneswar,,,,
CUST2357,Meera,Chatterjee,22-05-2024,Chennai,,,,
CUST2358,Aditya,Chatterjee,06-11-2021,Chennai,,,,
CUST2359,Nisha,Gupta,16-01-2025,Hyderabad,,,,
CUST2360,Arjun,Singh,24-05-2021,Mumbai,,,,
CUST2361,Karan,Kumar,27-02-2021,Pune,,,,
CUST2362,Vikram,Mishra,14-12-2020,Pune,,,,
CUST2363,Deepa,Rao,16-04-2024,Delhi,,,,
CUST2364,Nisha,Kapoor,08-01-2023,Ahmedabad,,,,
CUST2365,Amit,Kapoor,17-05-2022,Mumbai,,,,
CUST2366,Nisha,Das,27-10-2020,Hyderabad,,,,
CUST2367,Vikram,Mehta,29-10-2020,Kolkata,,,,
CUST2368,Ritu,Joshi,16-04-2022,Pune,,,,
CUST2369,Sunita,Kumar,15-07-2021,Bangalore,,,,
CUST2370,Pooja,Kapoor,22-10-2024,Chennai,,,,
CUST2371,Ananya,Mishra,24-02-2021,Bhubaneswar,,,,
CUST2372,Sunita,Patel,05-07-2024,Nagpur,,,,
CUST2373,Karan,Reddy,01-06-2022,Delhi,,,,
CUST2374,Ananya,Mehta,03-11-2023,Surat,,,,
CUST2375,Sanjay,Das,13-06-2024,Chennai,,,,
CUST2376,Amit,Reddy,31-05-2022,Mumbai,,,,
CUST2377,Sanjay,Patel,18-06-2022,Bangalore,,,,
CUST2378,Shreya,Mehta,15-10-2023,Bhubaneswar,,,,
CUST2379,Rohan,Iyer,21-07-2021,Pune,,,,
CUST2380,Kavya,Joshi,18-12-2020,Chennai,,,,
CUST2381,Pooja,Verma,04-10-2022,Surat,,,,
CUST2382,Priya,Verma,08-02-2022,Pune,,,,
CUST2383,Ritu,Das,09-12-2021,Bhubaneswar,,,,
CUST2384,Meera,Chatterjee,16-08-2024,Pune,,,,
CUST2385,Amit,Pillai,16-11-2022,Chennai,,,,
CUST2386,Arjun,Bose,18-10-2024,Gurgaon,,,,
CUST2387,Nikhil,Verma,04-08-2023,Chandigarh,,,,
CUST2388,Ananya,Bhat,25-09-2022,Chennai,,,,
CUST2389,Meera,Shah,19-03-2025,Bangalore,,,,
CUST2390,Priya,Chatterjee,18-07-2025,Pune,,,,
CUST2391,Karan,Sharma,23-05-2025,Nagpur,,,,
CUST2392,Nikhil,Rao,05-07-2023,Chennai,,,,
CUST2393,Priya,Kapoor,13-03-2023,Bhubaneswar,,,,
CUST2394,Sunita,Kumar,10-02-2025,Pune,,,,
CUST2395,Amit,Verma,05-04-2023,Nagpur,,,,
CUST2396,Meera,Mishra,12-04-2025,Pune,,,,
CUST2397,Karan,Nair,13-11-2022,Chennai,,,,
CUST2398,Aditya,Kumar,04-03-2021,Mumbai,,,,
CUST2399,Nikhil,Verma,24-06-2021,Patna,,,,
CUST2400,Nikhil,Kumar,28-11-2020,Pune,,,,
CUST2401,Shreya,Mehta,23-05-2022,Ahmedabad,,,,
CUST2402,Sunita,Reddy,02-11-2022,Indore,,,,
CUST2403,Arjun,Mishra,15-04-2021,Noida,,,,
CUST2404,Pooja,Mehta,05-07-2025,Hyderabad,,,,
CUST2405,Sunita,Mishra,14-04-2022,Bangalore,,,,
CUST2406,Ritu,Shah,13-05-2022,Delhi,,,,
CUST2407,Arjun,Chatterjee,30-05-2024,Pune,,,,
CUST2408,Nisha,Mishra,27-06-2024,Kolkata,,,,
CUST2409,Karan,Bhat,29-10-2021,Kochi,,,,
CUST2410,Ananya,Singh,05-11-2024,Pune,,,,
CUST2411,Kavya,Bhat,20-01-2022,Hyderabad,,,,
CUST2412,Kavya,Gupta,27-01-2025,Kolkata,,,,
CUST2413,Amit,Chatterjee,01-08-2025,Mumbai,,,,
CUST2414,Rohan,Iyer,01-02-2021,Bhubaneswar,,,,
CUST2415,Sanjay,Nair,23-01-2022,Chandigarh,,,,
CUST2416,Deepa,Nair,25-10-2023,Bhubaneswar,,,,
CUST2417,Rohan,Sharma,07-08-2022,Patna,,,,
CUST2418,Nisha,Bose,21-07-2025,Noida,,,,
CUST2419,Priya,Gupta,02-06-2025,Ahmedabad,,,,
CUST2420,Arjun,Gupta,25-01-2021,Pune,,,,
CUST2421,Deepa,Mehta,28-02-2025,Pune,,,,
CUST2422,Nikhil,Verma,01-03-2023,Visakhapatnam,,,,
CUST2423,Ananya,Bhat,23-11-2020,Chandigarh,,,,
CUST2424,Sanjay,Bhat,09-05-2025,Chandigarh,,,,
CUST2425,Ritu,Verma,19-10-2024,Chandigarh,,,,
CUST2426,Sanjay,Verma,10-03-2025,Hyderabad,,,,
CUST2427,Sanjay,Nair,07-05-2022,Delhi,,,,
CUST2428,Sanjay,Joshi,05-12-2020,Chennai,,,,
CUST2429,Rahul,Pillai,06-03-2024,Chennai,,,,
CUST2430,Sunita,Verma,03-06-2023,Mumbai,,,,
CUST2431,Aarav,Bhat,31-01-2025,Chennai,,,,
CUST2432,Sanjay,Pillai,31-08-2023,Mumbai,,,,
CUST2433,Deepa,Das,01-04-2024,Nagpur,,,,
CUST2434,Arjun,Verma,10-11-2023,Kochi,,,,
CUST2435,Sunita,Patel,02-09-2023,Pune,,,,
CUST2436,Priya,Shah,18-08-2022,Hyderabad,,,,
CUST2437,Priya,Verma,23-03-2021,Bangalore,,,,
CUST2438,Amit,Rao,21-06-2021,Mumbai,,,,
CUST2439,Nikhil,Nair,28-02-2025,Mumbai,,,,
CUST2440,Nikhil,Singh,03-12-2021,Noida,,,,
CUST2441,Shreya,Mehta,26-12-2021,Chennai,,,,
CUST2442,Aarav,Kumar,01-04-2024,Delhi,,,,
CUST2443,Nikhil,Kapoor,12-03-2024,Kochi,,,,
CUST2444,Shreya,Reddy,14-12-2021,Mumbai,,,,
CUST2445,Sanjay,Chatterjee,21-01-2022,Visakhapatnam,,,,
CUST2446,Priya,Nair,03-06-2022,Kolkata,,,,
CUST2447,Rahul,Verma,17-04-2024,Kolkata,,,,
CUST2448,Amit,Bhat,03-01-2022,Mumbai,,,,
CUST2449,Rahul,Bhat,04-10-2021,Pune,,,,
CUST2450,Priya,Iyer,19-10-2024,Kochi,,,,
CUST2451,Sunita,Iyer,07-03-2023,Visakhapatnam,,,,
CUST2452,Ritu,Singh,23-07-2022,Delhi,,,,
CUST2453,Vikram,Pillai,15-11-2024,Pune,,,,
CUST2454,Karan,Kumar,29-05-2021,Nagpur,,,,
CUST2455,Nikhil,Gupta,15-06-2025,Bangalore,,,,
CUST2456,Deepa,Bhat,20-02-2025,Kochi,,,,
CUST2457,Sanjay,Chatterjee,03-03-2024,Hyderabad,,,,
CUST2458,Ananya,Verma,07-07-2024,Mumbai,,,,
CUST2459,Nisha,Joshi,31-10-2022,Chennai,,,,
CUST2460,Vikram,Mehta,31-01-2024,Kolkata,,,,
CUST2461,Priya,Mishra,05-11-2021,Delhi,,,,
CUST2462,Rahul,Chatterjee,06-10-2023,Pune,,,,
CUST2463,Arjun,Joshi,30-09-2023,Kolkata,,,,
CUST2464,Kavya,Joshi,10-05-2025,Lucknow,,,,
CUST2465,Meera,Mehta,14-04-2021,Mumbai,,,,
CUST2466,Vikram,Iyer,17-02-2022,Visakhapatnam,,,,
CUST2467,Aarav,Chatterjee,01-02-2025,Chennai,,,,
CUST2468,Aditya,Pillai,12-02-2024,Delhi,,,,
CUST2469,Priya,Mehta,07-03-2024,Jaipur,,,,
CUST2470,Sanjay,Verma,14-08-2022,Hyderabad,,,,
CUST2471,Shreya,Verma,16-11-2022,Bangalore,,,,
CUST2472,Nikhil,Verma,23-11-2021,Delhi,,,,
CUST2473,Rahul,Sharma,22-10-2022,Chennai,,,,
CUST2474,Rahul,Bhat,17-02-2024,Gurgaon,,,,
CUST2475,Sanjay,Shah,03-07-2021,Hyderabad,,,,
CUST2476,Deepa,Reddy,25-02-2024,Chandigarh,,,,
CUST2477,Rahul,Bhat,26-08-2022,Chandigarh,,,,
CUST2478,Meera,Kumar,08-12-2021,Chennai,,,,
CUST2479,Deepa,Iyer,31-01-2023,Noida,,,,
CUST2480,Pooja,Kumar,19-08-2025,Chennai,,,,
CUST2481,Rohan,Shah,07-11-2021,Bangalore,,,,
CUST2482,Sunita,Patel,17-01-2024,Pune,,,,
CUST2483,Shreya,Das,11-01-2022,Bangalore,,,,
CUST2484,Aditya,Nair,06-08-2024,Chandigarh,,,,
CUST2485,Deepa,Bose,14-12-2023,Kochi,,,,
CUST2486,Shreya,Bhat,06-12-2022,Kolkata,,,,
CUST2487,Ananya,Mishra,09-02-2023,Pune,,,,
CUST2488,Aditya,Patel,24-10-2022,Nagpur,,,,
CUST2489,Sunita,Shah,13-11-2024,Chennai,,,,
CUST2490,Rohan,Joshi,07-02-2025,Delhi,,,,
CUST2491,Rohan,Joshi,02-04-2021,Kolkata,,,,
CUST2492,Priya,Mehta,21-01-2025,Visakhapatnam,,,,
CUST2493,Rahul,Mehta,31-07-2021,Jaipur,,,,
CUST2494,Aditya,Mishra,08-05-2023,Kolkata,,,,
CUST2495,Vikram,Nair,09-12-2024,Surat,,,,
CUST2496,Aarav,Reddy,03-01-2025,Kolkata,,,,
CUST2497,Shreya,Iyer,17-03-2023,Mumbai,,,,
CUST2498,Nikhil,Mishra,23-03-2023,Pune,,,,
CUST2499,Aarav,Verma,14-06-2024,Jaipur,,,,
CUST2500,Amit,Chatterjee,05-10-2023,Chennai,,,,
CUST2501,Rohan,Pillai,10-09-2023,Delhi,,,,
CUST2502,Kavya,Patel,18-07-2024,Mumbai,,,,
CUST2503,Ananya,Reddy,08-03-2021,Pune,,,,
CUST2504,Nisha,Verma,28-07-2023,Ahmedabad,,,,
CUST2505,Priya,Kumar,12-06-2022,Bangalore,,,,
CUST2506,Vikram,Verma,03-07-2022,Delhi,,,,
CUST2507,Karan,Kumar,14-10-2022,Hyderabad,,,,
CUST2508,Arjun,Rao,01-06-2021,Nagpur,,,,
CUST2509,Rahul,Kapoor,26-01-2022,Hyderabad,,,,
CUST2510,Rohan,Chatterjee,19-02-2022,Chennai,,,,
CUST2511,Vikram,Iyer,19-03-2023,Ahmedabad,,,,
CUST2512,Nisha,Sharma,10-10-2021,Kolkata,,,,
CUST2513,Ritu,Gupta,07-09-2024,Delhi,,,,
CUST2514,Arjun,Bose,11-07-2021,Chennai,,,,
CUST2515,Aditya,Kumar,12-02-2023,Gurgaon,,,,
CUST2516,Meera,Sharma,01-11-2023,Mumbai,,,,
CUST2517,Ritu,Gupta,17-11-2023,Mumbai,,,,
CUST2518,Ritu,Bose,09-09-2022,Kolkata,,,,
CUST2519,Nisha,Mehta,12-03-2023,Pune,,,,
CUST2520,Priya,Patel,03-02-2025,Chennai,,,,
CUST2521,Sunita,Pillai,05-09-2020,Pune,,,,
CUST2522,Rahul,Shah,09-03-2021,Delhi,,,,
CUST2523,Rohan,Iyer,28-12-2023,Surat,,,,
CUST2524,Sunita,Singh,17-12-2021,Hyderabad,,,,
CUST2525,Nikhil,Bose,24-02-2025,Mumbai,,,,
CUST2526,Karan,Sharma,22-10-2024,Pune,,,,
CUST2527,Shreya,Gupta,23-02-2022,Bangalore,,,,
CUST2528,Kavya,Gupta,17-02-2025,Bangalore,,,,
CUST2529,Sanjay,Pillai,27-09-2024,Nagpur,,,,
CUST2530,Kavya,Shah,13-10-2022,Noida,,,,
CUST2531,Rahul,Mehta,24-06-2024,Bangalore,,,,
CUST2532,Nikhil,Kumar,01-03-2023,Chennai,,,,
CUST2533,Rohan,Patel,16-08-2021,Bangalore,,,,
CUST2534,Pooja,Kapoor,05-04-2022,Delhi,,,,
CUST2535,Arjun,Gupta,26-05-2022,Bangalore,,,,
CUST2536,Ananya,Kapoor,10-09-2022,Mumbai,,,,
CUST2537,Kavya,Das,26-06-2021,Kolkata,,,,
CUST2538,Ritu,Sharma,27-04-2021,Kolkata,,,,
CUST2539,Karan,Das,14-03-2022,Surat,,,,
CUST2540,Ananya,Bose,12-01-2023,Chennai,,,,
CUST2541,Shreya,Joshi,29-07-2024,Pune,,,,
CUST2542,Amit,Das,28-11-2021,Kochi,,,,
CUST2543,Aarav,Bose,08-01-2025,Pune,,,,
CUST2544,Rahul,Shah,07-07-2025,Indore,,,,
CUST2545,Priya,Kapoor,09-05-2021,Kolkata,,,,
CUST2546,Priya,Nair,06-07-2025,Noida,,,,
CUST2547,Kavya,Kapoor,30-04-2024,Mumbai,,,,
CUST2548,Karan,Bose,01-05-2022,Chennai,,,,
CUST2549,Priya,Nair,16-04-2024,Delhi,,,,
CUST2550,Shreya,Bose,13-02-2024,Gurgaon,,,,
CUST2551,Aarav,Iyer,13-08-2021,Chennai,,,,
CUST2552,Priya,Iyer,22-07-2022,Kolkata,,,,
CUST2553,Arjun,Iyer,19-02-2025,Kolkata,,,,
CUST2554,Aarav,Pillai,04-06-2024,Pune,,,,
CUST2555,Aarav,Singh,18-09-2022,Mumbai,,,,
CUST2556,Vikram,Mehta,01-03-2021,Kolkata,,,,
CUST2557,Amit,Verma,14-08-2024,Pune,,,,
CUST2558,Nisha,Sharma,04-04-2023,Bhubaneswar,,,,
CUST2559,Ritu,Gupta,06-09-2020,Hyderabad,,,,
CUST2560,Shreya,Gupta,19-10-2024,Bhubaneswar,,,,
CUST2561,Shreya,Patel,27-08-2022,Lucknow,,,,
CUST2562,Sunita,Iyer,04-11-2022,Delhi,,,,
CUST2563,Deepa,Reddy,15-05-2024,Ahmedabad,,,,
CUST2564,Nikhil,Verma,21-12-2021,Surat,,,,
CUST2565,Shreya,Chatterjee,27-01-2024,Delhi,,,,
CUST2566,Arjun,Chatterjee,16-07-2024,Chennai,,,,
CUST2567,Meera,Kumar,18-07-2025,Noida,,,,
CUST2568,Aditya,Sharma,09-08-2025,Noida,,,,
CUST2569,Nikhil,Kumar,27-10-2023,Kolkata,,,,
CUST2570,Sunita,Reddy,17-12-2021,Delhi,,,,
CUST2571,Sanjay,Pillai,16-01-2024,Ahmedabad,,,,
CUST2572,Ananya,Das,11-12-2022,Jaipur,,,,
CUST2573,Sunita,Mishra,28-05-2023,Bangalore,,,,
CUST2574,Amit,Das,23-02-2023,Kolkata,,,,
CUST2575,Pooja,Singh,03-09-2024,Chennai,,,,
CUST2576,Nikhil,Kumar,09-04-2021,Kolkata,,,,
CUST2577,Sunita,Das,10-08-2023,Kochi,,,,
CUST2578,Priya,Gupta,27-11-2024,Bangalore,,,,
CUST2579,Arjun,Joshi,24-02-2025,Bhubaneswar,,,,
CUST2580,Sanjay,Joshi,26-11-2022,Pune,,,,
CUST2581,Ananya,Nair,09-10-2020,Chennai,,,,
CUST2582,Aditya,Singh,15-11-2021,Pune,,,,
CUST2583,Vikram,Sharma,31-08-2022,Pune,,,,
CUST2584,Nisha,Mishra,11-04-2024,Bangalore,,,,
CUST2585,Priya,Mehta,15-12-2022,Mumbai,,,,
CUST2586,Rohan,Mishra,12-03-2023,Kolkata,,,,
CUST2587,Rahul,Das,15-10-2021,Visakhapatnam,,,,
CUST2588,Nikhil,Mehta,04-08-2024,Noida,,,,
CUST2589,Sunita,Nair,03-12-2020,Ahmedabad,,,,
CUST2590,Deepa,Bhat,22-09-2022,Kochi,,,,
CUST2591,Shreya,Iyer,23-01-2021,Chandigarh,,,,
CUST2592,Kavya,Joshi,06-08-2023,Mumbai,,,,
CUST2593,Deepa,Kapoor,13-09-2022,Lucknow,,,,
CUST2594,Kavya,Chatterjee,13-08-2021,Pune,,,,
CUST2595,Karan,Rao,12-11-2022,Mumbai,,,,
CUST2596,Aarav,Singh,30-07-2021,Pune,,,,
CUST2597,Deepa,Nair,02-04-2025,Lucknow,,,,
CUST2598,Priya,Mehta,05-01-2022,Bangalore,,,,
CUST2599,Sanjay,Reddy,19-09-2024,Hyderabad,,,,
CUST2600,Aditya,Kumar,28-06-2022,Kolkata,,,,
CUST2601,Shreya,Gupta,31-12-2020,Noida,,,,
CUST2602,Sanjay,Verma,26-10-2022,Visakhapatnam,,,,
CUST2603,Priya,Mishra,15-08-2022,Pune,,,,
CUST2604,Karan,Patel,20-05-2024,Kolkata,,,,
CUST2605,Sanjay,Kumar,07-09-2022,Bangalore,,,,
CUST2606,Shreya,Verma,07-07-2024,Bhubaneswar,,,,
CUST2607,Pooja,Nair,18-07-2022,Bangalore,,,,
CUST2608,Ananya,Nair,26-11-2021,Mumbai,,,,
CUST2609,Pooja,Verma,01-01-2025,Chennai,,,,
CUST2610,Sanjay,Kapoor,21-12-2023,Bhubaneswar,,,,
CUST2611,Sunita,Nair,01-12-2020,Jaipur,,,,
CUST2612,Meera,Singh,19-01-2024,Patna,,,,
CUST2613,Aditya,Shah,20-01-2024,Mumbai,,,,
CUST2614,Arjun,Bose,27-10-2022,Pune,,,,
CUST2615,Ananya,Verma,22-04-2024,Kolkata,,,,
CUST2616,Aarav,Kapoor,05-07-2023,Surat,,,,
CUST2617,Aarav,Verma,21-11-2021,Gurgaon,,,,
CUST2618,Meera,Rao,29-12-2024,Patna,,,,
CUST2619,Priya,Chatterjee,24-01-2025,Chennai,,,,
CUST2620,Meera,Kapoor,18-05-2024,Chennai,,,,
CUST2621,Vikram,Gupta,20-09-2023,Lucknow,,,,
CUST2622,Deepa,Chatterjee,08-05-2024,Delhi,,,,
CUST2623,Vikram,Mehta,21-10-2020,Pune,,,,
CUST2624,Arjun,Reddy,17-03-2025,Chennai,,,,
CUST2625,Meera,Bhat,22-06-2023,Noida,,,,
CUST2626,Sanjay,Nair,05-10-2023,Bangalore,,,,
CUST2627,Ananya,Bose,24-10-2021,Bangalore,,,,
CUST2628,Karan,Pillai,25-03-2023,Bhubaneswar,,,,
CUST2629,Nisha,Shah,05-07-2023,Mumbai,,,,
CUST2630,Shreya,Mishra,22-11-2023,Kolkata,,,,
CUST2631,Shreya,Kapoor,24-08-2022,Pune,,,,
CUST2632,Karan,Iyer,08-03-2022,Kochi,,,,
CUST2633,Aditya,Sharma,09-08-2025,Kochi,,,,
CUST2634,Nisha,Joshi,03-02-2021,Visakhapatnam,,,,
CUST2635,Kavya,Bhat,19-10-2022,Surat,,,,
CUST2636,Karan,Pillai,10-12-2020,Chennai,,,,
CUST2637,Nikhil,Rao,18-03-2025,Delhi,,,,
CUST2638,Meera,Sharma,31-01-2023,Kochi,,,,
CUST2639,Pooja,Singh,18-07-2021,Delhi,,,,
CUST2640,Aarav,Iyer,05-12-2022,Bangalore,,,,
CUST2641,Shreya,Rao,05-04-2024,Bangalore,,,,
CUST2642,Deepa,Gupta,20-01-2025,Delhi,,,,
CUST2643,Rohan,Verma,30-01-2024,Kolkata,,,,
CUST2644,Vikram,Rao,18-09-2022,Chennai,,,,
CUST2645,Rohan,Das,27-06-2023,Pune,,,,
CUST2646,Shreya,Shah,15-10-2022,Nagpur,,,,
CUST2647,Meera,Patel,21-10-2021,Pune,,,,
CUST2648,Meera,Joshi,08-11-2024,Hyderabad,,,,
CUST2649,Aarav,Gupta,03-07-2023,Nagpur,,,,
CUST2650,Nikhil,Singh,05-11-2021,Surat,,,,
CUST2651,Rohan,Singh,29-01-2025,Bhubaneswar,,,,
CUST2652,Amit,Singh,01-02-2021,Mumbai,,,,
CUST2653,Nikhil,Kumar,16-12-2023,Pune,,,,
CUST2654,Nisha,Chatterjee,17-12-2021,Delhi,,,,
CUST2655,Kavya,Gupta,15-03-2021,Pune,,,,
CUST2656,Sunita,Pillai,28-02-2021,Delhi,,,,
CUST2657,Meera,Joshi,11-06-2024,Kolkata,,,,
CUST2658,Priya,Sharma,05-12-2021,Delhi,,,,
CUST2659,Deepa,Joshi,18-12-2022,Ahmedabad,,,,
CUST2660,Arjun,Mehta,10-11-2022,Bangalore,,,,
CUST2661,Arjun,Das,28-05-2025,Gurgaon,,,,
CUST2662,Sunita,Rao,01-04-2023,Noida,,,,
CUST2663,Vikram,Mehta,03-06-2023,Pune,,,,
CUST2664,Kavya,Rao,01-11-2024,Bangalore,,,,
CUST2665,Meera,Chatterjee,09-04-2025,Lucknow,,,,
CUST2666,Vikram,Pillai,15-01-2023,Bangalore,,,,
CUST2667,Deepa,Shah,07-08-2021,Mumbai,,,,
CUST2668,Vikram,Rao,05-09-2024,Chennai,,,,
CUST2669,Karan,Gupta,07-02-2021,Mumbai,,,,
CUST2670,Karan,Mishra,03-11-2022,Bhubaneswar,,,,
CUST2671,Ananya,Chatterjee,16-09-2023,Indore,,,,
CUST2672,Priya,Sharma,02-09-2021,Bangalore,,,,
CUST2673,Sanjay,Pillai,13-12-2021,Ahmedabad,,,,
CUST2674,Ritu,Pillai,20-04-2021,Bangalore,,,,
CUST2675,Kavya,Gupta,23-11-2022,Mumbai,,,,
CUST2676,Sanjay,Bose,20-01-2022,Mumbai,,,,
CUST2677,Sanjay,Reddy,30-01-2025,Delhi,,,,
CUST2678,Nikhil,Das,18-01-2022,Chandigarh,,,,
CUST2679,Rohan,Kapoor,14-07-2025,Bangalore,,,,
CUST2680,Sunita,Mehta,28-06-2025,Kochi,,,,
CUST2681,Rahul,Bhat,24-08-2024,Indore,,,,
CUST2682,Nikhil,Gupta,20-12-2021,Hyderabad,,,,
CUST2683,Nisha,Patel,18-08-2023,Mumbai,,,,
CUST2684,Ritu,Singh,13-02-2023,Hyderabad,,,,
CUST2685,Kavya,Bhat,09-04-2025,Bhubaneswar,,,,
CUST2686,Pooja,Sharma,05-02-2023,Kolkata,,,,
CUST2687,Sanjay,Gupta,27-08-2021,Pune,,,,
CUST2688,Kavya,Chatterjee,07-10-2024,Kolkata,,,,
CUST2689,Shreya,Mehta,18-04-2024,Delhi,,,,
CUST2690,Pooja,Patel,04-07-2024,Delhi,,,,
CUST2691,Arjun,Patel,15-01-2021,Kolkata,,,,
CUST2692,Ananya,Das,06-01-2021,Bangalore,,,,
CUST2693,Arjun,Sharma,02-07-2023,Hyderabad,,,,
CUST2694,Aarav,Mishra,31-05-2022,Pune,,,,
CUST2695,Karan,Singh,29-11-2023,Surat,,,,
CUST2696,Amit,Kapoor,17-03-2024,Mumbai,,,,
CUST2697,Kavya,Joshi,22-09-2020,Mumbai,,,,
CUST2698,Sanjay,Mishra,15-12-2023,Nagpur,,,,
CUST2699,Ananya,Kapoor,07-09-2022,Visakhapatnam,,,,
CUST2700,Rahul,Chatterjee,16-07-2022,Kolkata,,,,
CUST2701,Shreya,Bhat,30-03-2024,Kolkata,,,,
CUST2702,Shreya,Gupta,15-07-2023,Hyderabad,,,,
CUST2703,Deepa,Verma,25-04-2021,Chennai,,,,
CUST2704,Rohan,Pillai,26-10-2022,Bangalore,,,,
CUST2705,Rahul,Reddy,19-08-2023,Nagpur,,,,
CUST2706,Shreya,Patel,10-07-2021,Chennai,,,,
CUST2707,Deepa,Das,14-01-2021,Pune,,,,
CUST2708,Meera,Patel,31-12-2020,Bangalore,,,,
CUST2709,Meera,Bose,05-09-2022,Pune,,,,
CUST2710,Karan,Mishra,10-06-2022,Pune,,,,
CUST2711,Kavya,Kumar,25-05-2024,Kolkata,,,,
CUST2712,Priya,Gupta,18-12-2021,Pune,,,,
CUST2713,Arjun,Chatterjee,11-11-2024,Delhi,,,,
CUST2714,Rahul,Pillai,27-04-2024,Chennai,,,,
CUST2715,Rohan,Gupta,12-06-2022,Kolkata,,,,
CUST2716,Sanjay,Nair,08-09-2022,Kolkata,,,,
CUST2717,Vikram,Singh,14-01-2024,Delhi,,,,
CUST2718,Vikram,Chatterjee,11-10-2021,Mumbai,,,,
CUST2719,Arjun,Kapoor,31-12-2022,Kolkata,,,,
CUST2720,Shreya,Bose,28-11-2022,Gurgaon,,,,
CUST2721,Meera,Rao,03-01-2021,Kochi,,,,
CUST2722,Pooja,Shah,07-07-2023,Hyderabad,,,,
CUST2723,Meera,Bhat,31-08-2022,Indore,,,,
CUST2724,Pooja,Gupta,14-07-2025,Delhi,,,,
CUST2725,Arjun,Das,24-08-2024,Kolkata,,,,
CUST2726,Arjun,Iyer,19-01-2022,Bangalore,,,,
CUST2727,Meera,Kapoor,31-07-2022,Kolkata,,,,
CUST2728,Aarav,Gupta,21-11-2021,Ahmedabad,,,,
CUST2729,Karan,Singh,20-09-2024,Chennai,,,,
CUST2730,Priya,Reddy,25-03-2025,Kochi,,,,
CUST2731,Shreya,Iyer,21-10-2024,Bangalore,,,,
CUST2732,Nikhil,Mehta,10-03-2025,Visakhapatnam,,,,
CUST2733,Aarav,Singh,23-03-2023,Kochi,,,,
CUST2734,Ananya,Singh,21-06-2021,Jaipur,,,,
CUST2735,Shreya,Iyer,07-05-2024,Bangalore,,,,
CUST2736,Karan,Kumar,17-05-2022,Indore,,,,
CUST2737,Amit,Sharma,28-01-2021,Nagpur,,,,
CUST2738,Meera,Reddy,09-02-2023,Mumbai,,,,
CUST2739,Aarav,Mishra,17-08-2023,Surat,,,,
CUST2740,Sanjay,Mishra,30-04-2025,Bhubaneswar,,,,
CUST2741,Nikhil,Mishra,28-01-2021,Kolkata,,,,
CUST2742,Karan,Singh,01-01-2025,Noida,,,,
CUST2743,Shreya,Rao,06-02-2022,Kolkata,,,,
CUST2744,Shreya,Kapoor,29-12-2024,Pune,,,,
CUST2745,Sunita,Chatterjee,19-02-2023,Bangalore,,,,
CUST2746,Amit,Iyer,05-10-2020,Mumbai,,,,
CUST2747,Arjun,Chatterjee,25-08-2021,Mumbai,,,,
CUST2748,Rohan,Kumar,17-12-2020,Ahmedabad,,,,
CUST2749,Aditya,Chatterjee,02-06-2021,Gurgaon,,,,
CUST2750,Meera,Bose,14-02-2023,Indore,,,,
CUST2751,Sanjay,Patel,26-03-2025,Bangalore,,,,
CUST2752,Kavya,Rao,04-05-2024,Chandigarh,,,,
CUST2753,Ananya,Mehta,03-08-2024,Delhi,,,,
CUST2754,Aarav,Patel,04-05-2024,Bangalore,,,,
CUST2755,Priya,Bose,04-03-2024,Mumbai,,,,
CUST2756,Nikhil,Verma,03-12-2021,Chandigarh,,,,
CUST2757,Vikram,Verma,25-06-2024,Bangalore,,,,
CUST2758,Karan,Joshi,04-08-2021,Ahmedabad,,,,
CUST2759,Rahul,Mehta,19-03-2022,Pune,,,,
CUST2760,Karan,Verma,31-05-2022,Surat,,,,
CUST2761,Ananya,Das,19-10-2022,Pune,,,,
CUST2762,Karan,Gupta,15-04-2022,Bangalore,,,,
CUST2763,Aarav,Das,11-04-2022,Chennai,,,,
CUST2764,Rohan,Sharma,10-10-2021,Delhi,,,,
CUST2765,Ananya,Joshi,26-07-2022,Mumbai,,,,
CUST2766,Amit,Shah,18-01-2022,Mumbai,,,,
CUST2767,Shreya,Chatterjee,19-01-2024,Pune,,,,
CUST2768,Kavya,Shah,20-07-2023,Mumbai,,,,
CUST2769,Nikhil,Gupta,15-02-2022,Pune,,,,
CUST2770,Sanjay,Reddy,04-06-2021,Mumbai,,,,
CUST2771,Meera,Pillai,02-01-2021,Gurgaon,,,,
CUST2772,Ritu,Iyer,10-10-2022,Hyderabad,,,,
CUST2773,Amit,Rao,26-04-2025,Jaipur,,,,
CUST2774,Ananya,Bose,10-11-2022,Bangalore,,,,
CUST2775,Sanjay,Joshi,11-11-2022,Visakhapatnam,,,,
CUST2776,Meera,Joshi,16-07-2024,Gurgaon,,,,
CUST2777,Karan,Bose,28-05-2023,Kolkata,,,,
CUST2778,Shreya,Kumar,26-08-2023,Kolkata,,,,
CUST2779,Arjun,Pillai,09-04-2022,Delhi,,,,
CUST2780,Amit,Gupta,07-11-2020,Nagpur,,,,
CUST2781,Amit,Bose,13-09-2020,Ahmedabad,,,,
CUST2782,Ananya,Mishra,26-04-2021,Bangalore,,,,
CUST2783,Kavya,Kapoor,08-02-2021,Jaipur,,,,
CUST2784,Deepa,Kumar,01-03-2022,Chennai,,,,
CUST2785,Vikram,Patel,22-10-2022,Mumbai,,,,
CUST2786,Ritu,Shah,26-12-2021,Hyderabad,,,,
CUST2787,Ananya,Rao,06-12-2022,Pune,,,,
CUST2788,Pooja,Rao,11-07-2021,Mumbai,,,,
CUST2789,Nisha,Sharma,21-07-2023,Surat,,,,
CUST2790,Rohan,Iyer,30-04-2024,Ahmedabad,,,,
CUST2791,Vikram,Nair,17-03-2025,Delhi,,,,
CUST2792,Karan,Patel,03-08-2025,Mumbai,,,,
CUST2793,Ritu,Kumar,02-05-2024,Noida,,,,
CUST2794,Rohan,Reddy,20-04-2023,Bangalore,,,,
CUST2795,Vikram,Mehta,10-03-2024,Visakhapatnam,,,,
CUST2796,Karan,Joshi,06-03-2025,Visakhapatnam,,,,
CUST2797,Amit,Reddy,26-10-2021,Delhi,,,,
CUST2798,Vikram,Joshi,23-12-2021,Delhi,,,,
CUST2799,Meera,Nair,21-07-2023,Surat,,,,
CUST2800,Rohan,Reddy,05-07-2025,Pune,,,,
CUST2801,Rohan,Kumar,07-11-2022,Pune,,,,
CUST2802,Priya,Reddy,24-08-2025,Bangalore,,,,
CUST2803,Rahul,Mehta,09-04-2024,Bangalore,,,,
CUST2804,Rohan,Rao,02-11-2020,Lucknow,,,,
CUST2805,Vikram,Iyer,21-09-2022,Nagpur,,,,
CUST2806,Rahul,Kapoor,31-08-2022,Pune,,,,
CUST2807,Nisha,Rao,03-10-2022,Chennai,,,,
CUST2808,Sunita,Rao,20-12-2023,Noida,,,,
CUST2809,Meera,Singh,26-09-2021,Chennai,,,,
CUST2810,Shreya,Chatterjee,13-06-2023,Hyderabad,,,,
CUST2811,Priya,Verma,16-01-2022,Mumbai,,,,
CUST2812,Deepa,Patel,31-08-2020,Pune,,,,
CUST2813,Nikhil,Gupta,17-07-2024,Mumbai,,,,
CUST2814,Nisha,Kapoor,20-01-2025,Ahmedabad,,,,
CUST2815,Shreya,Sharma,30-08-2023,Chandigarh,,,,
CUST2816,Priya,Shah,04-01-2021,Chandigarh,,,,
CUST2817,Ritu,Bhat,21-07-2025,Noida,,,,
CUST2818,Arjun,Mehta,25-04-2021,Pune,,,,
CUST2819,Aarav,Iyer,08-02-2023,Bangalore,,,,
CUST2820,Aarav,Reddy,09-11-2023,Hyderabad,,,,
CUST2821,Aditya,Bhat,15-05-2023,Mumbai,,,,
CUST2822,Shreya,Verma,07-01-2025,Delhi,,,,
CUST2823,Nikhil,Reddy,07-06-2023,Hyderabad,,,,
CUST2824,Vikram,Kumar,16-05-2021,Kolkata,,,,
CUST2825,Rohan,Iyer,17-09-2023,Mumbai,,,,
CUST2826,Ananya,Bose,18-09-2021,Pune,,,,
CUST2827,Nisha,Singh,17-09-2020,Kolkata,,,,
CUST2828,Karan,Verma,02-11-2020,Kolkata,,,,
CUST2829,Ananya,Patel,07-08-2022,Bhubaneswar,,,,
CUST2830,Sanjay,Bose,08-10-2024,Kolkata,,,,
CUST2831,Aditya,Sharma,19-02-2023,Mumbai,,,,
CUST2832,Rahul,Iyer,07-03-2024,Bangalore,,,,
CUST2833,Amit,Mishra,08-02-2021,Bangalore,,,,
CUST2834,Karan,Das,19-05-2025,Bangalore,,,,
CUST2835,Aditya,Kumar,22-07-2023,Ahmedabad,,,,
CUST2836,Ananya,Kumar,30-07-2023,Pune,,,,
CUST2837,Shreya,Rao,19-10-2023,Bangalore,,,,
CUST2838,Arjun,Mehta,16-01-2025,Mumbai,,,,
CUST2839,Rohan,Kumar,03-01-2023,Hyderabad,,,,
CUST2840,Meera,Iyer,01-09-2020,Kolkata,,,,
CUST2841,Nisha,Kumar,06-07-2022,Delhi,,,,
CUST2842,Karan,Bose,27-12-2023,Delhi,,,,
CUST2843,Sanjay,Nair,05-02-2023,Patna,,,,
CUST2844,Nikhil,Bose,19-01-2025,Pune,,,,
CUST2845,Nisha,Nair,24-10-2021,Surat,,,,
CUST2846,Karan,Das,29-12-2022,Hyderabad,,,,
CUST2847,Priya,Kumar,12-11-2021,Chennai,,,,
CUST2848,Amit,Kumar,28-10-2023,Pune,,,,
CUST2849,Rohan,Singh,12-09-2023,Pune,,,,
CUST2850,Pooja,Reddy,23-12-2020,Hyderabad,,,,
CUST2851,Deepa,Shah,03-11-2022,Pune,,,,
CUST2852,Ritu,Das,27-03-2023,Chennai,,,,
CUST2853,Vikram,Rao,27-03-2021,Hyderabad,,,,
CUST2854,Ritu,Nair,23-09-2022,Noida,,,,
CUST2855,Aarav,Sharma,29-12-2022,Ahmedabad,,,,
CUST2856,Priya,Reddy,11-08-2021,Pune,,,,
CUST2857,Karan,Bose,13-04-2024,Pune,,,,
CUST2858,Arjun,Rao,15-08-2022,Hyderabad,,,,
CUST2859,Nikhil,Nair,21-02-2021,Kolkata,,,,
CUST2860,Amit,Kumar,18-03-2021,Pune,,,,
CUST2861,Rohan,Sharma,07-05-2021,Hyderabad,,,,
CUST2862,Nisha,Mehta,10-01-2025,Chennai,,,,
CUST2863,Aarav,Nair,27-11-2021,Ahmedabad,,,,
CUST2864,Deepa,Das,04-09-2023,Delhi,,,,
CUST2865,Shreya,Rao,03-02-2023,Kolkata,,,,
CUST2866,Priya,Patel,11-06-2025,Indore,,,,
CUST2867,Sunita,Joshi,09-02-2021,Hyderabad,,,,
CUST2868,Rahul,Mehta,29-02-2024,Chennai,,,,
CUST2869,Arjun,Sharma,24-02-2021,Kochi,,,,
CUST2870,Deepa,Pillai,01-02-2024,Visakhapatnam,,,,
CUST2871,Sunita,Verma,31-05-2024,Indore,,,,
CUST2872,Aditya,Verma,29-06-2023,Chennai,,,,
CUST2873,Pooja,Reddy,27-06-2025,Pune,,,,
CUST2874,Sanjay,Kapoor,27-03-2023,Ahmedabad,,,,
CUST2875,Pooja,Kumar,04-05-2021,Chennai,,,,
CUST2876,Karan,Joshi,26-03-2023,Chennai,,,,
CUST2877,Ananya,Sharma,17-09-2024,Bangalore,,,,
CUST2878,Karan,Singh,01-08-2021,Noida,,,,
CUST2879,Pooja,Das,11-08-2024,Bangalore,,,,
CUST2880,Deepa,Sharma,14-03-2025,Lucknow,,,,
CUST2881,Arjun,Mishra,02-06-2021,Mumbai,,,,
CUST2882,Shreya,Verma,20-07-2022,Mumbai,,,,
CUST2883,Nisha,Pillai,24-04-2021,Chennai,,,,
CUST2884,Rahul,Joshi,31-10-2021,Chandigarh,,,,
CUST2885,Ananya,Bhat,17-05-2024,Kolkata,,,,
CUST2886,Sanjay,Bose,14-02-2021,Noida,,,,
CUST2887,Meera,Kumar,30-09-2022,Delhi,,,,
CUST2888,Sanjay,Gupta,25-07-2025,Bangalore,,,,
CUST2889,Aditya,Bhat,20-12-2024,Visakhapatnam,,,,
CUST2890,Nikhil,Iyer,25-01-2024,Jaipur,,,,
CUST2891,Amit,Gupta,10-08-2025,Chennai,,,,
CUST2892,Rahul,Mehta,06-07-2021,Bangalore,,,,
CUST2893,Karan,Nair,28-03-2021,Mumbai,,,,
CUST2894,Deepa,Chatterjee,15-09-2024,Delhi,,,,
CUST2895,Kavya,Joshi,18-11-2023,Hyderabad,,,,
CUST2896,Deepa,Rao,20-12-2020,Delhi,,,,
CUST2897,Sanjay,Bhat,27-09-2022,Bangalore,,,,
CUST2898,Nikhil,Kapoor,12-03-2023,Lucknow,,,,
CUST2899,Karan,Das,13-10-2023,Mumbai,,,,
CUST2900,Rahul,Kapoor,18-12-2020,Hyderabad,,,,
CUST2901,Deepa,Shah,06-10-2024,Pune,,,,
CUST2902,Deepa,Reddy,11-05-2023,Nagpur,,,,
CUST2903,Rohan,Pillai,08-07-2024,Chennai,,,,
CUST2904,Nikhil,Kumar,12-10-2020,Indore,,,,
CUST2905,Sanjay,Das,04-08-2023,Hyderabad,,,,
CUST2906,Priya,Rao,02-06-2025,Bhubaneswar,,,,
CUST2907,Deepa,Bhat,23-08-2021,Chennai,,,,
CUST2908,Nikhil,Gupta,26-06-2025,Noida,,,,
CUST2909,Sunita,Mehta,10-10-2020,Pune,,,,
CUST2910,Kavya,Reddy,31-12-2022,Kolkata,,,,
CUST2911,Ananya,Verma,27-06-2025,Kolkata,,,,
CUST2912,Rohan,Shah,08-01-2021,Noida,,,,
CUST2913,Aditya,Sharma,11-01-2021,Surat,,,,
CUST2914,Nisha,Sharma,10-01-2024,Chennai,,,,
CUST2915,Nisha,Pillai,24-05-2022,Bangalore,,,,
CUST2916,Arjun,Kumar,13-02-2023,Gurgaon,,,,
CUST2917,Rohan,Rao,09-12-2024,Chennai,,,,
CUST2918,Arjun,Gupta,27-09-2021,Bangalore,,,,
CUST2919,Deepa,Joshi,05-03-2023,Kolkata,,,,
CUST2920,Ritu,Pillai,28-04-2022,Pune,,,,
CUST2921,Meera,Patel,17-09-2023,Gurgaon,,,,
CUST2922,Sanjay,Mishra,24-09-2021,Bangalore,,,,
CUST2923,Pooja,Singh,05-06-2024,Chennai,,,,
CUST2924,Aarav,Mehta,03-08-2025,Pune,,,,
CUST2925,Amit,Sharma,05-02-2025,Nagpur,,,,
CUST2926,Rahul,Das,11-06-2022,Bangalore,,,,
CUST2927,Vikram,Patel,16-11-2024,Delhi,,,,
CUST2928,Nisha,Gupta,22-08-2021,Kochi,,,,
CUST2929,Ananya,Singh,24-02-2021,Chennai,,,,
CUST2930,Meera,Bhat,10-12-2023,Kolkata,,,,
CUST2931,Shreya,Iyer,14-10-2020,Chandigarh,,,,
CUST2932,Aditya,Das,10-05-2025,Mumbai,,,,
CUST2933,Sunita,Mehta,10-11-2022,Bangalore,,,,
CUST2934,Sunita,Chatterjee,29-07-2023,Noida,,,,
CUST2935,Amit,Bhat,05-09-2022,Hyderabad,,,,
CUST2936,Nikhil,Kumar,07-07-2024,Chennai,,,,
CUST2937,Deepa,Singh,25-10-2021,Kochi,,,,
CUST2938,Priya,Bhat,15-12-2024,Bhubaneswar,,,,
CUST2939,Nisha,Reddy,23-01-2021,Chennai,,,,
CUST2940,Ritu,Chatterjee,24-03-2023,Pune,,,,
CUST2941,Rahul,Gupta,08-02-2021,Mumbai,,,,
CUST2942,Sunita,Joshi,14-08-2021,Bhubaneswar,,,,
CUST2943,Meera,Kapoor,29-09-2022,Surat,,,,
CUST2944,Priya,Verma,26-05-2025,Visakhapatnam,,,,
CUST2945,Sanjay,Kumar,29-10-2023,Pune,,,,
CUST2946,Rohan,Kapoor,29-11-2022,Chandigarh,,,,
CUST2947,Karan,Iyer,23-02-2022,Chennai,,,,
CUST2948,Nikhil,Kumar,06-11-2022,Jaipur,,,,
CUST2949,Amit,Chatterjee,01-08-2023,Delhi,,,,
CUST2950,Rohan,Singh,04-05-2025,Delhi,,,,
CUST2951,Rahul,Bose,17-11-2020,Ahmedabad,,,,
CUST2952,Aarav,Bose,03-07-2023,Pune,,,,
CUST2953,Nisha,Iyer,31-03-2025,Chennai,,,,
CUST2954,Pooja,Pillai,21-08-2024,Gurgaon,,,,
CUST2955,Vikram,Iyer,22-02-2023,Kochi,,,,
CUST2956,Aarav,Sharma,12-07-2024,Pune,,,,
CUST2957,Sunita,Chatterjee,26-11-2022,Jaipur,,,,
CUST2958,Sunita,Shah,07-12-2023,Kolkata,,,,
CUST2959,Aarav,Chatterjee,07-10-2020,Bangalore,,,,
CUST2960,Nisha,Nair,22-06-2023,Indore,,,,
CUST2961,Rohan,Pillai,09-12-2023,Kochi,,,,
CUST2962,Vikram,Bhat,25-04-2022,Ahmedabad,,,,
CUST2963,Kavya,Nair,22-10-2023,Visakhapatnam,,,,
CUST2964,Aarav,Reddy,17-02-2022,Chandigarh,,,,
CUST2965,Nikhil,Bose,04-09-2022,Chennai,,,,
CUST2966,Vikram,Patel,08-09-2022,Chennai,,,,
CUST2967,Ritu,Kapoor,01-09-2021,Noida,,,,
CUST2968,Pooja,Singh,08-12-2021,Kochi,,,,
CUST2969,Sunita,Iyer,15-03-2025,Nagpur,,,,
CUST2970,Sunita,Bhat,01-03-2022,Delhi,,,,
CUST2971,Deepa,Rao,19-08-2023,Bangalore,,,,
CUST2972,Sunita,Kumar,27-08-2022,Gurgaon,,,,
CUST2973,Deepa,Das,22-03-2024,Mumbai,,,,
CUST2974,Arjun,Mehta,07-07-2022,Delhi,,,,
CUST2975,Nikhil,Bhat,22-07-2022,Bangalore,,,,
CUST2976,Karan,Patel,21-06-2023,Mumbai,,,,
CUST2977,Karan,Singh,02-12-2024,Bangalore,,,,
CUST2978,Sunita,Iyer,08-12-2024,Hyderabad,,,,
CUST2979,Amit,Nair,25-05-2021,Kochi,,,,
CUST2980,Sunita,Bose,10-04-2025,Chennai,,,,
CUST2981,Karan,Kumar,22-09-2020,Surat,,,,
CUST2982,Priya,Kumar,28-05-2021,Chennai,,,,
CUST2983,Pooja,Iyer,04-11-2023,Pune,,,,
CUST2984,Arjun,Joshi,14-07-2022,Mumbai,,,,
CUST2985,Deepa,Kumar,05-11-2024,Surat,,,,
CUST2986,Ananya,Bose,17-09-2020,Kochi,,,,
CUST2987,Nikhil,Joshi,20-05-2022,Kolkata,,,,
CUST2988,Aditya,Sharma,12-12-2022,Visakhapatnam,,,,
CUST2989,Meera,Chatterjee,10-12-2024,Mumbai,,,,
CUST2990,Vikram,Bhat,12-03-2022,Pune,,,,
CUST2991,Rahul,Reddy,10-03-2024,Mumbai,,,,
CUST2992,Ritu,Mishra,23-06-2024,Chandigarh,,,,
CUST2993,Kavya,Patel,15-04-2025,Kochi,,,,
CUST2994,Sanjay,Mehta,14-09-2021,Chandigarh,,,,
CUST2995,Arjun,Chatterjee,18-02-2022,Kochi,,,,
CUST2996,Aditya,Nair,12-12-2020,Pune,,,,
CUST2997,Aditya,Kapoor,31-10-2023,Chennai,,,,
CUST2998,Aditya,Kapoor,13-05-2022,Mumbai,,,,
CUST2999,Shreya,Gupta,04-08-2022,Bhubaneswar,,,,
CUST3000,Pooja,Patel,14-07-2022,Chennai,,,,
CUST3001,Ananya,Shah,02-03-2023,Hyderabad,,,,
CUST3002,Amit,Singh,13-06-2022,Bangalore,,,,
CUST3003,Aarav,Reddy,09-09-2021,Bangalore,,,,
CUST3004,Ananya,Gupta,13-10-2020,Bangalore,,,,
CUST3005,Meera,Kumar,11-02-2021,Kolkata,,,,
CUST3006,Ananya,Chatterjee,01-12-2021,Kolkata,,,,
CUST3007,Nisha,Reddy,11-10-2022,Chennai,,,,
CUST3008,Amit,Bhat,16-05-2024,Delhi,,,,
CUST3009,Nisha,Mehta,27-04-2021,Pune,,,,
CUST3010,Vikram,Joshi,18-10-2024,Mumbai,,,,
CUST3011,Deepa,Sharma,13-03-2024,Delhi,,,,
CUST3012,Shreya,Kapoor,10-08-2023,Nagpur,,,,
CUST3013,Vikram,Singh,01-12-2022,Pune,,,,
CUST3014,Deepa,Pillai,06-05-2025,Bangalore,,,,
CUST3015,Rahul,Bose,11-12-2022,Pune,,,,
CUST3016,Shreya,Iyer,04-08-2025,Mumbai,,,,
CUST3017,Deepa,Joshi,03-11-2022,Kolkata,,,,
CUST3018,Pooja,Patel,28-06-2025,Kolkata,,,,
CUST3019,Pooja,Joshi,28-11-2024,Visakhapatnam,,,,
CUST3020,Pooja,Verma,10-04-2021,Mumbai,,,,
CUST3021,Karan,Kapoor,01-12-2022,Lucknow,,,,
CUST3022,Arjun,Das,16-09-2022,Kolkata,,,,
CUST3023,Rahul,Pillai,17-07-2022,Kochi,,,,
CUST3024,Rahul,Shah,10-03-2022,Jaipur,,,,
CUST3025,Ritu,Bose,21-10-2024,Pune,,,,
CUST3026,Vikram,Pillai,12-08-2025,Hyderabad,,,,
CUST3027,Aditya,Singh,10-03-2025,Pune,,,,
CUST3028,Sunita,Bhat,31-07-2021,Mumbai,,,,
CUST3029,Rahul,Singh,14-10-2020,Pune,,,,
CUST3030,Amit,Pillai,09-09-2024,Pune,,,,
CUST3031,Rahul,Rao,29-04-2023,Bangalore,,,,
CUST3032,Pooja,Rao,12-01-2023,Jaipur,,,,
CUST3033,Karan,Kumar,11-09-2022,Mumbai,,,,
CUST3034,Deepa,Chatterjee,14-12-2021,Mumbai,,,,
CUST3035,Rahul,Nair,29-09-2022,Mumbai,,,,
CUST3036,Deepa,Kumar,07-05-2022,Mumbai,,,,
CUST3037,Aarav,Pillai,16-04-2025,Pune,,,,
CUST3038,Ritu,Patel,21-06-2025,Mumbai,,,,
CUST3039,Ritu,Kapoor,07-03-2024,Nagpur,,,,
CUST3040,Shreya,Singh,10-09-2023,Delhi,,,,
CUST3041,Vikram,Chatterjee,16-10-2022,Visakhapatnam,,,,
CUST3042,Shreya,Das,28-12-2022,Surat,,,,
CUST3043,Pooja,Nair,31-01-2022,Chandigarh,,,,
CUST3044,Arjun,Gupta,02-11-2024,Indore,,,,
CUST3045,Rohan,Iyer,03-08-2023,Nagpur,,,,
CUST3046,Shreya,Chatterjee,17-09-2020,Chennai,,,,
CUST3047,Rohan,Das,27-07-2023,Chandigarh,,,,
CUST3048,Ritu,Singh,20-08-2025,Nagpur,,,,
CUST3049,Nisha,Das,08-08-2021,Kolkata,,,,
CUST3050,Aditya,Chatterjee,20-08-2021,Gurgaon,,,,
CUST3051,Ritu,Singh,06-10-2024,Nagpur,,,,
CUST3052,Meera,Nair,24-11-2022,Pune,,,,
CUST3053,Deepa,Mehta,06-09-2021,Chennai,,,,
CUST3054,Karan,Joshi,25-08-2020,Hyderabad,,,,
CUST3055,Arjun,Mishra,13-10-2024,Nagpur,,,,
CUST3056,Deepa,Rao,15-03-2025,Chennai,,,,
CUST3057,Meera,Iyer,11-03-2024,Chennai,,,,
CUST3058,Deepa,Sharma,27-06-2024,Hyderabad,,,,
CUST3059,Aarav,Kapoor,14-03-2022,Kolkata,,,,
CUST3060,Sunita,Rao,20-02-2024,Pune,,,,
CUST3061,Sanjay,Bose,25-06-2021,Hyderabad,,,,
CUST3062,Nisha,Chatterjee,21-07-2023,Pune,,,,
CUST3063,Arjun,Patel,12-03-2024,Gurgaon,,,,
CUST3064,Meera,Reddy,17-10-2021,Kolkata,,,,
CUST3065,Pooja,Reddy,29-05-2022,Chennai,,,,
CUST3066,Rahul,Bose,03-03-2023,Kochi,,,,
CUST3067,Rahul,Chatterjee,15-12-2024,Nagpur,,,,
CUST3068,Pooja,Pillai,03-01-2025,Noida,,,,
CUST3069,Nikhil,Rao,08-06-2021,Jaipur,,,,
CUST3070,Nisha,Das,09-09-2020,Jaipur,,,,
CUST3071,Rahul,Kapoor,26-04-2021,Mumbai,,,,
CUST3072,Karan,Singh,22-07-2025,Ahmedabad,,,,
CUST3073,Vikram,Singh,26-03-2025,Hyderabad,,,,
CUST3074,Shreya,Verma,19-07-2022,Mumbai,,,,
CUST3075,Priya,Singh,07-06-2021,Chennai,,,,
CUST3076,Karan,Bose,28-03-2023,Visakhapatnam,,,,
CUST3077,Karan,Kapoor,13-12-2022,Delhi,,,,
CUST3078,Arjun,Chatterjee,07-11-2020,Mumbai,,,,
CUST3079,Ananya,Das,09-10-2024,Delhi,,,,
CUST3080,Ritu,Iyer,15-09-2023,Kochi,,,,
CUST3081,Aditya,Shah,19-07-2022,Chennai,,,,
CUST3082,Aditya,Joshi,15-10-2020,Visakhapatnam,,,,
CUST3083,Shreya,Chatterjee,08-07-2024,Kochi,,,,
CUST3084,Shreya,Joshi,20-05-2025,Hyderabad,,,,
CUST3085,Arjun,Singh,29-06-2023,Pune,,,,
CUST3086,Meera,Kumar,22-04-2022,Noida,,,,
CUST3087,Vikram,Pillai,04-11-2024,Pune,,,,
CUST3088,Nikhil,Bhat,13-07-2023,Chennai,,,,
CUST3089,Sunita,Das,01-10-2021,Lucknow,,,,
CUST3090,Nikhil,Chatterjee,21-12-2024,Surat,,,,
CUST3091,Rohan,Kapoor,16-11-2022,Pune,,,,
CUST3092,Rahul,Chatterjee,05-03-2023,Hyderabad,,,,
CUST3093,Nisha,Das,18-01-2025,Delhi,,,,
CUST3094,Aarav,Bhat,07-10-2021,Pune,,,,
CUST3095,Arjun,Reddy,02-01-2022,Chandigarh,,,,
CUST3096,Ananya,Das,04-08-2025,Hyderabad,,,,
CUST3097,Arjun,Pillai,06-12-2021,Mumbai,,,,
CUST3098,Kavya,Iyer,19-11-2024,Noida,,,,
CUST3099,Deepa,Reddy,08-03-2024,Chandigarh,,,,
CUST3100,Karan,Joshi,20-12-2023,Nagpur,,,,
CUST3101,Nikhil,Kapoor,08-06-2024,Chennai,,,,
CUST3102,Nikhil,Bhat,25-10-2023,Ahmedabad,,,,
CUST3103,Shreya,Pillai,05-03-2023,Bangalore,,,,
CUST3104,Aditya,Kapoor,05-12-2021,Lucknow,,,,
CUST3105,Shreya,Bose,30-03-2022,Bangalore,,,,
CUST3106,Ananya,Sharma,04-08-2025,Kochi,,,,
CUST3107,Sanjay,Joshi,12-01-2022,Hyderabad,,,,
CUST3108,Meera,Shah,14-12-2021,Bangalore,,,,
CUST3109,Meera,Mehta,17-04-2021,Surat,,,,
CUST3110,Sanjay,Gupta,27-03-2024,Visakhapatnam,,,,
CUST3111,Ananya,Kumar,10-10-2020,Bhubaneswar,,,,
CUST3112,Karan,Mishra,18-05-2025,Bangalore,,,,
CUST3113,Meera,Joshi,18-02-2025,Pune,,,,
CUST3114,Ananya,Bhat,02-03-2024,Chennai,,,,
CUST3115,Priya,Singh,05-08-2025,Pune,,,,
CUST3116,Nikhil,Joshi,25-08-2020,Chennai,,,,
CUST3117,Rahul,Kapoor,09-05-2025,Chandigarh,,,,
CUST3118,Aarav,Iyer,14-08-2021,Mumbai,,,,
CUST3119,Rahul,Reddy,23-09-2023,Gurgaon,,,,
CUST3120,Nikhil,Reddy,11-04-2025,Bangalore,,,,
CUST3121,Pooja,Nair,13-08-2024,Pune,,,,
CUST3122,Ritu,Verma,05-09-2022,Bangalore,,,,
CUST3123,Arjun,Joshi,03-01-2024,Bangalore,,,,
CUST3124,Vikram,Chatterjee,28-05-2023,Chennai,,,,
CUST3125,Ananya,Pillai,26-07-2021,Kolkata,,,,
CUST3126,Arjun,Verma,31-12-2022,Chennai,,,,
CUST3127,Nikhil,Bhat,19-04-2025,Chandigarh,,,,
CUST3128,Deepa,Chatterjee,13-07-2024,Kolkata,,,,
CUST3129,Ritu,Joshi,04-05-2023,Pune,,,,
CUST3130,Sunita,Verma,14-06-2021,Chennai,,,,
CUST3131,Sanjay,Bose,05-02-2025,Hyderabad,,,,
CUST3132,Aditya,Reddy,02-11-2020,Mumbai,,,,
CUST3133,Kavya,Verma,23-05-2025,Chennai,,,,
CUST3134,Sanjay,Kumar,19-01-2023,Kolkata,,,,
CUST3135,Vikram,Iyer,22-03-2025,Mumbai,,,,
CUST3136,Meera,Kumar,13-12-2022,Mumbai,,,,
CUST3137,Nisha,Gupta,13-09-2023,Chennai,,,,
CUST3138,Sanjay,Shah,01-09-2021,Hyderabad,,,,
CUST3139,Amit,Bhat,05-02-2022,Chennai,,,,
CUST3140,Ananya,Mishra,25-11-2021,Bhubaneswar,,,,
CUST3141,Ananya,Rao,24-04-2024,Chennai,,,,
CUST3142,Karan,Iyer,18-10-2022,Kochi,,,,
CUST3143,Aarav,Verma,22-02-2021,Bangalore,,,,
CUST3144,Priya,Verma,23-01-2023,Hyderabad,,,,
CUST3145,Meera,Pillai,04-07-2021,Nagpur,,,,
CUST3146,Pooja,Kumar,11-05-2023,Kochi,,,,
CUST3147,Amit,Reddy,18-07-2023,Mumbai,,,,
CUST3148,Meera,Das,15-01-2022,Nagpur,,,,
CUST3149,Nisha,Patel,02-07-2022,Delhi,,,,
CUST3150,Arjun,Mishra,25-07-2024,Jaipur,,,,
CUST3151,Deepa,Patel,09-03-2025,Hyderabad,,,,
CUST3152,Meera,Reddy,24-09-2020,Kolkata,,,,
CUST3153,Nisha,Joshi,03-02-2025,Chennai,,,,
CUST3154,Arjun,Singh,10-03-2025,Ahmedabad,,,,
CUST3155,Nisha,Kapoor,04-02-2025,Delhi,,,,
CUST3156,Sanjay,Mehta,31-03-2022,Chandigarh,,,,
CUST3157,Shreya,Mishra,06-08-2023,Nagpur,,,,
CUST3158,Ritu,Reddy,04-12-2021,Kochi,,,,
CUST3159,Meera,Pillai,18-05-2025,Chandigarh,,,,
CUST3160,Rohan,Chatterjee,05-07-2025,Pune,,,,
CUST3161,Kavya,Das,20-08-2021,Chennai,,,,
CUST3162,Sunita,Patel,09-10-2020,Kolkata,,,,
CUST3163,Nisha,Shah,08-11-2021,Pune,,,,
CUST3164,Arjun,Das,09-03-2022,Gurgaon,,,,
CUST3165,Aarav,Bhat,19-09-2024,Mumbai,,,,
CUST3166,Ananya,Sharma,01-08-2025,Hyderabad,,,,
CUST3167,Meera,Nair,27-08-2021,Chennai,,,,
CUST3168,Vikram,Iyer,12-03-2025,Mumbai,,,,
CUST3169,Arjun,Rao,07-04-2023,Bangalore,,,,
CUST3170,Deepa,Verma,24-04-2022,Bhubaneswar,,,,
CUST3171,Nisha,Das,14-02-2023,Mumbai,,,,
CUST3172,Pooja,Singh,07-04-2025,Hyderabad,,,,
CUST3173,Ananya,Shah,23-02-2025,Kochi,,,,
CUST3174,Nisha,Bose,31-12-2021,Patna,,,,
CUST3175,Pooja,Bose,16-03-2025,Pune,,,,
CUST3176,Ananya,Iyer,19-02-2024,Hyderabad,,,,
CUST3177,Ananya,Pillai,22-07-2022,Hyderabad,,,,
CUST3178,Pooja,Chatterjee,03-01-2021,Mumbai,,,,
CUST3179,Nikhil,Sharma,18-05-2022,Hyderabad,,,,
CUST3180,Ritu,Singh,16-02-2021,Bhubaneswar,,,,
CUST3181,Rohan,Bhat,24-04-2021,Bangalore,,,,
CUST3182,Arjun,Mehta,31-03-2025,Hyderabad,,,,
CUST3183,Pooja,Patel,19-10-2024,Delhi,,,,
CUST3184,Aditya,Nair,06-12-2021,Bangalore,,,,
CUST3185,Meera,Verma,23-02-2021,Kochi,,,,
CUST3186,Aditya,Das,07-09-2020,Chennai,,,,
CUST3187,Rahul,Shah,02-09-2023,Hyderabad,,,,
CUST3188,Aarav,Mehta,16-03-2023,Hyderabad,,,,
CUST3189,Priya,Chatterjee,26-04-2024,Mumbai,,,,
CUST3190,Rahul,Rao,18-10-2024,Indore,,,,
CUST3191,Deepa,Singh,22-05-2023,Noida,,,,
CUST3192,Priya,Verma,01-09-2020,Bangalore,,,,
CUST3193,Aditya,Joshi,31-05-2022,Visakhapatnam,,,,
CUST3194,Priya,Bose,25-07-2022,Pune,,,,
CUST3195,Ritu,Sharma,10-09-2024,Noida,,,,
CUST3196,Shreya,Joshi,08-01-2023,Hyderabad,,,,
CUST3197,Meera,Kapoor,30-07-2024,Chennai,,,,
CUST3198,Meera,Kapoor,08-09-2020,Jaipur,,,,
CUST3199,Sanjay,Reddy,11-12-2020,Nagpur,,,,
CUST3200,Kavya,Kapoor,08-04-2025,Mumbai,,,,
CUST3201,Kavya,Bose,23-10-2024,Kochi,,,,
CUST3202,Shreya,Mishra,27-11-2021,Bangalore,,,,
CUST3203,Ritu,Iyer,31-03-2024,Surat,,,,
CUST3204,Aditya,Patel,21-12-2022,Lucknow,,,,
CUST3205,Ananya,Bose,29-08-2020,Gurgaon,,,,
CUST3206,Amit,Nair,11-05-2022,Delhi,,,,
CUST3207,Vikram,Rao,25-07-2025,Indore,,,,
CUST3208,Rahul,Bhat,23-10-2021,Hyderabad,,,,
CUST3209,Shreya,Mehta,29-10-2024,Surat,,,,
CUST3210,Meera,Mishra,01-06-2023,Bangalore,,,,
CUST3211,Arjun,Pillai,16-02-2022,Kolkata,,,,
CUST3212,Priya,Pillai,23-05-2024,Jaipur,,,,
CUST3213,Ananya,Bose,17-05-2024,Bangalore,,,,
CUST3214,Karan,Mehta,27-01-2021,Bangalore,,,,
CUST3215,Vikram,Patel,28-12-2023,Lucknow,,,,
CUST3216,Aarav,Pillai,09-12-2020,Kolkata,,,,
CUST3217,Nikhil,Reddy,19-03-2023,Pune,,,,
CUST3218,Vikram,Sharma,03-10-2024,Chennai,,,,
CUST3219,Kavya,Singh,18-09-2024,Bangalore,,,,
CUST3220,Karan,Das,09-08-2024,Pune,,,,
CUST3221,Pooja,Joshi,09-01-2022,Hyderabad,,,,
CUST3222,Amit,Nair,29-03-2021,Kochi,,,,
CUST3223,Pooja,Iyer,27-06-2022,Noida,,,,
CUST3224,Amit,Sharma,17-04-2023,Pune,,,,
CUST3225,Nisha,Patel,09-04-2023,Nagpur,,,,
CUST3226,Deepa,Bose,28-04-2024,Gurgaon,,,,
CUST3227,Aditya,Kapoor,24-03-2021,Hyderabad,,,,
CUST3228,Kavya,Patel,19-12-2020,Lucknow,,,,
CUST3229,Kavya,Reddy,02-05-2021,Delhi,,,,
CUST3230,Rahul,Bhat,06-07-2024,Delhi,,,,
CUST3231,Shreya,Chatterjee,04-08-2021,Mumbai,,,,
CUST3232,Arjun,Kapoor,13-10-2024,Chandigarh,,,,
CUST3233,Aditya,Sharma,04-03-2023,Kolkata,,,,
CUST3234,Ananya,Pillai,22-12-2020,Delhi,,,,
CUST3235,Meera,Kapoor,26-11-2021,Kolkata,,,,
CUST3236,Shreya,Gupta,23-08-2022,Bangalore,,,,
CUST3237,Meera,Pillai,26-08-2024,Nagpur,,,,
CUST3238,Sanjay,Rao,20-06-2023,Gurgaon,,,,
CUST3239,Pooja,Pillai,11-03-2022,Patna,,,,
CUST3240,Aditya,Mishra,13-04-2022,Chennai,,,,
CUST3241,Nikhil,Nair,07-01-2023,Hyderabad,,,,
CUST3242,Amit,Verma,25-04-2022,Bangalore,,,,
CUST3243,Pooja,Patel,26-01-2022,Kochi,,,,
CUST3244,Karan,Shah,17-03-2024,Pune,,,,
CUST3245,Rahul,Das,08-12-2023,Kolkata,,,,
CUST3246,Ananya,Chatterjee,24-06-2022,Bhubaneswar,,,,
CUST3247,Pooja,Bose,24-02-2022,Lucknow,,,,
CUST3248,Rohan,Bose,20-03-2021,Gurgaon,,,,
CUST3249,Vikram,Shah,14-09-2023,Chennai,,,,
CUST3250,Kavya,Kumar,14-07-2025,Chennai,,,,
CUST3251,Pooja,Sharma,04-01-2022,Nagpur,,,,
CUST3252,Karan,Bose,24-08-2024,Surat,,,,
CUST3253,Priya,Chatterjee,08-06-2025,Bhubaneswar,,,,
CUST3254,Priya,Verma,29-08-2023,Chandigarh,,,,
CUST3255,Karan,Pillai,15-02-2023,Lucknow,,,,
CUST3256,Aditya,Kumar,05-02-2025,Nagpur,,,,
CUST3257,Aarav,Mehta,16-07-2025,Kolkata,,,,
CUST3258,Nikhil,Bose,13-10-2021,Pune,,,,
CUST3259,Pooja,Shah,22-02-2025,Kolkata,,,,
CUST3260,Amit,Das,22-09-2024,Nagpur,,,,
CUST3261,Sunita,Verma,21-06-2024,Chennai,,,,
CUST3262,Ananya,Mehta,06-12-2023,Kolkata,,,,
CUST3263,Ananya,Mishra,15-01-2024,Hyderabad,,,,
CUST3264,Meera,Kapoor,04-03-2023,Mumbai,,,,
CUST3265,Karan,Chatterjee,06-11-2023,Ahmedabad,,,,
CUST3266,Deepa,Mehta,17-08-2025,Pune,,,,
CUST3267,Sunita,Joshi,23-03-2023,Delhi,,,,
CUST3268,Meera,Singh,26-11-2021,Delhi,,,,
CUST3269,Sunita,Pillai,25-08-2021,Hyderabad,,,,
CUST3270,Priya,Mehta,12-01-2022,Hyderabad,,,,
CUST3271,Amit,Patel,23-06-2023,Chennai,,,,
CUST3272,Rohan,Kapoor,28-06-2021,Bangalore,,,,
CUST3273,Ritu,Patel,30-06-2025,Kochi,,,,
CUST3274,Aarav,Mehta,15-07-2025,Noida,,,,
CUST3275,Arjun,Iyer,18-07-2022,Kolkata,,,,
CUST3276,Pooja,Pillai,03-07-2022,Nagpur,,,,
CUST3277,Ritu,Das,03-05-2025,Hyderabad,,,,
CUST3278,Rohan,Singh,16-09-2023,Nagpur,,,,
CUST3279,Sunita,Pillai,29-06-2024,Kolkata,,,,
CUST3280,Kavya,Iyer,12-09-2020,Bangalore,,,,
CUST3281,Sanjay,Bose,02-06-2025,Delhi,,,,
CUST3282,Pooja,Rao,23-08-2025,Chennai,,,,
CUST3283,Shreya,Reddy,29-06-2022,Bangalore,,,,
CUST3284,Rohan,Mehta,18-06-2023,Delhi,,,,
CUST3285,Nikhil,Sharma,02-07-2025,Bangalore,,,,
CUST3286,Deepa,Kapoor,27-02-2023,Delhi,,,,
CUST3287,Aditya,Nair,31-01-2022,Bangalore,,,,
CUST3288,Amit,Sharma,30-03-2025,Hyderabad,,,,
CUST3289,Sanjay,Gupta,12-08-2023,Kolkata,,,,
CUST3290,Sunita,Pillai,15-02-2025,Pune,,,,
CUST3291,Sanjay,Pillai,01-06-2025,Lucknow,,,,
CUST3292,Ananya,Shah,24-04-2024,Chennai,,,,
CUST3293,Arjun,Mehta,16-12-2022,Kochi,,,,
CUST3294,Rohan,Nair,17-03-2022,Nagpur,,,,
CUST3295,Sunita,Nair,01-10-2021,Hyderabad,,,,
CUST3296,Aditya,Kapoor,29-08-2020,Chennai,,,,
CUST3297,Ritu,Mehta,09-07-2023,Pune,,,,
CUST3298,Nisha,Joshi,12-06-2023,Indore,,,,
CUST3299,Pooja,Mehta,01-05-2024,Kolkata,,,,
CUST3300,Rahul,Chatterjee,08-12-2024,Mumbai,,,,
CUST3301,Nisha,Reddy,09-10-2024,Ahmedabad,,,,
CUST3302,Aditya,Shah,02-01-2021,Bhubaneswar,,,,
CUST3303,Rohan,Joshi,16-01-2022,Bangalore,,,,
CUST3304,Ananya,Rao,31-08-2023,Indore,,,,
CUST3305,Kavya,Sharma,30-08-2022,Hyderabad,,,,
CUST3306,Ananya,Chatterjee,04-01-2022,Chennai,,,,
CUST3307,Priya,Pillai,04-07-2024,Chennai,,,,
CUST3308,Sunita,Joshi,16-06-2022,Kolkata,,,,
CUST3309,Karan,Rao,08-07-2021,Surat,,,,
CUST3310,Karan,Joshi,08-03-2023,Pune,,,,
CUST3311,Aditya,Gupta,27-12-2020,Hyderabad,,,,
CUST3312,Rahul,Kumar,18-03-2023,Mumbai,,,,
CUST3313,Ritu,Mishra,05-04-2024,Pune,,,,
CUST3314,Priya,Nair,25-06-2024,Chennai,,,,
CUST3315,Pooja,Sharma,15-04-2022,Bhubaneswar,,,,
CUST3316,Deepa,Nair,02-12-2022,Patna,,,,
CUST3317,Vikram,Gupta,23-12-2022,Ahmedabad,,,,
CUST3318,Shreya,Bose,09-10-2023,Kolkata,,,,
CUST3319,Arjun,Reddy,08-10-2023,Pune,,,,
CUST3320,Karan,Gupta,02-11-2024,Surat,,,,
CUST3321,Vikram,Mehta,07-06-2025,Bangalore,,,,
CUST3322,Sunita,Chatterjee,11-05-2021,Lucknow,,,,
CUST3323,Pooja,Joshi,02-01-2023,Chennai,,,,
CUST3324,Kavya,Singh,01-04-2023,Chennai,,,,
CUST3325,Sunita,Bose,25-08-2024,Mumbai,,,,
CUST3326,Arjun,Kapoor,17-07-2021,Chandigarh,,,,
CUST3327,Aditya,Pillai,22-03-2022,Mumbai,,,,
CUST3328,Meera,Kumar,09-08-2021,Hyderabad,,,,
CUST3329,Meera,Iyer,30-10-2023,Visakhapatnam,,,,
CUST3330,Aditya,Shah,17-10-2021,Chandigarh,,,,
CUST3331,Nikhil,Bose,14-10-2021,Delhi,,,,
CUST3332,Amit,Kumar,29-12-2021,Chandigarh,,,,
CUST3333,Rahul,Chatterjee,28-09-2020,Delhi,,,,
CUST3334,Priya,Verma,03-03-2023,Chandigarh,,,,
CUST3335,Vikram,Rao,14-07-2025,Delhi,,,,
CUST3336,Priya,Pillai,24-03-2022,Kolkata,,,,
CUST3337,Deepa,Shah,01-05-2022,Pune,,,,
CUST3338,Kavya,Rao,06-03-2025,Mumbai,,,,
CUST3339,Rohan,Chatterjee,15-12-2023,Hyderabad,,,,
CUST3340,Meera,Chatterjee,07-08-2023,Bangalore,,,,
CUST3341,Ananya,Patel,27-10-2023,Indore,,,,
CUST3342,Rahul,Chatterjee,13-02-2024,Visakhapatnam,,,,
CUST3343,Aditya,Singh,29-08-2023,Chandigarh,,,,
CUST3344,Aditya,Kapoor,07-12-2021,Delhi,,,,
CUST3345,Karan,Pillai,07-08-2022,Chandigarh,,,,
CUST3346,Nikhil,Nair,15-12-2020,Mumbai,,,,
CUST3347,Karan,Mehta,07-08-2022,Chandigarh,,,,
CUST3348,Deepa,Reddy,28-06-2025,Kolkata,,,,
CUST3349,Deepa,Joshi,02-09-2020,Chennai,,,,
CUST3350,Nikhil,Reddy,03-05-2025,Chennai,,,,
CUST3351,Ritu,Kapoor,29-09-2024,Chennai,,,,
CUST3352,Priya,Mehta,22-12-2020,Hyderabad,,,,
CUST3353,Priya,Gupta,07-09-2024,Kolkata,,,,
CUST3354,Aarav,Sharma,28-07-2024,Mumbai,,,,
CUST3355,Rohan,Bose,29-09-2022,Bangalore,,,,
CUST3356,Amit,Iyer,19-12-2022,Hyderabad,,,,
CUST3357,Aditya,Verma,02-06-2024,Patna,,,,
CUST3358,Meera,Kapoor,25-05-2022,Kolkata,,,,
CUST3359,Nikhil,Verma,02-04-2025,Nagpur,,,,
CUST3360,Kavya,Mehta,06-06-2025,Nagpur,,,,
CUST3361,Aditya,Joshi,22-03-2023,Hyderabad,,,,
CUST3362,Rohan,Verma,10-12-2023,Lucknow,,,,
CUST3363,Vikram,Kapoor,11-03-2024,Bangalore,,,,
CUST3364,Sanjay,Bose,17-04-2025,Mumbai,,,,
CUST3365,Amit,Rao,26-02-2025,Chennai,,,,
CUST3366,Aarav,Gupta,22-05-2022,Pune,,,,
CUST3367,Aarav,Rao,28-11-2022,Mumbai,,,,
CUST3368,Sanjay,Iyer,19-09-2020,Mumbai,,,,
CUST3369,Aarav,Kumar,03-08-2022,Bhubaneswar,,,,
CUST3370,Aarav,Pillai,15-11-2022,Bangalore,,,,
CUST3371,Vikram,Joshi,05-07-2025,Ahmedabad,,,,
CUST3372,Sanjay,Mishra,19-01-2024,Pune,,,,
CUST3373,Nikhil,Shah,12-12-2022,Kolkata,,,,
CUST3374,Shreya,Kapoor,25-10-2021,Mumbai,,,,
CUST3375,Pooja,Reddy,21-06-2023,Mumbai,,,,
CUST3376,Pooja,Gupta,19-04-2025,Bangalore,,,,
CUST3377,Sanjay,Kumar,11-02-2025,Delhi,,,,
CUST3378,Aditya,Patel,10-10-2020,Pune,,,,
CUST3379,Deepa,Kumar,03-11-2021,Visakhapatnam,,,,
CUST3380,Nikhil,Iyer,10-06-2022,Lucknow,,,,
CUST3381,Meera,Verma,30-05-2023,Chandigarh,,,,
CUST3382,Aarav,Sharma,31-03-2023,Mumbai,,,,
CUST3383,Deepa,Pillai,08-07-2022,Nagpur,,,,
CUST3384,Nikhil,Das,11-08-2024,Hyderabad,,,,
CUST3385,Karan,Nair,03-06-2024,Bangalore,,,,
CUST3386,Priya,Reddy,04-06-2021,Chennai,,,,
CUST3387,Rahul,Gupta,30-01-2023,Hyderabad,,,,
CUST3388,Priya,Nair,12-11-2020,Kochi,,,,
CUST3389,Kavya,Iyer,09-12-2020,Hyderabad,,,,
CUST3390,Deepa,Singh,21-10-2022,Chennai,,,,
CUST3391,Meera,Das,20-03-2021,Mumbai,,,,
CUST3392,Aarav,Verma,11-08-2022,Delhi,,,,
CUST3393,Sanjay,Kapoor,28-06-2024,Chennai,,,,
CUST3394,Nisha,Sharma,06-10-2021,Gurgaon,,,,
CUST3395,Ritu,Gupta,02-05-2021,Pune,,,,
CUST3396,Sunita,Shah,25-05-2021,Pune,,,,
CUST3397,Amit,Reddy,07-01-2024,Gurgaon,,,,
CUST3398,Kavya,Sharma,15-07-2022,Hyderabad,,,,
CUST3399,Sanjay,Bose,13-01-2023,Pune,,,,
CUST3400,Arjun,Sharma,05-07-2022,Nagpur,,,,
CUST3401,Ritu,Kapoor,22-09-2022,Pune,,,,
CUST3402,Amit,Verma,02-11-2023,Delhi,,,,
CUST3403,Ananya,Reddy,10-11-2024,Chennai,,,,
CUST3404,Amit,Pillai,28-06-2024,Hyderabad,,,,
CUST3405,Pooja,Verma,28-05-2025,Delhi,,,,
CUST3406,Rohan,Sharma,06-04-2021,Mumbai,,,,
CUST3407,Priya,Patel,26-10-2020,Bangalore,,,,
CUST3408,Rahul,Chatterjee,12-10-2020,Chandigarh,,,,
CUST3409,Amit,Shah,24-12-2021,Surat,,,,
CUST3410,Deepa,Bose,13-02-2022,Ahmedabad,,,,
CUST3411,Shreya,Chatterjee,05-05-2025,Hyderabad,,,,
CUST3412,Priya,Joshi,30-06-2024,Mumbai,,,,
CUST3413,Ananya,Iyer,04-07-2021,Bangalore,,,,
CUST3414,Amit,Reddy,05-08-2023,Mumbai,,,,
CUST3415,Kavya,Bose,15-05-2022,Kolkata,,,,
CUST3416,Kavya,Reddy,10-09-2023,Kolkata,,,,
CUST3417,Arjun,Singh,22-06-2025,Kolkata,,,,
CUST3418,Sunita,Joshi,27-03-2023,Lucknow,,,,
CUST3419,Ritu,Shah,11-08-2023,Noida,,,,
CUST3420,Arjun,Gupta,24-06-2023,Hyderabad,,,,
CUST3421,Ananya,Sharma,06-06-2022,Bangalore,,,,
CUST3422,Shreya,Nair,20-03-2024,Nagpur,,,,
CUST3423,Rahul,Iyer,01-05-2023,Jaipur,,,,
CUST3424,Meera,Bhat,02-06-2022,Bangalore,,,,
CUST3425,Rahul,Chatterjee,26-09-2023,Kolkata,,,,
CUST3426,Priya,Shah,27-06-2024,Kochi,,,,
CUST3427,Meera,Mishra,27-07-2023,Gurgaon,,,,
CUST3428,Amit,Kapoor,18-08-2025,Bhubaneswar,,,,
CUST3429,Nikhil,Reddy,27-10-2022,Kochi,,,,
CUST3430,Deepa,Verma,06-07-2025,Delhi,,,,
CUST3431,Meera,Kumar,12-06-2021,Hyderabad,,,,
CUST3432,Ananya,Sharma,09-01-2021,Surat,,,,
CUST3433,Rahul,Mehta,14-06-2023,Pune,,,,
CUST3434,Sunita,Nair,30-08-2021,Bangalore,,,,
CUST3435,Priya,Joshi,14-03-2024,Visakhapatnam,,,,
CUST3436,Nisha,Reddy,05-10-2023,Lucknow,,,,
CUST3437,Karan,Gupta,05-09-2024,Noida,,,,
CUST3438,Sunita,Kapoor,15-11-2020,Jaipur,,,,
CUST3439,Meera,Bose,21-11-2021,Indore,,,,
CUST3440,Nikhil,Singh,30-07-2025,Mumbai,,,,
CUST3441,Aarav,Das,13-03-2023,Delhi,,,,
CUST3442,Pooja,Verma,23-09-2021,Lucknow,,,,
CUST3443,Rohan,Kumar,30-07-2021,Mumbai,,,,
CUST3444,Meera,Pillai,26-11-2021,Kochi,,,,
CUST3445,Sanjay,Bose,20-11-2022,Gurgaon,,,,
CUST3446,Rahul,Joshi,30-01-2022,Kolkata,,,,
CUST3447,Meera,Singh,21-07-2022,Mumbai,,,,
CUST3448,Priya,Singh,11-01-2021,Hyderabad,,,,
CUST3449,Arjun,Iyer,19-04-2021,Mumbai,,,,
CUST3450,Kavya,Nair,05-04-2024,Hyderabad,,,,
CUST3451,Arjun,Shah,09-02-2021,Nagpur,,,,
CUST3452,Deepa,Verma,21-08-2021,Hyderabad,,,,
CUST3453,Ananya,Mishra,18-11-2023,Patna,,,,
CUST3454,Nikhil,Kumar,06-10-2022,Lucknow,,,,
CUST3455,Aditya,Mehta,21-01-2024,Pune,,,,
CUST3456,Ritu,Nair,08-04-2024,Kolkata,,,,
CUST3457,Rohan,Kapoor,07-01-2025,Jaipur,,,,
CUST3458,Meera,Iyer,15-10-2022,Chennai,,,,
CUST3459,Ananya,Sharma,13-12-2023,Noida,,,,
CUST3460,Karan,Patel,04-11-2023,Kochi,,,,
CUST3461,Nikhil,Iyer,22-11-2021,Bangalore,,,,
CUST3462,Amit,Reddy,30-01-2025,Noida,,,,
CUST3463,Shreya,Das,11-10-2022,Bhubaneswar,,,,
CUST3464,Amit,Mishra,09-06-2021,Bangalore,,,,
CUST3465,Nikhil,Patel,14-10-2024,Mumbai,,,,
CUST3466,Meera,Das,14-02-2024,Kochi,,,,
CUST3467,Arjun,Gupta,07-04-2024,Kochi,,,,
CUST3468,Vikram,Shah,19-12-2020,Ahmedabad,,,,
CUST3469,Meera,Kumar,11-09-2024,Lucknow,,,,
CUST3470,Deepa,Iyer,23-07-2023,Delhi,,,,
CUST3471,Sunita,Iyer,12-12-2020,Surat,,,,
CUST3472,Meera,Patel,14-04-2021,Jaipur,,,,
CUST3473,Sunita,Kumar,28-07-2022,Kolkata,,,,
CUST3474,Meera,Bose,07-08-2024,Bangalore,,,,
CUST3475,Ritu,Gupta,25-01-2022,Pune,,,,
CUST3476,Ananya,Kumar,28-05-2025,Noida,,,,
CUST3477,Meera,Verma,10-09-2024,Mumbai,,,,
CUST3478,Amit,Shah,06-06-2024,Lucknow,,,,
CUST3479,Amit,Sharma,03-08-2025,Kolkata,,,,
CUST3480,Amit,Joshi,14-08-2023,Hyderabad,,,,
CUST3481,Shreya,Chatterjee,29-07-2024,Bangalore,,,,
CUST3482,Vikram,Patel,15-09-2022,Mumbai,,,,
CUST3483,Sunita,Singh,05-03-2022,Kolkata,,,,
CUST3484,Rahul,Verma,21-07-2024,Pune,,,,
CUST3485,Arjun,Bhat,13-09-2024,Kolkata,,,,
CUST3486,Karan,Reddy,07-11-2024,Delhi,,,,
CUST3487,Vikram,Bhat,07-03-2025,Mumbai,,,,
CUST3488,Sunita,Mishra,06-11-2022,Pune,,,,
CUST3489,Amit,Bose,10-11-2020,Chennai,,,,
CUST3490,Sunita,Das,14-06-2022,Pune,,,,
CUST3491,Shreya,Gupta,16-09-2021,Kolkata,,,,
CUST3492,Aditya,Pillai,28-06-2024,Chandigarh,,,,
CUST3493,Sanjay,Nair,08-11-2023,Hyderabad,,,,
CUST3494,Rohan,Singh,06-05-2025,Hyderabad,,,,
CUST3495,Deepa,Bhat,13-05-2021,Delhi,,,,
CUST3496,Arjun,Mishra,25-02-2025,Kolkata,,,,
CUST3497,Aditya,Joshi,01-02-2022,Kolkata,,,,
CUST3498,Vikram,Das,29-07-2024,Surat,,,,
CUST3499,Arjun,Das,30-07-2023,Bangalore,,,,
CUST3500,Rohan,Shah,06-05-2021,Mumbai,,,,
CUST3501,Meera,Mishra,12-01-2024,Chandigarh,,,,
CUST3502,Rohan,Mishra,29-12-2024,Pune,,,,
CUST3503,Meera,Reddy,19-01-2023,Pune,,,,
CUST3504,Deepa,Chatterjee,25-05-2024,Ahmedabad,,,,
CUST3505,Vikram,Mishra,24-05-2023,Chandigarh,,,,
CUST3506,Pooja,Mehta,18-03-2024,Gurgaon,,,,
CUST3507,Kavya,Iyer,05-09-2020,Surat,,,,
CUST3508,Meera,Bose,22-11-2022,Kolkata,,,,
CUST3509,Sunita,Bhat,25-03-2022,Chennai,,,,
CUST3510,Sunita,Kapoor,27-05-2025,Pune,,,,
CUST3511,Arjun,Gupta,05-05-2023,Pune,,,,
CUST3512,Rohan,Joshi,10-10-2023,Noida,,,,
CUST3513,Nikhil,Singh,26-01-2024,Chennai,,,,
CUST3514,Rohan,Patel,09-04-2023,Hyderabad,,,,
CUST3515,Rohan,Pillai,12-10-2024,Pune,,,,
CUST3516,Aditya,Sharma,12-01-2024,Pune,,,,
CUST3517,Nikhil,Nair,10-07-2021,Kolkata,,,,
CUST3518,Pooja,Sharma,04-01-2025,Pune,,,,
CUST3519,Shreya,Pillai,18-12-2020,Pune,,,,
CUST3520,Sunita,Chatterjee,23-07-2023,Mumbai,,,,
CUST3521,Ritu,Verma,21-05-2023,Visakhapatnam,,,,
CUST3522,Ananya,Rao,27-05-2021,Nagpur,,,,
CUST3523,Ananya,Patel,09-04-2021,Hyderabad,,,,
CUST3524,Ananya,Bhat,19-01-2023,Kolkata,,,,
CUST3525,Arjun,Sharma,01-01-2024,Delhi,,,,
CUST3526,Nikhil,Verma,21-08-2024,Chandigarh,,,,
CUST3527,Arjun,Bhat,11-10-2023,Delhi,,,,
CUST3528,Rahul,Gupta,19-03-2021,Bangalore,,,,
CUST3529,Shreya,Shah,29-07-2023,Mumbai,,,,
CUST3530,Ananya,Bose,27-04-2022,Bhubaneswar,,,,
CUST3531,Priya,Das,25-02-2022,Pune,,,,
CUST3532,Aarav,Nair,06-10-2023,Delhi,,,,
CUST3533,Amit,Sharma,28-01-2024,Jaipur,,,,
CUST3534,Vikram,Chatterjee,07-11-2023,Jaipur,,,,
CUST3535,Priya,Chatterjee,14-11-2024,Kochi,,,,
CUST3536,Arjun,Sharma,09-09-2021,Noida,,,,
CUST3537,Ananya,Iyer,11-10-2024,Kochi,,,,
CUST3538,Priya,Rao,13-02-2024,Hyderabad,,,,
CUST3539,Arjun,Singh,12-11-2022,Pune,,,,
CUST3540,Sunita,Mehta,07-05-2024,Delhi,,,,
CUST3541,Karan,Chatterjee,02-02-2021,Indore,,,,
CUST3542,Kavya,Pillai,19-07-2025,Ahmedabad,,,,
CUST3543,Rohan,Gupta,23-12-2023,Delhi,,,,
CUST3544,Deepa,Shah,17-04-2024,Visakhapatnam,,,,
CUST3545,Arjun,Nair,11-05-2021,Hyderabad,,,,
CUST3546,Kavya,Nair,02-03-2022,Mumbai,,,,
CUST3547,Karan,Verma,27-10-2022,Pune,,,,
CUST3548,Shreya,Iyer,04-06-2023,Hyderabad,,,,
CUST3549,Meera,Bose,06-08-2021,Bangalore,,,,
CUST3550,Priya,Reddy,01-06-2024,Kochi,,,,
CUST3551,Aarav,Das,02-04-2021,Kolkata,,,,
CUST3552,Rahul,Singh,28-11-2023,Chennai,,,,
CUST3553,Aditya,Gupta,18-06-2024,Visakhapatnam,,,,
CUST3554,Priya,Kumar,07-03-2025,Ahmedabad,,,,
CUST3555,Vikram,Mehta,27-11-2022,Kolkata,,,,
CUST3556,Nikhil,Singh,03-03-2024,Hyderabad,,,,
CUST3557,Deepa,Nair,16-06-2023,Chandigarh,,,,
CUST3558,Rohan,Mishra,13-03-2024,Jaipur,,,,
CUST3559,Pooja,Bhat,17-01-2025,Mumbai,,,,
CUST3560,Kavya,Nair,28-07-2023,Hyderabad,,,,
CUST3561,Deepa,Iyer,01-11-2022,Bangalore,,,,
CUST3562,Pooja,Pillai,12-08-2024,Bangalore,,,,
CUST3563,Nikhil,Singh,16-05-2024,Hyderabad,,,,
CUST3564,Meera,Bhat,13-11-2023,Patna,,,,
CUST3565,Nisha,Bhat,02-11-2023,Bhubaneswar,,,,
CUST3566,Amit,Bhat,12-04-2025,Mumbai,,,,
CUST3567,Sanjay,Kapoor,08-07-2024,Delhi,,,,
CUST3568,Ananya,Mishra,03-05-2022,Kolkata,,,,
CUST3569,Aditya,Iyer,14-02-2021,Hyderabad,,,,
CUST3570,Ananya,Mehta,07-11-2024,Delhi,,,,
CUST3571,Rohan,Rao,09-02-2021,Delhi,,,,
CUST3572,Sunita,Sharma,02-04-2025,Bangalore,,,,
CUST3573,Aditya,Singh,21-10-2023,Chandigarh,,,,
CUST3574,Aditya,Singh,21-10-2021,Surat,,,,
CUST3575,Priya,Nair,14-08-2021,Indore,,,,
CUST3576,Karan,Kumar,25-09-2022,Bangalore,,,,
CUST3577,Arjun,Shah,17-01-2024,Surat,,,,
CUST3578,Aditya,Sharma,10-11-2024,Mumbai,,,,
CUST3579,Karan,Nair,16-02-2025,Kolkata,,,,
CUST3580,Pooja,Sharma,04-07-2024,Kolkata,,,,
CUST3581,Arjun,Joshi,26-11-2022,Kochi,,,,
CUST3582,Priya,Verma,26-06-2023,Mumbai,,,,
CUST3583,Deepa,Singh,14-02-2022,Hyderabad,,,,
CUST3584,Nisha,Mehta,29-10-2021,Chennai,,,,
CUST3585,Rahul,Kumar,12-01-2024,Delhi,,,,
CUST3586,Ananya,Joshi,20-03-2025,Mumbai,,,,
CUST3587,Rahul,Patel,31-07-2023,Mumbai,,,,
CUST3588,Shreya,Iyer,23-01-2024,Mumbai,,,,
CUST3589,Amit,Sharma,20-12-2023,Hyderabad,,,,
CUST3590,Deepa,Verma,25-09-2020,Surat,,,,
CUST3591,Pooja,Iyer,16-03-2021,Noida,,,,
CUST3592,Sanjay,Kumar,28-02-2023,Bhubaneswar,,,,
CUST3593,Ritu,Kumar,06-01-2023,Kolkata,,,,
CUST3594,Ananya,Chatterjee,11-10-2023,Delhi,,,,
CUST3595,Arjun,Singh,18-09-2020,Mumbai,,,,
CUST3596,Arjun,Iyer,20-02-2025,Kochi,,,,
CUST3597,Shreya,Bose,26-03-2022,Mumbai,,,,
CUST3598,Kavya,Kapoor,19-03-2021,Bangalore,,,,
CUST3599,Amit,Bose,28-12-2023,Surat,,,,
CUST3600,Karan,Mehta,23-08-2025,Chennai,,,,
CUST3601,Shreya,Reddy,11-06-2022,Lucknow,,,,
CUST3602,Nisha,Bose,12-11-2022,Bhubaneswar,,,,
CUST3603,Sanjay,Sharma,06-03-2024,Pune,,,,
CUST3604,Karan,Bose,31-10-2020,Kochi,,,,
CUST3605,Karan,Reddy,27-07-2021,Kochi,,,,
CUST3606,Pooja,Nair,18-02-2022,Mumbai,,,,
CUST3607,Nisha,Verma,24-12-2020,Chennai,,,,
CUST3608,Sanjay,Bhat,22-08-2021,Patna,,,,
CUST3609,Aditya,Kapoor,28-09-2020,Ahmedabad,,,,
CUST3610,Meera,Sharma,01-11-2024,Hyderabad,,,,
CUST3611,Nikhil,Pillai,10-09-2024,Nagpur,,,,
CUST3612,Sunita,Chatterjee,16-11-2024,Mumbai,,,,
CUST3613,Aarav,Nair,20-05-2023,Hyderabad,,,,
CUST3614,Ananya,Iyer,12-12-2021,Delhi,,,,
CUST3615,Deepa,Patel,05-02-2024,Bangalore,,,,
CUST3616,Nisha,Pillai,11-07-2024,Kolkata,,,,
CUST3617,Meera,Sharma,01-08-2025,Visakhapatnam,,,,
CUST3618,Aditya,Mehta,24-09-2022,Bangalore,,,,
CUST3619,Nikhil,Kumar,08-12-2020,Lucknow,,,,
CUST3620,Aarav,Kumar,01-08-2025,Bangalore,,,,
CUST3621,Deepa,Gupta,02-03-2024,Nagpur,,,,
CUST3622,Deepa,Chatterjee,06-10-2024,Delhi,,,,
CUST3623,Deepa,Kapoor,08-12-2021,Delhi,,,,
CUST3624,Nikhil,Singh,13-04-2025,Mumbai,,,,
CUST3625,Shreya,Pillai,05-03-2021,Bangalore,,,,
CUST3626,Kavya,Patel,03-10-2023,Kochi,,,,
CUST3627,Ananya,Pillai,02-05-2024,Kolkata,,,,
CUST3628,Aditya,Pillai,13-08-2024,Ahmedabad,,,,
CUST3629,Sanjay,Mehta,01-05-2023,Mumbai,,,,
CUST3630,Karan,Sharma,06-08-2025,Chennai,,,,
CUST3631,Ananya,Shah,12-07-2024,Delhi,,,,
CUST3632,Deepa,Patel,09-02-2024,Kolkata,,,,
CUST3633,Vikram,Joshi,23-09-2024,Pune,,,,
CUST3634,Deepa,Shah,09-01-2024,Chennai,,,,
CUST3635,Kavya,Singh,29-11-2023,Bangalore,,,,
CUST3636,Deepa,Bhat,03-08-2023,Noida,,,,
CUST3637,Rahul,Joshi,24-01-2021,Delhi,,,,
CUST3638,Nisha,Chatterjee,03-08-2025,Surat,,,,
CUST3639,Amit,Pillai,08-04-2021,Lucknow,,,,
CUST3640,Deepa,Nair,03-09-2020,Visakhapatnam,,,,
CUST3641,Rohan,Reddy,21-11-2020,Delhi,,,,
CUST3642,Priya,Gupta,11-02-2023,Bangalore,,,,
CUST3643,Sanjay,Mishra,27-03-2024,Kolkata,,,,
CUST3644,Aarav,Rao,12-11-2023,Mumbai,,,,
CUST3645,Nisha,Das,12-12-2024,Chennai,,,,
CUST3646,Pooja,Gupta,04-07-2024,Chennai,,,,
CUST3647,Arjun,Shah,05-11-2020,Kolkata,,,,
CUST3648,Vikram,Rao,22-06-2023,Kolkata,,,,
CUST3649,Priya,Reddy,12-04-2022,Hyderabad,,,,
CUST3650,Pooja,Reddy,20-04-2022,Kolkata,,,,
CUST3651,Deepa,Rao,29-01-2024,Kolkata,,,,
CUST3652,Pooja,Joshi,06-06-2023,Kochi,,,,
CUST3653,Sunita,Reddy,17-09-2022,Delhi,,,,
CUST3654,Karan,Sharma,01-08-2022,Nagpur,,,,
CUST3655,Nisha,Gupta,09-04-2022,Kolkata,,,,
CUST3656,Vikram,Joshi,21-02-2022,Delhi,,,,
CUST3657,Nisha,Bhat,16-06-2022,Lucknow,,,,
CUST3658,Pooja,Nair,15-04-2022,Delhi,,,,
CUST3659,Pooja,Verma,25-01-2022,Mumbai,,,,
CUST3660,Rohan,Iyer,08-09-2022,Bangalore,,,,
CUST3661,Amit,Pillai,19-11-2023,Bhubaneswar,,,,
CUST3662,Sanjay,Verma,12-12-2020,Chennai,,,,
CUST3663,Vikram,Chatterjee,16-03-2022,Kochi,,,,
CUST3664,Nikhil,Joshi,26-06-2021,Nagpur,,,,
CUST3665,Kavya,Nair,27-10-2023,Mumbai,,,,
CUST3666,Deepa,Nair,16-12-2022,Jaipur,,,,
CUST3667,Arjun,Kumar,09-08-2024,Mumbai,,,,
CUST3668,Priya,Bhat,30-03-2021,Chennai,,,,
CUST3669,Aarav,Bose,10-09-2023,Kolkata,,,,
CUST3670,Arjun,Bhat,04-05-2022,Chandigarh,,,,
CUST3671,Sunita,Das,24-10-2024,Noida,,,,
CUST3672,Vikram,Bose,15-11-2020,Ahmedabad,,,,
CUST3673,Rohan,Reddy,24-07-2023,Bhubaneswar,,,,
CUST3674,Kavya,Shah,25-06-2024,Mumbai,,,,
CUST3675,Rahul,Kumar,23-07-2023,Bangalore,,,,
CUST3676,Vikram,Reddy,28-02-2025,Ahmedabad,,,,
CUST3677,Sanjay,Gupta,12-05-2021,Kolkata,,,,
CUST3678,Priya,Pillai,17-07-2023,Delhi,,,,
CUST3679,Aarav,Verma,26-06-2025,Hyderabad,,,,
CUST3680,Amit,Singh,20-11-2023,Noida,,,,
CUST3681,Kavya,Singh,25-04-2023,Kochi,,,,
CUST3682,Priya,Pillai,14-05-2023,Hyderabad,,,,
CUST3683,Ananya,Bhat,08-11-2023,Chennai,,,,
CUST3684,Karan,Pillai,30-08-2020,Pune,,,,
CUST3685,Vikram,Singh,23-09-2022,Chennai,,,,
CUST3686,Sanjay,Kumar,06-07-2022,Bangalore,,,,
CUST3687,Rohan,Kapoor,07-01-2021,Jaipur,,,,
CUST3688,Deepa,Singh,02-01-2023,Mumbai,,,,
CUST3689,Karan,Kapoor,17-01-2021,Lucknow,,,,
CUST3690,Pooja,Bhat,10-09-2020,Ahmedabad,,,,
CUST3691,Shreya,Kumar,14-05-2022,Patna,,,,
CUST3692,Priya,Chatterjee,28-03-2022,Hyderabad,,,,
CUST3693,Shreya,Patel,05-06-2021,Bangalore,,,,
CUST3694,Rahul,Sharma,30-04-2023,Jaipur,,,,
CUST3695,Vikram,Sharma,24-12-2021,Chennai,,,,
CUST3696,Kavya,Kumar,25-06-2022,Chandigarh,,,,
CUST3697,Vikram,Nair,04-02-2024,Lucknow,,,,
CUST3698,Shreya,Shah,07-12-2024,Mumbai,,,,
CUST3699,Aarav,Chatterjee,21-07-2025,Hyderabad,,,,
CUST3700,Priya,Iyer,12-11-2021,Chandigarh,,,,
CUST3701,Sanjay,Pillai,27-02-2025,Jaipur,,,,
CUST3702,Sanjay,Chatterjee,08-11-2023,Delhi,,,,
CUST3703,Pooja,Verma,03-01-2025,Chennai,,,,
CUST3704,Arjun,Bhat,07-01-2025,Delhi,,,,
CUST3705,Vikram,Pillai,13-12-2021,Patna,,,,
CUST3706,Nikhil,Nair,13-04-2021,Visakhapatnam,,,,
CUST3707,Meera,Pillai,09-11-2024,Kolkata,,,,
CUST3708,Meera,Bose,21-06-2021,Ahmedabad,,,,
CUST3709,Priya,Gupta,18-02-2023,Patna,,,,
CUST3710,Sunita,Joshi,28-03-2021,Bangalore,,,,
CUST3711,Nisha,Bhat,18-04-2022,Visakhapatnam,,,,
CUST3712,Vikram,Kapoor,21-05-2022,Noida,,,,
CUST3713,Shreya,Joshi,12-06-2024,Delhi,,,,
CUST3714,Kavya,Verma,07-08-2023,Nagpur,,,,
CUST3715,Ritu,Chatterjee,24-10-2021,Mumbai,,,,
CUST3716,Meera,Nair,10-02-2025,Ahmedabad,,,,
CUST3717,Aditya,Pillai,24-09-2023,Mumbai,,,,
CUST3718,Arjun,Sharma,20-05-2024,Bhubaneswar,,,,
CUST3719,Pooja,Joshi,24-02-2023,Hyderabad,,,,
CUST3720,Aditya,Kumar,29-03-2023,Mumbai,,,,
CUST3721,Nisha,Chatterjee,14-12-2024,Chennai,,,,
CUST3722,Kavya,Reddy,26-02-2024,Bhubaneswar,,,,
CUST3723,Shreya,Bose,26-08-2023,Hyderabad,,,,
CUST3724,Ritu,Shah,22-03-2022,Hyderabad,,,,
CUST3725,Sanjay,Iyer,07-08-2024,Delhi,,,,
CUST3726,Pooja,Kapoor,26-05-2024,Mumbai,,,,
CUST3727,Aditya,Reddy,02-01-2023,Chennai,,,,
CUST3728,Rahul,Pillai,27-09-2020,Delhi,,,,
CUST3729,Sanjay,Nair,29-08-2022,Kolkata,,,,
CUST3730,Kavya,Shah,13-01-2024,Pune,,,,
CUST3731,Sunita,Singh,14-05-2021,Visakhapatnam,,,,
CUST3732,Ritu,Patel,27-02-2023,Bhubaneswar,,,,
CUST3733,Sanjay,Kumar,30-11-2023,Chennai,,,,
CUST3734,Pooja,Gupta,14-08-2022,Chennai,,,,
CUST3735,Karan,Rao,18-08-2025,Bangalore,,,,
CUST3736,Shreya,Sharma,24-04-2022,Kolkata,,,,
CUST3737,Vikram,Sharma,28-10-2022,Bangalore,,,,
CUST3738,Ananya,Verma,15-07-2025,Indore,,,,
CUST3739,Meera,Bose,13-04-2024,Delhi,,,,
CUST3740,Nikhil,Das,03-04-2025,Hyderabad,,,,
CUST3741,Pooja,Das,12-11-2023,Bangalore,,,,
CUST3742,Meera,Das,29-05-2022,Mumbai,,,,
CUST3743,Shreya,Sharma,29-08-2022,Ahmedabad,,,,
CUST3744,Karan,Sharma,27-12-2021,Delhi,,,,
CUST3745,Kavya,Nair,03-11-2024,Mumbai,,,,
CUST3746,Rahul,Chatterjee,27-03-2022,Hyderabad,,,,
CUST3747,Kavya,Iyer,24-12-2022,Chandigarh,,,,
CUST3748,Aarav,Bhat,24-07-2024,Hyderabad,,,,
CUST3749,Nisha,Singh,03-09-2023,Mumbai,,,,
CUST3750,Meera,Shah,22-02-2023,Bhubaneswar,,,,
CUST3751,Shreya,Shah,01-05-2025,Bangalore,,,,
CUST3752,Shreya,Sharma,14-12-2021,Bangalore,,,,
CUST3753,Aditya,Shah,16-07-2021,Indore,,,,
CUST3754,Karan,Rao,24-11-2022,Bangalore,,,,
CUST3755,Sunita,Verma,14-04-2025,Mumbai,,,,
CUST3756,Pooja,Patel,09-08-2024,Mumbai,,,,
CUST3757,Sunita,Pillai,07-12-2024,Chandigarh,,,,
CUST3758,Rahul,Das,23-12-2020,Jaipur,,,,
CUST3759,Ananya,Verma,10-11-2022,Kolkata,,,,
CUST3760,Karan,Bhat,30-05-2022,Chennai,,,,
CUST3761,Shreya,Patel,30-12-2022,Chandigarh,,,,
CUST3762,Meera,Mehta,10-01-2021,Jaipur,,,,
CUST3763,Ananya,Gupta,30-12-2021,Chennai,,,,
CUST3764,Vikram,Pillai,16-08-2023,Gurgaon,,,,
CUST3765,Nisha,Gupta,06-10-2022,Chennai,,,,
CUST3766,Pooja,Gupta,10-12-2022,Kolkata,,,,
CUST3767,Nisha,Sharma,17-11-2020,Indore,,,,
CUST3768,Deepa,Verma,09-03-2024,Delhi,,,,
CUST3769,Ritu,Pillai,29-06-2025,Hyderabad,,,,
CUST3770,Priya,Reddy,29-10-2021,Gurgaon,,,,
CUST3771,Kavya,Mishra,13-05-2022,Pune,,,,
CUST3772,Sanjay,Chatterjee,30-10-2024,Bangalore,,,,
CUST3773,Sanjay,Mehta,27-11-2024,Bhubaneswar,,,,
CUST3774,Sunita,Nair,20-09-2022,Pune,,,,
CUST3775,Amit,Chatterjee,09-11-2024,Surat,,,,
CUST3776,Rahul,Gupta,22-12-2021,Gurgaon,,,,
CUST3777,Deepa,Mehta,27-08-2021,Ahmedabad,,,,
CUST3778,Aditya,Kumar,01-04-2021,Chandigarh,,,,
CUST3779,Amit,Bose,06-10-2022,Kolkata,,,,
CUST3780,Sanjay,Rao,19-11-2024,Jaipur,,,,
CUST3781,Pooja,Patel,31-03-2024,Delhi,,,,
CUST3782,Kavya,Nair,05-07-2021,Chennai,,,,
CUST3783,Nisha,Mishra,17-04-2023,Surat,,,,
CUST3784,Vikram,Mehta,29-07-2021,Visakhapatnam,,,,
CUST3785,Ananya,Rao,04-10-2022,Gurgaon,,,,
CUST3786,Rohan,Bhat,16-03-2024,Gurgaon,,,,
CUST3787,Priya,Pillai,24-04-2023,Mumbai,,,,
CUST3788,Rahul,Bose,16-09-2022,Chennai,,,,
CUST3789,Vikram,Nair,30-10-2022,Delhi,,,,
CUST3790,Shreya,Chatterjee,28-12-2021,Mumbai,,,,
CUST3791,Karan,Kumar,14-06-2023,Indore,,,,
CUST3792,Karan,Gupta,18-04-2021,Kolkata,,,,
CUST3793,Rahul,Mishra,19-12-2024,Bangalore,,,,
CUST3794,Ananya,Gupta,26-06-2022,Gurgaon,,,,
CUST3795,Nisha,Verma,31-08-2023,Pune,,,,
CUST3796,Shreya,Kapoor,30-06-2025,Kochi,,,,
CUST3797,Ananya,Pillai,28-12-2023,Hyderabad,,,,
CUST3798,Deepa,Bose,28-12-2022,Chennai,,,,
CUST3799,Sanjay,Pillai,17-10-2022,Bangalore,,,,
CUST3800,Nisha,Singh,22-09-2020,Kolkata,,,,
CUST3801,Arjun,Rao,30-04-2025,Lucknow,,,,
CUST3802,Kavya,Chatterjee,13-08-2022,Pune,,,,
CUST3803,Rohan,Nair,13-08-2023,Chennai,,,,
CUST3804,Arjun,Nair,22-08-2022,Kochi,,,,
CUST3805,Karan,Iyer,01-07-2023,Delhi,,,,
CUST3806,Rohan,Bhat,15-07-2025,Bangalore,,,,
CUST3807,Vikram,Shah,16-01-2021,Mumbai,,,,
CUST3808,Nikhil,Kapoor,19-10-2022,Kochi,,,,
CUST3809,Aarav,Joshi,02-12-2021,Patna,,,,
CUST3810,Shreya,Pillai,16-07-2022,Hyderabad,,,,
CUST3811,Shreya,Mishra,13-06-2023,Chennai,,,,
CUST3812,Sanjay,Kumar,30-08-2021,Delhi,,,,
CUST3813,Shreya,Chatterjee,18-07-2021,Visakhapatnam,,,,
CUST3814,Meera,Verma,05-09-2020,Mumbai,,,,
CUST3815,Kavya,Joshi,16-04-2021,Chennai,,,,
CUST3816,Rahul,Gupta,28-10-2022,Chennai,,,,
CUST3817,Sanjay,Mishra,07-03-2025,Mumbai,,,,
CUST3818,Ritu,Pillai,19-11-2023,Bangalore,,,,
CUST3819,Kavya,Mishra,14-04-2023,Delhi,,,,
CUST3820,Shreya,Mishra,05-09-2020,Bhubaneswar,,,,
CUST3821,Sunita,Gupta,02-02-2023,Mumbai,,,,
CUST3822,Sunita,Mishra,11-02-2025,Surat,,,,
CUST3823,Vikram,Mehta,20-04-2025,Gurgaon,,,,
CUST3824,Aarav,Kumar,24-02-2021,Bangalore,,,,
CUST3825,Ananya,Pillai,03-09-2021,Pune,,,,
CUST3826,Shreya,Singh,28-05-2022,Gurgaon,,,,
CUST3827,Nikhil,Bose,05-04-2025,Bangalore,,,,
CUST3828,Rahul,Mishra,21-06-2024,Kochi,,,,
CUST3829,Karan,Iyer,24-05-2023,Nagpur,,,,
CUST3830,Arjun,Bose,07-01-2021,Bangalore,,,,
CUST3831,Karan,Singh,22-08-2025,Chandigarh,,,,
CUST3832,Aarav,Bose,29-11-2020,Mumbai,,,,
CUST3833,Aditya,Mehta,30-11-2024,Pune,,,,
CUST3834,Aarav,Mishra,04-10-2020,Kolkata,,,,
CUST3835,Ritu,Iyer,21-07-2024,Surat,,,,
CUST3836,Priya,Mishra,06-10-2020,Hyderabad,,,,
CUST3837,Karan,Mishra,15-08-2024,Bangalore,,,,
CUST3838,Shreya,Gupta,23-07-2022,Kolkata,,,,
CUST3839,Ritu,Nair,18-07-2025,Delhi,,,,
CUST3840,Amit,Patel,19-10-2021,Chennai,,,,
CUST3841,Sanjay,Gupta,01-02-2025,Kolkata,,,,
CUST3842,Priya,Verma,23-07-2022,Pune,,,,
CUST3843,Sunita,Patel,05-05-2021,Pune,,,,
CUST3844,Rohan,Rao,08-10-2020,Kolkata,,,,
CUST3845,Deepa,Pillai,15-08-2022,Kolkata,,,,
CUST3846,Kavya,Mishra,01-07-2024,Delhi,,,,
CUST3847,Rahul,Rao,26-06-2021,Kolkata,,,,
CUST3848,Arjun,Nair,27-03-2021,Mumbai,,,,
CUST3849,Rohan,Mehta,30-06-2025,Chennai,,,,
CUST3850,Aarav,Kumar,24-10-2022,Nagpur,,,,
CUST3851,Sunita,Mishra,23-03-2025,Mumbai,,,,
CUST3852,Kavya,Iyer,19-03-2023,Chennai,,,,
CUST3853,Priya,Joshi,04-10-2023,Pune,,,,
CUST3854,Sunita,Patel,30-01-2022,Bhubaneswar,,,,
CUST3855,Kavya,Joshi,09-04-2021,Delhi,,,,
CUST3856,Nikhil,Mishra,10-04-2023,Delhi,,,,
CUST3857,Ananya,Mishra,22-06-2021,Hyderabad,,,,
CUST3858,Nisha,Rao,14-07-2025,Delhi,,,,
CUST3859,Karan,Sharma,08-03-2023,Chennai,,,,
CUST3860,Nikhil,Sharma,02-04-2025,Chandigarh,,,,
CUST3861,Nisha,Nair,21-08-2024,Visakhapatnam,,,,
CUST3862,Ananya,Bhat,28-12-2022,Delhi,,,,
CUST3863,Nisha,Kapoor,11-04-2025,Pune,,,,
CUST3864,Vikram,Sharma,11-03-2022,Mumbai,,,,
CUST3865,Arjun,Joshi,12-12-2023,Bhubaneswar,,,,
CUST3866,Pooja,Bose,08-07-2025,Jaipur,,,,
CUST3867,Vikram,Chatterjee,22-06-2023,Chennai,,,,
CUST3868,Karan,Sharma,09-10-2022,Mumbai,,,,
CUST3869,Arjun,Iyer,22-07-2022,Noida,,,,
CUST3870,Nikhil,Das,16-02-2022,Chennai,,,,
CUST3871,Deepa,Joshi,03-12-2021,Delhi,,,,
CUST3872,Rohan,Reddy,30-03-2025,Delhi,,,,
CUST3873,Vikram,Nair,15-03-2025,Gurgaon,,,,
CUST3874,Vikram,Das,11-08-2023,Chennai,,,,
CUST3875,Aarav,Shah,18-12-2024,Bhubaneswar,,,,
CUST3876,Meera,Chatterjee,29-12-2021,Chennai,,,,
CUST3877,Sanjay,Gupta,26-04-2025,Pune,,,,
CUST3878,Aarav,Joshi,16-08-2021,Ahmedabad,,,,
CUST3879,Karan,Patel,12-03-2024,Jaipur,,,,
CUST3880,Arjun,Sharma,26-09-2020,Hyderabad,,,,
CUST3881,Amit,Sharma,30-12-2020,Noida,,,,
CUST3882,Amit,Pillai,24-11-2020,Kolkata,,,,
CUST3883,Nisha,Joshi,28-10-2024,Chandigarh,,,,
CUST3884,Arjun,Singh,11-11-2020,Hyderabad,,,,
CUST3885,Shreya,Sharma,17-11-2020,Kochi,,,,
CUST3886,Ananya,Bose,19-11-2024,Jaipur,,,,
CUST3887,Meera,Pillai,20-10-2024,Kolkata,,,,
CUST3888,Aarav,Sharma,16-05-2021,Jaipur,,,,
CUST3889,Sanjay,Reddy,28-07-2025,Delhi,,,,
CUST3890,Nikhil,Iyer,27-05-2024,Mumbai,,,,
CUST3891,Arjun,Mishra,19-08-2024,Gurgaon,,,,
CUST3892,Aditya,Verma,17-02-2024,Hyderabad,,,,
CUST3893,Sanjay,Bhat,26-08-2021,Chennai,,,,
CUST3894,Rahul,Bhat,16-11-2021,Mumbai,,,,
CUST3895,Ritu,Bhat,16-08-2021,Pune,,,,
CUST3896,Kavya,Das,05-05-2022,Kolkata,,,,
CUST3897,Aditya,Verma,19-01-2023,Chennai,,,,
CUST3898,Aarav,Joshi,28-10-2021,Bangalore,,,,
CUST3899,Amit,Sharma,25-09-2020,Ahmedabad,,,,
CUST3900,Sanjay,Mehta,20-02-2024,Delhi,,,,
CUST3901,Nisha,Das,04-08-2024,Bhubaneswar,,,,
CUST3902,Rohan,Mehta,28-02-2023,Kolkata,,,,
CUST3903,Kavya,Joshi,24-02-2024,Ahmedabad,,,,
CUST3904,Kavya,Reddy,02-09-2024,Gurgaon,,,,
CUST3905,Karan,Kapoor,05-04-2022,Mumbai,,,,
CUST3906,Pooja,Verma,11-06-2023,Hyderabad,,,,
CUST3907,Sanjay,Singh,09-02-2024,Gurgaon,,,,
CUST3908,Karan,Kapoor,22-12-2024,Kochi,,,,
CUST3909,Kavya,Das,14-06-2021,Pune,,,,
CUST3910,Aarav,Iyer,23-04-2022,Chandigarh,,,,
CUST3911,Aditya,Shah,02-01-2024,Indore,,,,
CUST3912,Rohan,Mehta,30-09-2021,Pune,,,,
CUST3913,Nikhil,Mishra,26-03-2023,Pune,,,,
CUST3914,Arjun,Verma,10-07-2024,Chennai,,,,
CUST3915,Rohan,Verma,29-01-2023,Delhi,,,,
CUST3916,Vikram,Bose,12-11-2022,Chennai,,,,
CUST3917,Meera,Bhat,06-03-2021,Indore,,,,
CUST3918,Aditya,Shah,26-06-2023,Surat,,,,
CUST3919,Deepa,Reddy,13-03-2021,Delhi,,,,
CUST3920,Ananya,Pillai,24-10-2020,Nagpur,,,,
CUST3921,Sunita,Verma,17-10-2024,Chennai,,,,
CUST3922,Karan,Reddy,08-01-2022,Pune,,,,
CUST3923,Aarav,Joshi,23-09-2023,Delhi,,,,
CUST3924,Rahul,Bose,13-10-2021,Hyderabad,,,,
CUST3925,Ritu,Das,15-03-2025,Surat,,,,
CUST3926,Amit,Mishra,02-04-2021,Mumbai,,,,
CUST3927,Nisha,Kumar,21-11-2021,Surat,,,,
CUST3928,Rohan,Mehta,18-06-2025,Mumbai,,,,
CUST3929,Shreya,Chatterjee,05-01-2021,Surat,,,,
CUST3930,Rahul,Rao,06-05-2022,Indore,,,,
CUST3931,Aditya,Chatterjee,03-05-2021,Bhubaneswar,,,,
CUST3932,Rohan,Bose,23-10-2022,Chandigarh,,,,
CUST3933,Meera,Bhat,15-10-2023,Hyderabad,,,,
CUST3934,Sanjay,Rao,26-02-2025,Visakhapatnam,,,,
CUST3935,Pooja,Chatterjee,18-09-2020,Pune,,,,
CUST3936,Karan,Mehta,27-06-2025,Bhubaneswar,,,,
CUST3937,Arjun,Patel,01-07-2021,Visakhapatnam,,,,
CUST3938,Vikram,Chatterjee,24-03-2022,Kolkata,,,,
CUST3939,Priya,Mishra,30-08-2020,Kochi,,,,
CUST3940,Aarav,Kapoor,29-04-2021,Mumbai,,,,
CUST3941,Nikhil,Das,16-07-2022,Hyderabad,,,,
CUST3942,Nisha,Iyer,07-07-2024,Chennai,,,,
CUST3943,Pooja,Bhat,02-10-2024,Chennai,,,,
CUST3944,Sanjay,Rao,11-02-2024,Pune,,,,
CUST3945,Rohan,Mehta,23-05-2024,Mumbai,,,,
CUST3946,Rohan,Patel,22-06-2022,Pune,,,,
CUST3947,Nikhil,Bose,30-04-2021,Nagpur,,,,
CUST3948,Shreya,Das,09-08-2025,Hyderabad,,,,
CUST3949,Karan,Joshi,10-04-2021,Delhi,,,,
CUST3950,Nisha,Rao,23-12-2020,Indore,,,,
CUST3951,Aarav,Nair,08-04-2023,Kolkata,,,,
CUST3952,Karan,Gupta,23-12-2024,Chennai,,,,
CUST3953,Nisha,Kumar,23-12-2021,Chennai,,,,
CUST3954,Sanjay,Shah,13-10-2024,Mumbai,,,,
CUST3955,Vikram,Mehta,01-09-2021,Bangalore,,,,
CUST3956,Nisha,Mehta,12-09-2024,Kochi,,,,
CUST3957,Kavya,Iyer,18-12-2020,Mumbai,,,,
CUST3958,Shreya,Shah,11-09-2021,Nagpur,,,,
CUST3959,Rahul,Singh,11-08-2021,Kolkata,,,,
CUST3960,Nisha,Nair,03-04-2022,Kolkata,,,,
CUST3961,Meera,Iyer,16-06-2022,Hyderabad,,,,
CUST3962,Ananya,Singh,01-10-2021,Pune,,,,
CUST3963,Amit,Chatterjee,06-11-2024,Delhi,,,,
CUST3964,Karan,Patel,07-06-2025,Kolkata,,,,
CUST3965,Sanjay,Patel,09-11-2024,Chennai,,,,
CUST3966,Rahul,Reddy,29-06-2022,Jaipur,,,,
CUST3967,Aarav,Gupta,19-08-2021,Bangalore,,,,
CUST3968,Shreya,Kapoor,01-12-2020,Pune,,,,
CUST3969,Karan,Rao,05-03-2023,Hyderabad,,,,
CUST3970,Rahul,Bhat,27-06-2025,Patna,,,,
CUST3971,Nisha,Gupta,19-04-2024,Chandigarh,,,,
CUST3972,Nisha,Mishra,16-03-2025,Chandigarh,,,,
CUST3973,Deepa,Mishra,24-02-2022,Jaipur,,,,
CUST3974,Ritu,Sharma,28-09-2023,Chennai,,,,
CUST3975,Karan,Bose,26-11-2021,Kolkata,,,,
CUST3976,Aarav,Chatterjee,07-06-2025,Chennai,,,,
CUST3977,Sunita,Reddy,31-12-2021,Bangalore,,,,
CUST3978,Vikram,Singh,08-09-2023,Hyderabad,,,,
CUST3979,Nikhil,Kumar,21-08-2024,Mumbai,,,,
CUST3980,Rohan,Iyer,14-02-2024,Visakhapatnam,,,,
CUST3981,Aarav,Iyer,07-08-2023,Mumbai,,,,
CUST3982,Karan,Iyer,04-12-2020,Pune,,,,
CUST3983,Sanjay,Mishra,25-02-2025,Chandigarh,,,,
CUST3984,Amit,Kapoor,31-08-2023,Mumbai,,,,
CUST3985,Shreya,Das,11-01-2024,Bangalore,,,,
CUST3986,Ritu,Singh,31-07-2025,Visakhapatnam,,,,
CUST3987,Rohan,Pillai,01-06-2022,Chennai,,,,
CUST3988,Nikhil,Singh,21-04-2022,Mumbai,,,,
CUST3989,Vikram,Mehta,17-10-2022,Hyderabad,,,,
CUST3990,Priya,Sharma,27-06-2021,Bangalore,,,,
CUST3991,Priya,Chatterjee,07-11-2020,Visakhapatnam,,,,
CUST3992,Nikhil,Patel,13-02-2025,Kolkata,,,,
CUST3993,Priya,Kapoor,11-06-2022,Mumbai,,,,
CUST3994,Aarav,Shah,25-09-2024,Noida,,,,
CUST3995,Meera,Rao,17-08-2021,Hyderabad,,,,
CUST3996,Nisha,Shah,02-02-2022,Delhi,,,,
CUST3997,Sanjay,Reddy,02-07-2024,Delhi,,,,
CUST3998,Aarav,Rao,28-08-2020,Chandigarh,,,,
CUST3999,Priya,Kapoor,30-09-2024,Bhubaneswar,,,,
CUST4000,Rohan,Joshi,02-02-2023,Kochi,,,,
CUST4001,Karan,Nair,14-11-2020,Surat,,,,
CUST4002,Nisha,Iyer,12-02-2023,Chennai,,,,
CUST4003,Sunita,Singh,22-03-2022,Bangalore,,,,
CUST4004,Kavya,Patel,06-09-2021,Chennai,,,,
CUST4005,Ananya,Kumar,28-04-2022,Mumbai,,,,
CUST4006,Rohan,Bose,21-11-2024,Hyderabad,,,,
CUST4007,Nikhil,Mehta,19-06-2025,Bangalore,,,,
CUST4008,Aditya,Bhat,23-06-2024,Pune,,,,
CUST4009,Karan,Reddy,05-05-2023,Ahmedabad,,,,
CUST4010,Deepa,Sharma,24-08-2023,Kolkata,,,,
CUST4011,Vikram,Gupta,18-11-2021,Chennai,,,,
CUST4012,Ananya,Rao,01-04-2024,Kolkata,,,,
CUST4013,Rohan,Pillai,11-09-2022,Ahmedabad,,,,
CUST4014,Rohan,Sharma,29-08-2020,Chennai,,,,
CUST4015,Rohan,Bose,24-04-2023,Delhi,,,,
CUST4016,Arjun,Bose,02-02-2024,Chennai,,,,
CUST4017,Rohan,Sharma,13-07-2022,Noida,,,,
CUST4018,Ritu,Mehta,30-11-2024,Mumbai,,,,
CUST4019,Ritu,Verma,10-05-2024,Patna,,,,
CUST4020,Rohan,Kumar,02-10-2021,Bangalore,,,,
CUST4021,Nisha,Sharma,29-03-2021,Mumbai,,,,
CUST4022,Priya,Singh,06-08-2024,Hyderabad,,,,
CUST4023,Arjun,Mishra,16-05-2025,Surat,,,,
CUST4024,Ritu,Das,19-01-2025,Kolkata,,,,
CUST4025,Deepa,Bhat,05-10-2024,Ahmedabad,,,,
CUST4026,Rohan,Rao,24-06-2021,Hyderabad,,,,
CUST4027,Nikhil,Joshi,01-08-2025,Chennai,,,,
CUST4028,Priya,Singh,01-02-2025,Pune,,,,
CUST4029,Meera,Verma,30-10-2022,Chennai,,,,
CUST4030,Meera,Chatterjee,27-06-2025,Hyderabad,,,,
CUST4031,Kavya,Kapoor,04-08-2024,Kochi,,,,
CUST4032,Shreya,Shah,01-12-2022,Pune,,,,
CUST4033,Pooja,Joshi,03-12-2024,Pune,,,,
CUST4034,Karan,Bose,16-03-2022,Chennai,,,,
CUST4035,Nisha,Verma,11-11-2021,Kolkata,,,,
CUST4036,Deepa,Verma,30-06-2022,Lucknow,,,,
CUST4037,Arjun,Bose,07-09-2021,Mumbai,,,,
CUST4038,Nikhil,Verma,12-08-2024,Mumbai,,,,
CUST4039,Amit,Joshi,10-03-2021,Jaipur,,,,
CUST4040,Pooja,Reddy,09-09-2023,Kolkata,,,,
CUST4041,Shreya,Gupta,07-03-2022,Delhi,,,,
CUST4042,Nisha,Joshi,17-11-2022,Kochi,,,,
CUST4043,Vikram,Verma,20-03-2021,Pune,,,,
CUST4044,Shreya,Kumar,11-07-2025,Kolkata,,,,
CUST4045,Shreya,Kumar,09-06-2024,Mumbai,,,,
CUST4046,Priya,Mishra,16-07-2024,Nagpur,,,,
CUST4047,Arjun,Shah,22-07-2022,Pune,,,,
CUST4048,Sanjay,Bose,05-11-2023,Ahmedabad,,,,
CUST4049,Aditya,Das,02-08-2022,Gurgaon,,,,
CUST4050,Sanjay,Singh,17-07-2023,Nagpur,,,,
CUST4051,Deepa,Das,09-11-2020,Nagpur,,,,
CUST4052,Rohan,Chatterjee,23-11-2024,Kolkata,,,,
CUST4053,Arjun,Kumar,11-12-2023,Chennai,,,,
CUST4054,Nisha,Kapoor,31-03-2025,Patna,,,,
CUST4055,Aditya,Kumar,18-07-2023,Indore,,,,
CUST4056,Arjun,Bose,13-09-2023,Kolkata,,,,
CUST4057,Arjun,Joshi,20-01-2025,Chennai,,,,
CUST4058,Sanjay,Mehta,30-03-2023,Pune,,,,
CUST4059,Vikram,Das,19-07-2024,Kochi,,,,
CUST4060,Deepa,Kapoor,24-06-2022,Delhi,,,,
CUST4061,Ananya,Verma,20-11-2021,Nagpur,,,,
CUST4062,Amit,Joshi,20-11-2024,Delhi,,,,
CUST4063,Nisha,Singh,04-01-2024,Lucknow,,,,
CUST4064,Rahul,Kapoor,12-01-2021,Pune,,,,
CUST4065,Pooja,Nair,20-04-2022,Mumbai,,,,
CUST4066,Ananya,Gupta,25-06-2023,Visakhapatnam,,,,
CUST4067,Ananya,Mishra,04-10-2020,Kolkata,,,,
CUST4068,Sunita,Kapoor,23-08-2023,Chennai,,,,
CUST4069,Vikram,Joshi,17-12-2023,Bhubaneswar,,,,
CUST4070,Arjun,Shah,04-05-2024,Bangalore,,,,
CUST4071,Aditya,Kapoor,09-08-2024,Lucknow,,,,
CUST4072,Nisha,Iyer,27-12-2024,Nagpur,,,,
CUST4073,Deepa,Patel,27-12-2020,Chennai,,,,
CUST4074,Sunita,Sharma,25-10-2022,Hyderabad,,,,
CUST4075,Aditya,Kapoor,08-05-2022,Kochi,,,,
CUST4076,Rahul,Kapoor,04-08-2024,Bhubaneswar,,,,
CUST4077,Shreya,Sharma,30-10-2023,Bangalore,,,,
CUST4078,Deepa,Patel,19-07-2025,Mumbai,,,,
CUST4079,Arjun,Verma,05-08-2024,Chandigarh,,,,
CUST4080,Aditya,Reddy,26-08-2022,Bangalore,,,,
CUST4081,Pooja,Bhat,05-05-2022,Bangalore,,,,
CUST4082,Priya,Das,13-07-2024,Pune,,,,
CUST4083,Karan,Mishra,04-04-2025,Ahmedabad,,,,
CUST4084,Shreya,Das,22-09-2022,Hyderabad,,,,
CUST4085,Amit,Chatterjee,23-04-2023,Mumbai,,,,
CUST4086,Aditya,Mehta,26-11-2022,Jaipur,,,,
CUST4087,Nisha,Patel,25-04-2025,Pune,,,,
CUST4088,Nikhil,Mehta,16-10-2021,Kolkata,,,,
CUST4089,Sunita,Shah,26-06-2024,Hyderabad,,,,
CUST4090,Priya,Das,18-03-2023,Kochi,,,,
CUST4091,Aarav,Bose,27-05-2023,Bangalore,,,,
CUST4092,Rahul,Bose,22-01-2025,Kochi,,,,
CUST4093,Nisha,Kapoor,05-01-2023,Kolkata,,,,
CUST4094,Ananya,Gupta,26-01-2025,Chennai,,,,
CUST4095,Priya,Sharma,02-12-2023,Lucknow,,,,
CUST4096,Ritu,Das,13-10-2021,Noida,,,,
CUST4097,Nisha,Singh,21-01-2025,Pune,,,,
CUST4098,Ritu,Nair,19-08-2022,Bangalore,,,,
CUST4099,Arjun,Kumar,01-03-2021,Chennai,,,,
CUST4100,Sunita,Joshi,31-10-2021,Indore,,,,
CUST4101,Sunita,Shah,21-01-2022,Ahmedabad,,,,
CUST4102,Arjun,Nair,05-02-2023,Kolkata,,,,
CUST4103,Rohan,Bhat,04-03-2021,Chennai,,,,
CUST4104,Meera,Iyer,10-06-2025,Pune,,,,
CUST4105,Priya,Iyer,16-02-2022,Bangalore,,,,
CUST4106,Sunita,Verma,11-08-2023,Kolkata,,,,
CUST4107,Priya,Joshi,20-12-2024,Bangalore,,,,
CUST4108,Arjun,Rao,22-04-2022,Mumbai,,,,
CUST4109,Ritu,Verma,03-05-2024,Kochi,,,,
CUST4110,Aarav,Das,08-06-2021,Chennai,,,,
CUST4111,Deepa,Kumar,28-04-2022,Delhi,,,,
CUST4112,Ritu,Shah,14-09-2024,Mumbai,,,,
CUST4113,Priya,Verma,30-05-2023,Visakhapatnam,,,,
CUST4114,Ananya,Das,18-08-2024,Ahmedabad,,,,
CUST4115,Deepa,Sharma,02-12-2023,Chandigarh,,,,
CUST4116,Sanjay,Pillai,10-04-2022,Mumbai,,,,
CUST4117,Karan,Verma,31-07-2025,Hyderabad,,,,
CUST4118,Rahul,Shah,18-08-2023,Jaipur,,,,
CUST4119,Priya,Bhat,01-06-2024,Kolkata,,,,
CUST4120,Meera,Chatterjee,28-10-2020,Chennai,,,,
CUST4121,Vikram,Bose,04-03-2025,Ahmedabad,,,,
CUST4122,Rohan,Verma,12-03-2024,Chennai,,,,
CUST4123,Sunita,Joshi,25-10-2023,Mumbai,,,,
CUST4124,Rahul,Iyer,06-08-2021,Kolkata,,,,
CUST4125,Sanjay,Mishra,04-05-2024,Gurgaon,,,,
CUST4126,Nikhil,Singh,21-01-2024,Pune,,,,
CUST4127,Nikhil,Rao,03-08-2023,Jaipur,,,,
CUST4128,Sanjay,Joshi,01-06-2024,Bhubaneswar,,,,
CUST4129,Aditya,Verma,18-09-2023,Pune,,,,
CUST4130,Karan,Kapoor,10-05-2021,Kolkata,,,,
CUST4131,Meera,Shah,26-12-2021,Hyderabad,,,,
CUST4132,Arjun,Patel,05-08-2022,Mumbai,,,,
CUST4133,Aarav,Mishra,23-04-2022,Kolkata,,,,
CUST4134,Priya,Shah,30-08-2023,Lucknow,,,,
CUST4135,Sunita,Singh,06-01-2022,Surat,,,,
CUST4136,Kavya,Mishra,27-09-2020,Pune,,,,
CUST4137,Vikram,Chatterjee,19-02-2023,Surat,,,,
CUST4138,Ananya,Chatterjee,09-04-2022,Indore,,,,
CUST4139,Karan,Bose,17-08-2021,Gurgaon,,,,
CUST4140,Pooja,Gupta,22-10-2024,Bhubaneswar,,,,
CUST4141,Nikhil,Bose,11-06-2024,Jaipur,,,,
CUST4142,Ananya,Kumar,30-10-2023,Mumbai,,,,
CUST4143,Ananya,Joshi,16-05-2025,Hyderabad,,,,
CUST4144,Priya,Reddy,27-01-2025,Gurgaon,,,,
CUST4145,Sunita,Patel,02-11-2024,Kolkata,,,,
CUST4146,Nisha,Joshi,16-04-2022,Lucknow,,,,
CUST4147,Pooja,Reddy,14-03-2024,Pune,,,,
CUST4148,Ananya,Kapoor,15-02-2023,Chennai,,,,
CUST4149,Priya,Singh,03-10-2022,Kolkata,,,,
CUST4150,Rohan,Verma,09-08-2024,Chandigarh,,,,
CUST4151,Amit,Rao,04-06-2025,Visakhapatnam,,,,
CUST4152,Rahul,Chatterjee,26-04-2022,Mumbai,,,,
CUST4153,Vikram,Pillai,24-04-2023,Pune,,,,
CUST4154,Aditya,Patel,25-12-2021,Bangalore,,,,
CUST4155,Arjun,Bose,08-06-2023,Kolkata,,,,
CUST4156,Priya,Mehta,15-12-2021,Bangalore,,,,
CUST4157,Sunita,Mishra,12-08-2024,Kolkata,,,,
CUST4158,Aarav,Shah,03-01-2022,Mumbai,,,,
CUST4159,Arjun,Joshi,21-12-2020,Chennai,,,,
CUST4160,Meera,Kumar,27-06-2024,Indore,,,,
CUST4161,Amit,Das,02-01-2022,Nagpur,,,,
CUST4162,Arjun,Reddy,06-02-2021,Pune,,,,
CUST4163,Rahul,Mehta,31-12-2022,Kolkata,,,,
CUST4164,Rohan,Singh,16-07-2023,Gurgaon,,,,
CUST4165,Sanjay,Nair,24-05-2022,Noida,,,,
CUST4166,Deepa,Patel,01-09-2020,Nagpur,,,,
CUST4167,Aarav,Sharma,10-03-2023,Mumbai,,,,
CUST4168,Rohan,Nair,05-12-2023,Pune,,,,
CUST4169,Nikhil,Bose,30-11-2023,Patna,,,,
CUST4170,Arjun,Sharma,09-04-2024,Bangalore,,,,
CUST4171,Ananya,Mishra,10-03-2022,Bangalore,,,,
CUST4172,Meera,Bose,06-03-2022,Surat,,,,
CUST4173,Deepa,Verma,23-09-2020,Noida,,,,
CUST4174,Shreya,Mishra,17-09-2024,Ahmedabad,,,,
CUST4175,Meera,Iyer,16-03-2024,Chennai,,,,
CUST4176,Aditya,Pillai,25-12-2020,Chennai,,,,
CUST4177,Ritu,Reddy,28-01-2025,Lucknow,,,,
CUST4178,Nikhil,Kapoor,17-09-2022,Kochi,,,,
CUST4179,Deepa,Iyer,11-05-2022,Noida,,,,
CUST4180,Rohan,Rao,23-12-2020,Mumbai,,,,
CUST4181,Arjun,Patel,21-01-2024,Delhi,,,,
CUST4182,Kavya,Chatterjee,01-02-2024,Pune,,,,
CUST4183,Sunita,Pillai,05-03-2022,Nagpur,,,,
CUST4184,Amit,Verma,27-07-2024,Lucknow,,,,
CUST4185,Shreya,Nair,10-08-2024,Bangalore,,,,
CUST4186,Priya,Das,28-03-2023,Mumbai,,,,
CUST4187,Aarav,Shah,27-07-2023,Kochi,,,,
CUST4188,Aditya,Bose,04-02-2021,Delhi,,,,
CUST4189,Aarav,Shah,27-10-2022,Delhi,,,,
CUST4190,Sanjay,Patel,15-08-2025,Delhi,,,,
CUST4191,Nisha,Joshi,17-12-2020,Indore,,,,
CUST4192,Sanjay,Chatterjee,07-11-2020,Patna,,,,
CUST4193,Sanjay,Mishra,13-02-2025,Visakhapatnam,,,,
CUST4194,Rahul,Nair,07-09-2023,Bhubaneswar,,,,
CUST4195,Kavya,Kapoor,21-08-2025,Mumbai,,,,
CUST4196,Aarav,Rao,17-03-2025,Kochi,,,,
CUST4197,Ananya,Mehta,18-11-2023,Gurgaon,,,,
CUST4198,Deepa,Rao,08-06-2025,Hyderabad,,,,
CUST4199,Amit,Chatterjee,14-10-2021,Kolkata,,,,
CUST4200,Nisha,Sharma,10-10-2024,Mumbai,,,,
CUST4201,Nisha,Patel,10-10-2020,Bangalore,,,,
CUST4202,Priya,Rao,21-06-2023,Gurgaon,,,,
CUST4203,Arjun,Patel,27-06-2025,Lucknow,,,,
CUST4204,Nisha,Chatterjee,28-01-2024,Hyderabad,,,,
CUST4205,Vikram,Gupta,13-10-2024,Hyderabad,,,,
CUST4206,Vikram,Bhat,10-10-2022,Patna,,,,
CUST4207,Kavya,Kumar,10-05-2023,Kolkata,,,,
CUST4208,Aarav,Kapoor,17-11-2022,Chennai,,,,
CUST4209,Rahul,Patel,03-11-2021,Mumbai,,,,
CUST4210,Arjun,Bose,18-07-2021,Delhi,,,,
CUST4211,Sanjay,Mehta,19-12-2022,Bangalore,,,,
CUST4212,Sanjay,Chatterjee,30-07-2023,Mumbai,,,,
CUST4213,Ananya,Das,06-11-2024,Mumbai,,,,
CUST4214,Deepa,Sharma,23-08-2022,Hyderabad,,,,
CUST4215,Meera,Nair,13-08-2024,Bangalore,,,,
CUST4216,Rahul,Patel,01-12-2024,Kolkata,,,,
CUST4217,Shreya,Mehta,10-08-2023,Jaipur,,,,
CUST4218,Kavya,Patel,04-08-2021,Kolkata,,,,
CUST4219,Aarav,Patel,09-11-2021,Visakhapatnam,,,,
CUST4220,Arjun,Pillai,30-07-2024,Pune,,,,
CUST4221,Kavya,Rao,15-03-2022,Pune,,,,
CUST4222,Aditya,Reddy,16-11-2023,Mumbai,,,,
CUST4223,Deepa,Bhat,27-08-2023,Mumbai,,,,
CUST4224,Aarav,Sharma,03-04-2021,Hyderabad,,,,
CUST4225,Sanjay,Reddy,26-04-2025,Bhubaneswar,,,,
CUST4226,Nisha,Bose,07-09-2022,Hyderabad,,,,
CUST4227,Meera,Sharma,17-05-2021,Delhi,,,,
CUST4228,Nikhil,Reddy,23-11-2020,Chandigarh,,,,
CUST4229,Aarav,Bhat,26-06-2025,Indore,,,,
CUST4230,Vikram,Joshi,11-11-2024,Mumbai,,,,
CUST4231,Sunita,Nair,17-04-2024,Pune,,,,
CUST4232,Rahul,Verma,22-02-2025,Kolkata,,,,
CUST4233,Ananya,Verma,13-10-2023,Ahmedabad,,,,
CUST4234,Kavya,Singh,29-11-2024,Bhubaneswar,,,,
CUST4235,Shreya,Kapoor,23-02-2022,Mumbai,,,,
CUST4236,Rohan,Iyer,04-01-2022,Bangalore,,,,
CUST4237,Nikhil,Nair,17-05-2025,Surat,,,,
CUST4238,Deepa,Singh,29-05-2023,Mumbai,,,,
CUST4239,Sanjay,Reddy,10-04-2021,Pune,,,,
CUST4240,Rohan,Singh,27-10-2021,Chandigarh,,,,
CUST4241,Aditya,Iyer,13-11-2020,Chennai,,,,
CUST4242,Meera,Chatterjee,22-02-2024,Surat,,,,
CUST4243,Amit,Bose,13-12-2022,Pune,,,,
CUST4244,Pooja,Mishra,02-12-2022,Nagpur,,,,
CUST4245,Aditya,Shah,19-12-2022,Gurgaon,,,,
CUST4246,Pooja,Mishra,19-02-2024,Kolkata,,,,
CUST4247,Sanjay,Reddy,01-03-2023,Bangalore,,,,
CUST4248,Karan,Mishra,18-09-2020,Bangalore,,,,
CUST4249,Amit,Mishra,13-02-2025,Indore,,,,
CUST4250,Rahul,Bose,17-04-2023,Bangalore,,,,
CUST4251,Sunita,Kapoor,19-03-2021,Kolkata,,,,
CUST4252,Kavya,Bhat,02-04-2022,Mumbai,,,,
CUST4253,Rohan,Nair,16-12-2022,Delhi,,,,
CUST4254,Aditya,Gupta,18-12-2024,Kolkata,,,,
CUST4255,Rahul,Kumar,18-12-2024,Visakhapatnam,,,,
CUST4256,Rahul,Mehta,14-05-2022,Bangalore,,,,
CUST4257,Nisha,Verma,12-04-2024,Nagpur,,,,
CUST4258,Karan,Joshi,18-03-2021,Bhubaneswar,,,,
CUST4259,Meera,Reddy,07-11-2020,Pune,,,,
CUST4260,Sunita,Reddy,28-04-2025,Pune,,,,
CUST4261,Priya,Shah,16-02-2022,Nagpur,,,,
CUST4262,Aditya,Singh,09-09-2023,Gurgaon,,,,
CUST4263,Aditya,Reddy,12-07-2025,Mumbai,,,,
CUST4264,Rahul,Gupta,30-05-2024,Bangalore,,,,
CUST4265,Ananya,Singh,26-03-2021,Chandigarh,,,,
CUST4266,Ananya,Bose,11-07-2024,Lucknow,,,,
CUST4267,Aarav,Sharma,23-12-2023,Chennai,,,,
CUST4268,Aditya,Reddy,06-09-2021,Bangalore,,,,
CUST4269,Ritu,Shah,10-09-2021,Bangalore,,,,
CUST4270,Vikram,Bose,02-07-2023,Gurgaon,,,,
CUST4271,Ritu,Mishra,15-05-2022,Kolkata,,,,
CUST4272,Ritu,Chatterjee,12-04-2023,Kolkata,,,,
CUST4273,Sanjay,Verma,11-08-2024,Kochi,,,,
CUST4274,Arjun,Kumar,08-10-2020,Bangalore,,,,
CUST4275,Deepa,Kapoor,11-05-2024,Pune,,,,
CUST4276,Amit,Patel,22-09-2021,Jaipur,,,,
CUST4277,Rohan,Patel,11-01-2025,Nagpur,,,,
CUST4278,Sanjay,Kumar,19-06-2024,Kolkata,,,,
CUST4279,Meera,Singh,30-06-2021,Pune,,,,
CUST4280,Sunita,Bhat,25-07-2024,Bangalore,,,,
CUST4281,Rohan,Gupta,24-01-2022,Hyderabad,,,,
CUST4282,Nikhil,Verma,27-06-2023,Hyderabad,,,,
CUST4283,Shreya,Kapoor,02-08-2023,Mumbai,,,,
CUST4284,Karan,Pillai,03-08-2021,Surat,,,,
CUST4285,Amit,Joshi,25-07-2021,Chennai,,,,
CUST4286,Sunita,Nair,10-09-2022,Noida,,,,
CUST4287,Amit,Rao,19-10-2020,Hyderabad,,,,
CUST4288,Shreya,Patel,09-08-2023,Chennai,,,,
CUST4289,Kavya,Pillai,03-10-2024,Kolkata,,,,
CUST4290,Sunita,Kapoor,23-04-2025,Chennai,,,,
CUST4291,Shreya,Bose,17-11-2023,Bangalore,,,,
CUST4292,Priya,Gupta,05-10-2024,Bangalore,,,,
CUST4293,Priya,Sharma,19-12-2020,Lucknow,,,,
CUST4294,Sanjay,Reddy,13-07-2021,Chandigarh,,,,
CUST4295,Aditya,Iyer,02-12-2020,Chennai,,,,
CUST4296,Vikram,Chatterjee,13-10-2022,Bhubaneswar,,,,
CUST4297,Rahul,Shah,16-06-2024,Bhubaneswar,,,,
CUST4298,Pooja,Mishra,26-05-2023,Kolkata,,,,
CUST4299,Deepa,Bose,05-07-2021,Pune,,,,
CUST4300,Nikhil,Singh,05-06-2021,Visakhapatnam,,,,
CUST4301,Amit,Reddy,15-11-2024,Jaipur,,,,
CUST4302,Rohan,Gupta,05-10-2020,Bangalore,,,,
CUST4303,Aditya,Rao,25-03-2024,Chennai,,,,
CUST4304,Shreya,Bose,25-08-2022,Mumbai,,,,
CUST4305,Nisha,Mehta,17-03-2025,Indore,,,,
CUST4306,Aarav,Sharma,31-12-2020,Mumbai,,,,
CUST4307,Shreya,Mehta,20-08-2024,Bhubaneswar,,,,
CUST4308,Meera,Shah,06-03-2024,Gurgaon,,,,
CUST4309,Nisha,Joshi,14-12-2021,Visakhapatnam,,,,
CUST4310,Sanjay,Shah,31-10-2023,Hyderabad,,,,
CUST4311,Ananya,Kumar,15-03-2023,Chennai,,,,
CUST4312,Rohan,Singh,15-04-2023,Indore,,,,
CUST4313,Nisha,Pillai,12-06-2022,Chennai,,,,
CUST4314,Nikhil,Gupta,14-02-2023,Indore,,,,
CUST4315,Nisha,Joshi,10-06-2023,Mumbai,,,,
CUST4316,Pooja,Iyer,02-03-2024,Bangalore,,,,
CUST4317,Rohan,Mehta,24-08-2023,Pune,,,,
CUST4318,Aditya,Nair,05-10-2022,Chennai,,,,
CUST4319,Rahul,Chatterjee,19-06-2022,Hyderabad,,,,
CUST4320,Rohan,Singh,11-08-2025,Lucknow,,,,
CUST4321,Rahul,Das,10-06-2022,Pune,,,,
CUST4322,Sunita,Kumar,28-07-2022,Patna,,,,
CUST4323,Nisha,Iyer,14-06-2022,Kolkata,,,,
CUST4324,Sunita,Mishra,14-07-2023,Hyderabad,,,,
CUST4325,Rohan,Singh,16-09-2020,Gurgaon,,,,
CUST4326,Shreya,Patel,02-04-2023,Kolkata,,,,
CUST4327,Kavya,Verma,06-09-2022,Ahmedabad,,,,
CUST4328,Ananya,Bhat,18-04-2022,Bhubaneswar,,,,
CUST4329,Nikhil,Das,10-10-2022,Chandigarh,,,,
CUST4330,Karan,Pillai,04-06-2023,Bhubaneswar,,,,
CUST4331,Sanjay,Shah,20-05-2022,Jaipur,,,,
CUST4332,Arjun,Joshi,25-12-2024,Hyderabad,,,,
CUST4333,Karan,Mehta,16-10-2021,Kochi,,,,
CUST4334,Amit,Mishra,22-07-2024,Mumbai,,,,
CUST4335,Nisha,Kumar,21-04-2021,Jaipur,,,,
CUST4336,Pooja,Bhat,05-11-2020,Kochi,,,,
CUST4337,Karan,Bhat,01-04-2022,Hyderabad,,,,
CUST4338,Deepa,Verma,25-09-2020,Delhi,,,,
CUST4339,Sunita,Patel,17-08-2022,Hyderabad,,,,
CUST4340,Aditya,Das,21-01-2023,Mumbai,,,,
CUST4341,Meera,Gupta,09-11-2022,Indore,,,,
CUST4342,Ritu,Verma,01-05-2021,Surat,,,,
CUST4343,Kavya,Chatterjee,30-09-2020,Bhubaneswar,,,,
CUST4344,Sunita,Singh,24-05-2023,Jaipur,,,,
CUST4345,Ritu,Iyer,09-08-2023,Chandigarh,,,,
CUST4346,Sunita,Joshi,08-09-2023,Chennai,,,,
CUST4347,Sanjay,Das,30-06-2025,Jaipur,,,,
CUST4348,Amit,Joshi,10-08-2025,Nagpur,,,,
CUST4349,Sanjay,Nair,06-04-2023,Lucknow,,,,
CUST4350,Arjun,Mishra,24-12-2023,Gurgaon,,,,
CUST4351,Karan,Chatterjee,17-10-2024,Noida,,,,
CUST4352,Priya,Gupta,28-02-2022,Kochi,,,,
CUST4353,Vikram,Gupta,24-06-2022,Kochi,,,,
CUST4354,Nisha,Iyer,10-11-2023,Bangalore,,,,
CUST4355,Vikram,Singh,20-05-2025,Patna,,,,
CUST4356,Aarav,Singh,31-10-2021,Mumbai,,,,
CUST4357,Shreya,Pillai,08-07-2023,Kolkata,,,,
CUST4358,Ananya,Mishra,11-12-2022,Hyderabad,,,,
CUST4359,Aarav,Mishra,27-05-2021,Gurgaon,,,,
CUST4360,Ritu,Kapoor,12-06-2025,Gurgaon,,,,
CUST4361,Deepa,Nair,14-12-2021,Patna,,,,
CUST4362,Aarav,Kapoor,17-09-2024,Mumbai,,,,
CUST4363,Amit,Nair,05-01-2025,Mumbai,,,,
CUST4364,Ananya,Patel,11-09-2022,Mumbai,,,,
CUST4365,Karan,Reddy,17-08-2022,Visakhapatnam,,,,
CUST4366,Kavya,Kumar,13-05-2022,Chennai,,,,
CUST4367,Nikhil,Reddy,30-01-2025,Delhi,,,,
CUST4368,Sanjay,Nair,14-08-2025,Gurgaon,,,,
CUST4369,Pooja,Kapoor,30-11-2023,Chandigarh,,,,
CUST4370,Arjun,Chatterjee,31-12-2023,Hyderabad,,,,
CUST4371,Kavya,Pillai,10-04-2024,Mumbai,,,,
CUST4372,Vikram,Nair,31-12-2023,Mumbai,,,,
CUST4373,Shreya,Patel,14-01-2024,Delhi,,,,
CUST4374,Deepa,Rao,17-09-2021,Nagpur,,,,
CUST4375,Rahul,Rao,13-07-2024,Bangalore,,,,
CUST4376,Rahul,Nair,13-02-2022,Mumbai,,,,
CUST4377,Ananya,Rao,12-02-2022,Patna,,,,
CUST4378,Pooja,Verma,27-03-2025,Mumbai,,,,
CUST4379,Meera,Kumar,24-05-2021,Jaipur,,,,
CUST4380,Pooja,Rao,09-11-2020,Delhi,,,,
CUST4381,Kavya,Iyer,14-05-2023,Nagpur,,,,
CUST4382,Pooja,Patel,30-09-2023,Pune,,,,
CUST4383,Kavya,Patel,17-12-2022,Nagpur,,,,
CUST4384,Rahul,Mehta,15-07-2025,Noida,,,,
CUST4385,Nisha,Bose,16-07-2024,Pune,,,,
CUST4386,Sanjay,Joshi,29-03-2024,Pune,,,,
CUST4387,Rohan,Kapoor,17-03-2022,Nagpur,,,,
CUST4388,Nikhil,Iyer,07-10-2022,Pune,,,,
CUST4389,Kavya,Mehta,10-09-2021,Jaipur,,,,
CUST4390,Arjun,Kumar,15-02-2023,Hyderabad,,,,
CUST4391,Sanjay,Rao,12-12-2020,Nagpur,,,,
CUST4392,Ananya,Mehta,06-07-2024,Chennai,,,,
CUST4393,Kavya,Mehta,06-04-2021,Kolkata,,,,
CUST4394,Shreya,Singh,25-11-2020,Bangalore,,,,
CUST4395,Nikhil,Mehta,21-09-2024,Surat,,,,
CUST4396,Ritu,Mehta,30-03-2021,Gurgaon,,,,
CUST4397,Sunita,Kumar,07-01-2021,Chandigarh,,,,
CUST4398,Vikram,Kumar,17-10-2024,Hyderabad,,,,
CUST4399,Rohan,Das,01-02-2021,Delhi,,,,
CUST4400,Rohan,Bose,08-01-2021,Gurgaon,,,,
CUST4401,Rohan,Nair,03-09-2021,Mumbai,,,,
CUST4402,Sunita,Bhat,07-02-2023,Bangalore,,,,
CUST4403,Amit,Mishra,30-10-2024,Pune,,,,
CUST4404,Rahul,Reddy,20-09-2022,Kolkata,,,,
CUST4405,Amit,Shah,19-02-2025,Bhubaneswar,,,,
CUST4406,Deepa,Das,16-12-2023,Delhi,,,,
CUST4407,Aarav,Rao,27-08-2021,Chennai,,,,
CUST4408,Pooja,Gupta,08-03-2024,Lucknow,,,,
CUST4409,Vikram,Sharma,04-10-2023,Mumbai,,,,
CUST4410,Kavya,Nair,25-09-2020,Hyderabad,,,,
CUST4411,Arjun,Rao,15-02-2024,Chennai,,,,
CUST4412,Karan,Sharma,30-10-2024,Hyderabad,,,,
CUST4413,Arjun,Nair,24-05-2025,Kolkata,,,,
CUST4414,Priya,Verma,09-11-2021,Kochi,,,,
CUST4415,Arjun,Reddy,27-05-2022,Pune,,,,
CUST4416,Deepa,Shah,20-07-2024,Lucknow,,,,
CUST4417,Ananya,Patel,20-06-2022,Nagpur,,,,
CUST4418,Ananya,Pillai,04-10-2024,Chennai,,,,
CUST4419,Meera,Verma,10-01-2024,Chennai,,,,
CUST4420,Aditya,Singh,27-01-2025,Surat,,,,
CUST4421,Rohan,Kumar,29-05-2024,Kolkata,,,,
CUST4422,Ritu,Shah,01-03-2025,Jaipur,,,,
CUST4423,Vikram,Mishra,01-01-2022,Noida,,,,
CUST4424,Aarav,Bose,11-09-2024,Kolkata,,,,
CUST4425,Arjun,Pillai,08-09-2024,Mumbai,,,,
CUST4426,Ritu,Reddy,24-01-2025,Pune,,,,
CUST4427,Amit,Das,04-10-2023,Hyderabad,,,,
CUST4428,Priya,Sharma,30-05-2022,Mumbai,,,,
CUST4429,Rohan,Patel,07-05-2024,Ahmedabad,,,,
CUST4430,Ritu,Verma,14-02-2025,Hyderabad,,,,
CUST4431,Aarav,Nair,14-11-2021,Hyderabad,,,,
CUST4432,Shreya,Sharma,11-01-2021,Bhubaneswar,,,,
CUST4433,Arjun,Singh,31-03-2024,Bhubaneswar,,,,
CUST4434,Rahul,Kumar,11-08-2023,Pune,,,,
CUST4435,Priya,Mishra,14-06-2025,Bangalore,,,,
CUST4436,Aarav,Pillai,08-11-2023,Kolkata,,,,
CUST4437,Nisha,Mehta,27-11-2023,Chennai,,,,
CUST4438,Arjun,Reddy,17-02-2023,Hyderabad,,,,
CUST4439,Nikhil,Reddy,06-02-2025,Kolkata,,,,
CUST4440,Nikhil,Reddy,29-01-2023,Mumbai,,,,
CUST4441,Pooja,Gupta,12-03-2022,Kochi,,,,
CUST4442,Deepa,Nair,19-01-2021,Chennai,,,,
CUST4443,Rohan,Kumar,02-08-2024,Mumbai,,,,
CUST4444,Nikhil,Kapoor,05-10-2021,Kochi,,,,
CUST4445,Sunita,Das,05-07-2024,Noida,,,,
CUST4446,Aarav,Sharma,19-01-2024,Hyderabad,,,,
CUST4447,Arjun,Bhat,12-09-2022,Mumbai,,,,
CUST4448,Aarav,Joshi,11-01-2024,Delhi,,,,
CUST4449,Rohan,Mishra,07-08-2025,Delhi,,,,
CUST4450,Ananya,Das,18-11-2021,Bangalore,,,,
CUST4451,Rahul,Rao,28-12-2024,Visakhapatnam,,,,
CUST4452,Meera,Rao,09-02-2024,Gurgaon,,,,
CUST4453,Rohan,Chatterjee,16-07-2025,Chandigarh,,,,
CUST4454,Rohan,Bose,09-12-2020,Surat,,,,
CUST4455,Priya,Mishra,30-01-2022,Chennai,,,,
CUST4456,Amit,Bhat,07-02-2024,Kolkata,,,,
CUST4457,Ananya,Patel,28-09-2021,Jaipur,,,,
CUST4458,Rohan,Pillai,11-04-2024,Kolkata,,,,
CUST4459,Meera,Kapoor,15-07-2021,Gurgaon,,,,
CUST4460,Rahul,Iyer,31-08-2021,Hyderabad,,,,
CUST4461,Rohan,Bhat,06-02-2024,Delhi,,,,
CUST4462,Shreya,Das,31-10-2023,Mumbai,,,,
CUST4463,Shreya,Das,12-05-2025,Jaipur,,,,
CUST4464,Meera,Das,18-11-2024,Pune,,,,
CUST4465,Sanjay,Nair,13-04-2025,Indore,,,,
CUST4466,Rohan,Joshi,11-11-2023,Chennai,,,,
CUST4467,Aditya,Bose,01-04-2023,Kolkata,,,,
CUST4468,Pooja,Iyer,18-08-2021,Indore,,,,
CUST4469,Aditya,Patel,10-01-2021,Hyderabad,,,,
CUST4470,Kavya,Verma,23-12-2020,Delhi,,,,
CUST4471,Priya,Rao,11-04-2021,Bhubaneswar,,,,
CUST4472,Sunita,Nair,08-11-2022,Ahmedabad,,,,
CUST4473,Amit,Mishra,04-11-2021,Jaipur,,,,
CUST4474,Sanjay,Patel,14-01-2022,Delhi,,,,
CUST4475,Rahul,Pillai,04-11-2022,Kochi,,,,
CUST4476,Pooja,Sharma,05-11-2023,Pune,,,,
CUST4477,Aarav,Pillai,25-06-2024,Kolkata,,,,
CUST4478,Meera,Shah,18-06-2025,Surat,,,,
CUST4479,Rohan,Mehta,29-07-2021,Hyderabad,,,,
CUST4480,Meera,Sharma,18-03-2021,Noida,,,,
CUST4481,Amit,Bhat,30-05-2025,Bangalore,,,,
CUST4482,Ananya,Chatterjee,02-01-2024,Pune,,,,
CUST4483,Pooja,Rao,12-11-2021,Hyderabad,,,,
CUST4484,Pooja,Rao,14-04-2022,Kochi,,,,
CUST4485,Sunita,Mehta,02-05-2024,Nagpur,,,,
CUST4486,Amit,Joshi,28-12-2023,Hyderabad,,,,
CUST4487,Shreya,Mehta,06-12-2021,Visakhapatnam,,,,
CUST4488,Priya,Sharma,11-06-2021,Kolkata,,,,
CUST4489,Meera,Kapoor,14-06-2021,Hyderabad,,,,
CUST4490,Shreya,Mehta,14-02-2025,Kolkata,,,,
CUST4491,Shreya,Rao,27-03-2023,Mumbai,,,,
CUST4492,Sanjay,Das,31-12-2024,Bangalore,,,,
CUST4493,Pooja,Kumar,11-11-2020,Mumbai,,,,
CUST4494,Aarav,Mishra,10-03-2024,Visakhapatnam,,,,
CUST4495,Amit,Bhat,16-12-2021,Kolkata,,,,
CUST4496,Pooja,Verma,30-01-2025,Visakhapatnam,,,,
CUST4497,Shreya,Bose,27-11-2021,Pune,,,,
CUST4498,Rahul,Rao,02-05-2022,Hyderabad,,,,
CUST4499,Meera,Iyer,13-03-2024,Bhubaneswar,,,,
CUST4500,Vikram,Reddy,20-12-2021,Visakhapatnam,,,,
CUST4501,Deepa,Mishra,26-01-2023,Hyderabad,,,,
CUST4502,Rahul,Rao,07-03-2024,Kolkata,,,,
CUST4503,Priya,Das,21-10-2022,Mumbai,,,,
CUST4504,Aditya,Bhat,02-03-2023,Delhi,,,,
CUST4505,Ananya,Gupta,05-09-2022,Hyderabad,,,,
CUST4506,Sanjay,Nair,18-05-2025,Bangalore,,,,
CUST4507,Pooja,Nair,03-01-2024,Bhubaneswar,,,,
CUST4508,Priya,Sharma,26-08-2020,Bhubaneswar,,,,
CUST4509,Pooja,Chatterjee,02-12-2023,Bhubaneswar,,,,
CUST4510,Sanjay,Kapoor,08-01-2021,Lucknow,,,,
CUST4511,Nisha,Iyer,16-11-2024,Ahmedabad,,,,
CUST4512,Nisha,Mehta,24-05-2025,Nagpur,,,,
CUST4513,Sanjay,Singh,08-07-2024,Delhi,,,,
CUST4514,Nikhil,Mishra,06-02-2024,Pune,,,,
CUST4515,Sunita,Rao,04-11-2024,Bangalore,,,,
CUST4516,Aarav,Sharma,23-08-2021,Patna,,,,
CUST4517,Vikram,Bhat,13-03-2025,Kolkata,,,,
CUST4518,Rahul,Chatterjee,12-11-2020,Noida,,,,
CUST4519,Shreya,Patel,01-09-2023,Delhi,,,,
CUST4520,Arjun,Bose,28-03-2024,Bangalore,,,,
CUST4521,Kavya,Bhat,29-11-2022,Gurgaon,,,,
CUST4522,Sanjay,Iyer,08-02-2023,Pune,,,,
CUST4523,Arjun,Das,14-12-2020,Pune,,,,
CUST4524,Nikhil,Joshi,15-01-2023,Delhi,,,,
CUST4525,Ritu,Singh,27-09-2021,Bangalore,,,,
CUST4526,Amit,Mehta,26-03-2025,Mumbai,,,,
CUST4527,Sanjay,Mehta,08-09-2021,Indore,,,,
CUST4528,Arjun,Reddy,01-07-2024,Delhi,,,,
CUST4529,Meera,Mishra,23-01-2023,Pune,,,,
CUST4530,Ananya,Gupta,01-05-2023,Pune,,,,
CUST4531,Sunita,Shah,17-11-2023,Chandigarh,,,,
CUST4532,Meera,Chatterjee,01-09-2021,Pune,,,,
CUST4533,Priya,Singh,07-05-2021,Visakhapatnam,,,,
CUST4534,Nisha,Mishra,03-10-2022,Mumbai,,,,
CUST4535,Aarav,Sharma,14-02-2023,Kolkata,,,,
CUST4536,Ananya,Joshi,01-03-2024,Kolkata,,,,
CUST4537,Rahul,Shah,23-12-2024,Mumbai,,,,
CUST4538,Kavya,Kapoor,01-06-2023,Chandigarh,,,,
CUST4539,Nisha,Bose,26-01-2024,Delhi,,,,
CUST4540,Aditya,Kapoor,12-11-2022,Bangalore,,,,
CUST4541,Deepa,Mehta,19-07-2024,Bhubaneswar,,,,
CUST4542,Amit,Shah,02-07-2025,Pune,,,,
CUST4543,Ritu,Bhat,07-10-2020,Surat,,,,
CUST4544,Vikram,Shah,11-08-2023,Patna,,,,
CUST4545,Karan,Bose,28-04-2024,Noida,,,,
CUST4546,Ananya,Kumar,11-05-2024,Mumbai,,,,
CUST4547,Sanjay,Verma,20-12-2020,Chennai,,,,
CUST4548,Rahul,Patel,26-05-2025,Surat,,,,
CUST4549,Ananya,Rao,04-11-2024,Indore,,,,
CUST4550,Meera,Rao,21-09-2022,Kolkata,,,,
CUST4551,Ritu,Gupta,30-08-2020,Noida,,,,
CUST4552,Karan,Shah,06-01-2021,Bhubaneswar,,,,
CUST4553,Nikhil,Kumar,27-09-2022,Kochi,,,,
CUST4554,Arjun,Gupta,09-05-2024,Mumbai,,,,
CUST4555,Sanjay,Patel,13-07-2024,Bangalore,,,,
CUST4556,Aditya,Nair,30-09-2020,Chennai,,,,
CUST4557,Nikhil,Joshi,17-12-2021,Bangalore,,,,
CUST4558,Deepa,Pillai,27-12-2021,Pune,,,,
CUST4559,Nikhil,Singh,12-03-2025,Chandigarh,,,,
CUST4560,Meera,Pillai,26-12-2020,Mumbai,,,,
CUST4561,Ananya,Bose,11-02-2021,Noida,,,,
CUST4562,Deepa,Gupta,31-08-2023,Bangalore,,,,
CUST4563,Rohan,Nair,06-04-2023,Ahmedabad,,,,
CUST4564,Sanjay,Patel,19-04-2025,Pune,,,,
CUST4565,Kavya,Singh,30-06-2024,Bangalore,,,,
CUST4566,Vikram,Pillai,16-06-2025,Bangalore,,,,
CUST4567,Meera,Chatterjee,04-02-2025,Kochi,,,,
CUST4568,Ananya,Patel,29-10-2021,Kochi,,,,
CUST4569,Nisha,Nair,11-08-2021,Chennai,,,,
CUST4570,Aditya,Reddy,15-07-2021,Patna,,,,
CUST4571,Nikhil,Joshi,22-12-2020,Chennai,,,,
CUST4572,Sunita,Sharma,12-12-2024,Kolkata,,,,
CUST4573,Ritu,Kapoor,31-05-2025,Ahmedabad,,,,
CUST4574,Ananya,Verma,16-10-2024,Chennai,,,,
CUST4575,Aarav,Rao,22-06-2023,Mumbai,,,,
CUST4576,Deepa,Chatterjee,11-05-2024,Chandigarh,,,,
CUST4577,Meera,Reddy,20-03-2023,Kochi,,,,
CUST4578,Ritu,Verma,28-05-2025,Hyderabad,,,,
CUST4579,Vikram,Iyer,27-06-2025,Kolkata,,,,
CUST4580,Priya,Iyer,20-05-2024,Kolkata,,,,
CUST4581,Priya,Verma,12-07-2024,Lucknow,,,,
CUST4582,Rahul,Iyer,03-03-2023,Mumbai,,,,
CUST4583,Nisha,Patel,20-02-2022,Hyderabad,,,,
CUST4584,Shreya,Sharma,14-02-2023,Nagpur,,,,
CUST4585,Meera,Verma,24-11-2023,Bhubaneswar,,,,
CUST4586,Kavya,Pillai,30-03-2024,Kolkata,,,,
CUST4587,Deepa,Singh,10-06-2024,Bangalore,,,,
CUST4588,Nisha,Patel,27-10-2023,Mumbai,,,,
CUST4589,Vikram,Mishra,26-03-2025,Patna,,,,
CUST4590,Nikhil,Kapoor,01-03-2025,Chennai,,,,
CUST4591,Aditya,Shah,21-01-2024,Bangalore,,,,
CUST4592,Rohan,Bose,11-07-2025,Hyderabad,,,,
CUST4593,Amit,Verma,01-10-2021,Gurgaon,,,,
CUST4594,Ritu,Mishra,11-12-2023,Bangalore,,,,
CUST4595,Nikhil,Mishra,26-06-2024,Pune,,,,
CUST4596,Meera,Kapoor,21-01-2023,Chandigarh,,,,
CUST4597,Aditya,Patel,21-08-2021,Mumbai,,,,
CUST4598,Shreya,Reddy,03-08-2022,Mumbai,,,,
CUST4599,Nisha,Bhat,24-04-2024,Mumbai,,,,
CUST4600,Karan,Bose,28-05-2022,Chennai,,,,
CUST4601,Sunita,Kumar,25-06-2025,Bangalore,,,,
CUST4602,Arjun,Patel,05-03-2024,Bangalore,,,,
CUST4603,Meera,Sharma,20-06-2023,Chandigarh,,,,
CUST4604,Nikhil,Reddy,28-10-2022,Bangalore,,,,
CUST4605,Shreya,Shah,21-01-2022,Chennai,,,,
CUST4606,Pooja,Verma,12-04-2023,Chennai,,,,
CUST4607,Vikram,Gupta,13-08-2021,Surat,,,,
CUST4608,Nikhil,Das,14-01-2023,Hyderabad,,,,
CUST4609,Ritu,Reddy,04-08-2024,Surat,,,,
CUST4610,Meera,Reddy,17-11-2023,Kolkata,,,,
CUST4611,Karan,Kumar,31-07-2025,Nagpur,,,,
CUST4612,Amit,Rao,07-06-2024,Visakhapatnam,,,,
CUST4613,Ritu,Patel,18-03-2025,Ahmedabad,,,,
CUST4614,Ananya,Nair,25-11-2021,Bangalore,,,,
CUST4615,Nikhil,Patel,22-04-2025,Pune,,,,
CUST4616,Arjun,Rao,30-12-2022,Ahmedabad,,,,
CUST4617,Kavya,Nair,30-06-2025,Bangalore,,,,
CUST4618,Sunita,Nair,25-04-2025,Bangalore,,,,
CUST4619,Priya,Patel,31-05-2025,Pune,,,,
CUST4620,Kavya,Iyer,10-08-2024,Chennai,,,,
CUST4621,Meera,Mehta,20-05-2021,Lucknow,,,,
CUST4622,Sunita,Mishra,28-04-2021,Jaipur,,,,
CUST4623,Sunita,Kapoor,06-10-2023,Chennai,,,,
CUST4624,Sunita,Reddy,23-03-2023,Pune,,,,
CUST4625,Priya,Chatterjee,27-09-2022,Bangalore,,,,
CUST4626,Vikram,Verma,13-04-2025,Delhi,,,,
CUST4627,Nikhil,Singh,18-03-2024,Chennai,,,,
CUST4628,Priya,Pillai,26-09-2024,Hyderabad,,,,
CUST4629,Aarav,Das,08-10-2024,Pune,,,,
CUST4630,Pooja,Sharma,01-02-2024,Chennai,,,,
CUST4631,Kavya,Verma,19-11-2022,Chennai,,,,
CUST4632,Karan,Shah,15-04-2025,Noida,,,,
CUST4633,Shreya,Joshi,12-11-2024,Pune,,,,
CUST4634,Priya,Kumar,15-12-2022,Hyderabad,,,,
CUST4635,Sunita,Das,09-09-2023,Ahmedabad,,,,
CUST4636,Priya,Das,21-07-2022,Ahmedabad,,,,
CUST4637,Nisha,Sharma,11-02-2023,Noida,,,,
CUST4638,Deepa,Bhat,28-12-2022,Kolkata,,,,
CUST4639,Shreya,Rao,14-01-2025,Nagpur,,,,
CUST4640,Aditya,Sharma,02-01-2024,Delhi,,,,
CUST4641,Vikram,Kapoor,26-08-2024,Chandigarh,,,,
CUST4642,Karan,Kumar,01-08-2021,Indore,,,,
CUST4643,Meera,Mishra,09-11-2021,Kolkata,,,,
CUST4644,Arjun,Kapoor,30-03-2022,Kolkata,,,,
CUST4645,Amit,Joshi,06-12-2020,Kochi,,,,
CUST4646,Vikram,Joshi,20-05-2022,Bhubaneswar,,,,
CUST4647,Vikram,Iyer,25-07-2023,Bangalore,,,,
CUST4648,Aditya,Das,01-07-2022,Kolkata,,,,
CUST4649,Rohan,Kumar,16-10-2021,Pune,,,,
CUST4650,Priya,Bose,11-04-2021,Kolkata,,,,
CUST4651,Meera,Kapoor,26-08-2021,Mumbai,,,,
CUST4652,Aarav,Rao,08-07-2022,Bangalore,,,,
CUST4653,Nisha,Rao,03-10-2024,Bangalore,,,,
CUST4654,Vikram,Iyer,07-03-2023,Chennai,,,,
CUST4655,Sunita,Gupta,11-07-2024,Nagpur,,,,
CUST4656,Karan,Das,07-10-2020,Ahmedabad,,,,
CUST4657,Pooja,Chatterjee,25-01-2021,Indore,,,,
CUST4658,Aditya,Verma,15-12-2022,Bangalore,,,,
CUST4659,Ritu,Pillai,05-03-2024,Bangalore,,,,
CUST4660,Pooja,Verma,24-01-2022,Chandigarh,,,,
CUST4661,Sanjay,Chatterjee,06-02-2025,Kolkata,,,,
CUST4662,Priya,Bose,12-12-2021,Patna,,,,
CUST4663,Aarav,Bhat,03-01-2022,Kolkata,,,,
CUST4664,Rahul,Verma,10-06-2025,Hyderabad,,,,
CUST4665,Sanjay,Iyer,22-08-2023,Mumbai,,,,
CUST4666,Amit,Shah,25-06-2024,Chandigarh,,,,
CUST4667,Ritu,Rao,21-12-2024,Hyderabad,,,,
CUST4668,Kavya,Kumar,27-06-2023,Pune,,,,
CUST4669,Nisha,Patel,29-10-2022,Chandigarh,,,,
CUST4670,Nikhil,Bose,16-12-2024,Bangalore,,,,
CUST4671,Deepa,Iyer,15-06-2025,Ahmedabad,,,,
CUST4672,Meera,Gupta,14-07-2023,Mumbai,,,,
CUST4673,Nisha,Das,03-08-2021,Pune,,,,
CUST4674,Kavya,Kapoor,02-06-2025,Jaipur,,,,
CUST4675,Aditya,Bose,20-10-2024,Mumbai,,,,
CUST4676,Shreya,Nair,23-02-2025,Chennai,,,,
CUST4677,Sanjay,Joshi,09-06-2021,Pune,,,,
CUST4678,Ananya,Das,06-04-2021,Hyderabad,,,,
CUST4679,Aarav,Joshi,20-12-2020,Bangalore,,,,
CUST4680,Aditya,Chatterjee,28-09-2024,Delhi,,,,
CUST4681,Rahul,Kumar,10-07-2022,Mumbai,,,,
CUST4682,Kavya,Nair,23-08-2025,Mumbai,,,,
CUST4683,Nisha,Sharma,13-04-2022,Chennai,,,,
CUST4684,Kavya,Chatterjee,05-04-2025,Pune,,,,
CUST4685,Aarav,Verma,27-08-2023,Delhi,,,,
CUST4686,Vikram,Singh,14-03-2023,Gurgaon,,,,
CUST4687,Meera,Kapoor,18-05-2022,Bhubaneswar,,,,
CUST4688,Nisha,Sharma,19-02-2022,Lucknow,,,,
CUST4689,Rohan,Singh,09-11-2022,Kolkata,,,,
CUST4690,Karan,Sharma,02-03-2022,Mumbai,,,,
CUST4691,Aditya,Mehta,13-02-2023,Pune,,,,
CUST4692,Aditya,Sharma,06-06-2023,Pune,,,,
CUST4693,Kavya,Pillai,09-04-2023,Chennai,,,,
CUST4694,Vikram,Bhat,23-11-2020,Bangalore,,,,
CUST4695,Deepa,Joshi,14-12-2023,Chennai,,,,
CUST4696,Aarav,Nair,06-04-2024,Noida,,,,
CUST4697,Priya,Kumar,01-02-2025,Nagpur,,,,
CUST4698,Sunita,Sharma,09-11-2021,Chennai,,,,
CUST4699,Arjun,Pillai,18-12-2024,Kolkata,,,,
CUST4700,Kavya,Rao,27-07-2022,Bhubaneswar,,,,
CUST4701,Meera,Kapoor,27-02-2021,Pune,,,,
CUST4702,Rohan,Chatterjee,26-04-2025,Pune,,,,
CUST4703,Sanjay,Patel,10-01-2025,Hyderabad,,,,
CUST4704,Amit,Verma,27-03-2021,Chennai,,,,
CUST4705,Rohan,Reddy,18-06-2022,Mumbai,,,,
CUST4706,Shreya,Pillai,29-08-2022,Bangalore,,,,
CUST4707,Karan,Chatterjee,21-04-2025,Pune,,,,
CUST4708,Meera,Reddy,25-04-2022,Kolkata,,,,
CUST4709,Deepa,Verma,07-11-2022,Visakhapatnam,,,,
CUST4710,Karan,Mishra,17-03-2022,Nagpur,,,,
CUST4711,Rohan,Iyer,19-11-2023,Bangalore,,,,
CUST4712,Nisha,Chatterjee,20-07-2025,Delhi,,,,
CUST4713,Ananya,Kapoor,10-02-2025,Delhi,,,,
CUST4714,Pooja,Bose,22-03-2023,Chennai,,,,
CUST4715,Nisha,Gupta,29-11-2021,Lucknow,,,,
CUST4716,Arjun,Verma,21-03-2024,Hyderabad,,,,
CUST4717,Rohan,Chatterjee,13-09-2021,Chennai,,,,
CUST4718,Meera,Das,02-05-2023,Lucknow,,,,
CUST4719,Amit,Kumar,12-07-2025,Patna,,,,
CUST4720,Ananya,Verma,13-02-2024,Bangalore,,,,
CUST4721,Amit,Chatterjee,24-01-2021,Pune,,,,
CUST4722,Arjun,Chatterjee,22-08-2025,Lucknow,,,,
CUST4723,Aarav,Pillai,03-01-2022,Pune,,,,
CUST4724,Sanjay,Kumar,05-07-2024,Bhubaneswar,,,,
CUST4725,Pooja,Bhat,07-06-2021,Nagpur,,,,
CUST4726,Meera,Gupta,14-02-2022,Delhi,,,,
CUST4727,Ritu,Joshi,25-02-2021,Mumbai,,,,
CUST4728,Nisha,Joshi,12-07-2021,Kolkata,,,,
CUST4729,Rahul,Pillai,06-03-2022,Pune,,,,
CUST4730,Sanjay,Pillai,04-08-2025,Delhi,,,,
CUST4731,Kavya,Sharma,09-02-2021,Kolkata,,,,
CUST4732,Ananya,Patel,13-05-2025,Hyderabad,,,,
CUST4733,Kavya,Pillai,27-07-2022,Delhi,,,,
CUST4734,Ritu,Chatterjee,26-10-2022,Mumbai,,,,
CUST4735,Deepa,Das,24-01-2023,Bangalore,,,,
CUST4736,Aditya,Verma,14-06-2022,Chennai,,,,
CUST4737,Deepa,Iyer,20-06-2025,Kochi,,,,
CUST4738,Meera,Rao,26-12-2024,Jaipur,,,,
CUST4739,Vikram,Verma,16-11-2022,Pune,,,,
CUST4740,Arjun,Singh,02-03-2023,Mumbai,,,,
CUST4741,Deepa,Joshi,14-12-2021,Gurgaon,,,,
CUST4742,Nisha,Das,14-02-2021,Lucknow,,,,
CUST4743,Sanjay,Bose,17-06-2025,Hyderabad,,,,
CUST4744,Nikhil,Reddy,13-10-2024,Patna,,,,
CUST4745,Aarav,Bhat,30-05-2025,Kolkata,,,,
CUST4746,Karan,Das,26-12-2022,Ahmedabad,,,,
CUST4747,Karan,Kapoor,22-10-2024,Hyderabad,,,,
CUST4748,Nikhil,Singh,23-04-2025,Pune,,,,
CUST4749,Nikhil,Bhat,13-01-2024,Chandigarh,,,,
CUST4750,Arjun,Rao,30-11-2021,Mumbai,,,,
CUST4751,Kavya,Kumar,09-06-2024,Mumbai,,,,
CUST4752,Sanjay,Bhat,09-01-2024,Delhi,,,,
CUST4753,Aarav,Mehta,06-07-2022,Indore,,,,
CUST4754,Ritu,Reddy,04-05-2025,Bangalore,,,,
CUST4755,Karan,Bhat,02-12-2024,Noida,,,,
CUST4756,Pooja,Joshi,27-12-2024,Bangalore,,,,
CUST4757,Ananya,Reddy,10-10-2024,Kolkata,,,,
CUST4758,Nikhil,Verma,02-04-2023,Kolkata,,,,
CUST4759,Ananya,Mehta,31-03-2022,Kolkata,,,,
CUST4760,Sunita,Singh,17-08-2022,Pune,,,,
CUST4761,Aarav,Rao,18-09-2022,Surat,,,,
CUST4762,Pooja,Kapoor,17-03-2024,Surat,,,,
CUST4763,Arjun,Kumar,11-07-2024,Pune,,,,
CUST4764,Shreya,Reddy,10-05-2024,Bangalore,,,,
CUST4765,Sanjay,Shah,12-11-2020,Hyderabad,,,,
CUST4766,Aarav,Kapoor,27-03-2023,Delhi,,,,
CUST4767,Karan,Bose,08-09-2022,Kochi,,,,
CUST4768,Meera,Singh,27-08-2024,Kolkata,,,,
CUST4769,Nikhil,Nair,05-07-2025,Mumbai,,,,
CUST4770,Sanjay,Kumar,12-07-2025,Kolkata,,,,
CUST4771,Priya,Mehta,02-02-2021,Gurgaon,,,,
CUST4772,Kavya,Pillai,21-04-2021,Pune,,,,
CUST4773,Rohan,Sharma,31-05-2021,Mumbai,,,,
CUST4774,Sanjay,Singh,27-05-2025,Mumbai,,,,
CUST4775,Ananya,Mishra,26-05-2024,Visakhapatnam,,,,
CUST4776,Ananya,Reddy,28-12-2022,Bangalore,,,,
CUST4777,Amit,Das,29-08-2022,Pune,,,,
CUST4778,Rahul,Shah,02-09-2022,Ahmedabad,,,,
CUST4779,Priya,Patel,09-05-2022,Mumbai,,,,
CUST4780,Kavya,Verma,23-03-2024,Lucknow,,,,
CUST4781,Priya,Sharma,12-12-2021,Patna,,,,
CUST4782,Rohan,Das,09-02-2024,Pune,,,,
CUST4783,Karan,Kumar,03-10-2022,Hyderabad,,,,
CUST4784,Meera,Kumar,20-08-2021,Delhi,,,,
CUST4785,Aarav,Reddy,21-01-2024,Hyderabad,,,,
CUST4786,Deepa,Rao,12-01-2021,Pune,,,,
CUST4787,Rahul,Mehta,18-05-2023,Chennai,,,,
CUST4788,Rahul,Pillai,17-11-2021,Bangalore,,,,
CUST4789,Priya,Mehta,14-01-2022,Patna,,,,
CUST4790,Vikram,Shah,06-01-2023,Hyderabad,,,,
CUST4791,Kavya,Gupta,22-10-2021,Kolkata,,,,
CUST4792,Ananya,Mishra,30-11-2021,Pune,,,,
CUST4793,Arjun,Nair,29-06-2022,Chennai,,,,
CUST4794,Deepa,Mehta,16-06-2021,Bangalore,,,,
CUST4795,Aarav,Pillai,02-05-2024,Kolkata,,,,
CUST4796,Priya,Sharma,19-10-2020,Bhubaneswar,,,,
CUST4797,Pooja,Sharma,20-06-2025,Chennai,,,,
CUST4798,Pooja,Patel,29-05-2022,Pune,,,,
CUST4799,Rohan,Bose,11-07-2025,Chennai,,,,
CUST4800,Ananya,Kumar,25-10-2022,Kolkata,,,,
CUST4801,Ananya,Bose,17-09-2024,Mumbai,,,,
CUST4802,Amit,Nair,14-01-2021,Kolkata,,,,
CUST4803,Karan,Kapoor,24-08-2024,Bhubaneswar,,,,
CUST4804,Pooja,Verma,08-08-2021,Ahmedabad,,,,
CUST4805,Sunita,Patel,09-07-2021,Delhi,,,,
CUST4806,Nisha,Shah,15-09-2020,Pune,,,,
CUST4807,Karan,Das,25-06-2023,Chandigarh,,,,
CUST4808,Sunita,Bhat,09-10-2020,Kolkata,,,,
CUST4809,Karan,Kumar,04-06-2024,Pune,,,,
CUST4810,Ritu,Joshi,15-08-2024,Chennai,,,,
CUST4811,Vikram,Bose,21-06-2021,Indore,,,,
CUST4812,Amit,Gupta,19-09-2024,Kolkata,,,,
CUST4813,Karan,Singh,17-11-2022,Ahmedabad,,,,
CUST4814,Sanjay,Chatterjee,30-03-2023,Jaipur,,,,
CUST4815,Pooja,Bhat,03-03-2021,Chennai,,,,
CUST4816,Ananya,Bose,27-10-2023,Kolkata,,,,
CUST4817,Priya,Mishra,27-03-2021,Surat,,,,
CUST4818,Pooja,Pillai,23-01-2025,Chennai,,,,
CUST4819,Ananya,Reddy,16-10-2023,Hyderabad,,,,
CUST4820,Ananya,Rao,10-11-2024,Pune,,,,
CUST4821,Kavya,Iyer,27-11-2022,Noida,,,,
CUST4822,Deepa,Verma,19-08-2025,Kolkata,,,,
CUST4823,Sanjay,Iyer,07-02-2023,Jaipur,,,,
CUST4824,Priya,Shah,17-10-2024,Delhi,,,,
CUST4825,Rohan,Rao,17-04-2023,Noida,,,,
CUST4826,Deepa,Joshi,21-06-2022,Bangalore,,,,
CUST4827,Amit,Kapoor,03-08-2023,Delhi,,,,
CUST4828,Meera,Shah,16-02-2022,Pune,,,,
CUST4829,Aarav,Sharma,03-11-2022,Visakhapatnam,,,,
CUST4830,Pooja,Gupta,11-11-2020,Kochi,,,,
CUST4831,Nikhil,Gupta,27-10-2024,Hyderabad,,,,
CUST4832,Sanjay,Singh,30-08-2021,Mumbai,,,,
CUST4833,Amit,Nair,12-05-2025,Ahmedabad,,,,
CUST4834,Karan,Chatterjee,09-11-2020,Bhubaneswar,,,,
CUST4835,Arjun,Singh,28-04-2024,Hyderabad,,,,
CUST4836,Pooja,Sharma,21-01-2022,Chennai,,,,
CUST4837,Sunita,Singh,31-07-2024,Bangalore,,,,
CUST4838,Arjun,Mishra,12-11-2022,Kolkata,,,,
CUST4839,Sanjay,Rao,29-11-2022,Bhubaneswar,,,,
CUST4840,Aarav,Rao,12-06-2021,Mumbai,,,,
CUST4841,Aditya,Bhat,15-02-2022,Kolkata,,,,
CUST4842,Priya,Bhat,12-07-2025,Bangalore,,,,
CUST4843,Sunita,Iyer,28-07-2022,Jaipur,,,,
CUST4844,Rahul,Shah,25-05-2022,Mumbai,,,,
CUST4845,Nikhil,Sharma,29-08-2020,Kolkata,,,,
CUST4846,Rohan,Joshi,29-07-2021,Mumbai,,,,
CUST4847,Arjun,Verma,19-06-2024,Chennai,,,,
CUST4848,Shreya,Reddy,25-09-2024,Gurgaon,,,,
CUST4849,Shreya,Patel,07-09-2021,Pune,,,,
CUST4850,Sanjay,Verma,16-05-2022,Kolkata,,,,
CUST4851,Amit,Shah,13-03-2023,Noida,,,,
CUST4852,Aarav,Gupta,04-03-2023,Mumbai,,,,
CUST4853,Sunita,Mehta,24-12-2020,Chandigarh,,,,
CUST4854,Sunita,Gupta,26-08-2024,Mumbai,,,,
CUST4855,Vikram,Mehta,03-12-2022,Visakhapatnam,,,,
CUST4856,Nikhil,Joshi,27-12-2020,Jaipur,,,,
CUST4857,Rahul,Das,28-05-2023,Hyderabad,,,,
CUST4858,Meera,Nair,19-07-2025,Nagpur,,,,
CUST4859,Rohan,Sharma,16-01-2021,Mumbai,,,,
CUST4860,Rahul,Joshi,20-03-2024,Kochi,,,,
CUST4861,Rahul,Shah,12-04-2023,Jaipur,,,,
CUST4862,Rohan,Mehta,07-05-2024,Bangalore,,,,
CUST4863,Vikram,Mehta,25-02-2023,Lucknow,,,,
CUST4864,Sanjay,Bose,16-07-2025,Pune,,,,
CUST4865,Arjun,Patel,18-08-2025,Delhi,,,,
CUST4866,Nisha,Reddy,06-03-2021,Bhubaneswar,,,,
CUST4867,Vikram,Gupta,14-01-2024,Chandigarh,,,,
CUST4868,Pooja,Patel,21-01-2022,Pune,,,,
CUST4869,Sunita,Mishra,06-08-2025,Pune,,,,
CUST4870,Priya,Verma,09-02-2024,Bangalore,,,,
CUST4871,Aditya,Gupta,06-10-2024,Chennai,,,,
CUST4872,Aditya,Rao,03-02-2023,Pune,,,,
CUST4873,Karan,Singh,14-05-2023,Mumbai,,,,
CUST4874,Aditya,Shah,05-11-2024,Hyderabad,,,,
CUST4875,Meera,Bose,05-02-2024,Hyderabad,,,,
CUST4876,Arjun,Kumar,10-02-2021,Chandigarh,,,,
CUST4877,Kavya,Mehta,05-05-2023,Jaipur,,,,
CUST4878,Ananya,Mishra,13-09-2020,Hyderabad,,,,
CUST4879,Ananya,Mishra,11-09-2023,Hyderabad,,,,
CUST4880,Kavya,Patel,23-09-2020,Visakhapatnam,,,,
CUST4881,Sunita,Rao,06-03-2023,Ahmedabad,,,,
CUST4882,Amit,Pillai,07-03-2022,Bhubaneswar,,,,
CUST4883,Rahul,Joshi,01-09-2023,Bangalore,,,,
CUST4884,Nikhil,Reddy,31-05-2024,Gurgaon,,,,
CUST4885,Ananya,Sharma,28-10-2020,Nagpur,,,,
CUST4886,Karan,Verma,06-07-2022,Pune,,,,
CUST4887,Deepa,Iyer,26-05-2021,Bangalore,,,,
CUST4888,Priya,Verma,28-10-2020,Pune,,,,
CUST4889,Aarav,Sharma,11-06-2024,Lucknow,,,,
CUST4890,Sunita,Shah,16-02-2025,Noida,,,,
CUST4891,Sanjay,Gupta,08-11-2021,Chennai,,,,
CUST4892,Aditya,Bose,07-03-2024,Chandigarh,,,,
CUST4893,Pooja,Mishra,28-06-2025,Patna,,,,
CUST4894,Shreya,Kumar,26-06-2022,Chennai,,,,
CUST4895,Pooja,Verma,26-07-2024,Bangalore,,,,
CUST4896,Aarav,Chatterjee,25-09-2024,Kolkata,,,,
CUST4897,Nikhil,Joshi,14-03-2023,Chennai,,,,
CUST4898,Arjun,Sharma,17-01-2023,Bangalore,,,,
CUST4899,Ananya,Pillai,05-05-2025,Kolkata,,,,
CUST4900,Vikram,Chatterjee,27-07-2023,Pune,,,,
CUST4901,Nikhil,Pillai,06-04-2025,Chandigarh,,,,
CUST4902,Amit,Nair,20-06-2024,Bangalore,,,,
CUST4903,Arjun,Nair,13-10-2024,Hyderabad,,,,
CUST4904,Arjun,Chatterjee,06-03-2022,Bangalore,,,,
CUST4905,Sanjay,Bhat,18-09-2023,Delhi,,,,
CUST4906,Sanjay,Kumar,04-07-2022,Indore,,,,
CUST4907,Sanjay,Mehta,08-02-2021,Delhi,,,,
CUST4908,Arjun,Bose,28-07-2023,Delhi,,,,
CUST4909,Rahul,Nair,28-10-2022,Kolkata,,,,
CUST4910,Aarav,Shah,23-01-2023,Bangalore,,,,
CUST4911,Meera,Chatterjee,09-11-2024,Kolkata,,,,
CUST4912,Meera,Iyer,26-07-2024,Chennai,,,,
CUST4913,Aarav,Kumar,28-06-2021,Chennai,,,,
CUST4914,Arjun,Singh,11-11-2020,Indore,,,,
CUST4915,Aarav,Kapoor,06-05-2023,Bangalore,,,,
CUST4916,Aditya,Reddy,05-09-2024,Patna,,,,
CUST4917,Rohan,Mehta,05-12-2024,Delhi,,,,
CUST4918,Rahul,Bhat,16-02-2025,Kochi,,,,
CUST4919,Meera,Pillai,30-05-2021,Bhubaneswar,,,,
CUST4920,Vikram,Mishra,27-02-2022,Pune,,,,
CUST4921,Vikram,Iyer,17-06-2024,Pune,,,,
CUST4922,Karan,Pillai,20-10-2022,Pune,,,,
CUST4923,Aarav,Reddy,29-08-2024,Surat,,,,
CUST4924,Aditya,Reddy,31-07-2024,Mumbai,,,,
CUST4925,Meera,Shah,09-09-2020,Hyderabad,,,,
CUST4926,Priya,Kumar,25-10-2022,Pune,,,,
CUST4927,Shreya,Gupta,15-09-2021,Delhi,,,,
CUST4928,Ananya,Chatterjee,16-02-2023,Surat,,,,
CUST4929,Vikram,Shah,24-12-2021,Mumbai,,,,
CUST4930,Meera,Shah,18-12-2020,Hyderabad,,,,
CUST4931,Nisha,Reddy,29-12-2024,Jaipur,,,,
CUST4932,Rahul,Reddy,02-02-2022,Hyderabad,,,,
CUST4933,Arjun,Iyer,24-04-2021,Bangalore,,,,
CUST4934,Pooja,Joshi,26-01-2025,Kolkata,,,,
CUST4935,Arjun,Kumar,04-04-2024,Nagpur,,,,
CUST4936,Nisha,Iyer,18-09-2023,Nagpur,,,,
CUST4937,Ritu,Shah,09-11-2023,Noida,,,,
CUST4938,Nisha,Pillai,06-02-2022,Patna,,,,
CUST4939,Arjun,Shah,23-07-2023,Visakhapatnam,,,,
CUST4940,Karan,Gupta,08-07-2023,Patna,,,,
CUST4941,Sunita,Verma,04-01-2021,Chennai,,,,
CUST4942,Vikram,Gupta,06-01-2023,Surat,,,,
CUST4943,Deepa,Mishra,07-07-2021,Kolkata,,,,
CUST4944,Rohan,Kapoor,14-03-2024,Ahmedabad,,,,
CUST4945,Kavya,Shah,18-12-2024,Bhubaneswar,,,,
CUST4946,Aarav,Singh,18-03-2021,Ahmedabad,,,,
CUST4947,Priya,Das,08-01-2025,Pune,,,,
CUST4948,Ritu,Bhat,09-11-2022,Mumbai,,,,
CUST4949,Pooja,Patel,20-06-2025,Kolkata,,,,
CUST4950,Priya,Reddy,07-01-2021,Kochi,,,,
CUST4951,Nisha,Iyer,21-02-2021,Ahmedabad,,,,
CUST4952,Meera,Bose,14-04-2021,Indore,,,,
CUST4953,Aditya,Joshi,31-03-2025,Kolkata,,,,
CUST4954,Aarav,Patel,08-04-2025,Pune,,,,
CUST4955,Sanjay,Kumar,26-12-2022,Pune,,,,
CUST4956,Nikhil,Pillai,30-03-2023,Bangalore,,,,
CUST4957,Nikhil,Patel,18-01-2024,Bangalore,,,,
CUST4958,Vikram,Pillai,25-07-2023,Delhi,,,,
CUST4959,Arjun,Verma,19-02-2022,Mumbai,,,,
CUST4960,Aditya,Kapoor,24-09-2023,Mumbai,,,,
CUST4961,Kavya,Rao,11-05-2024,Kochi,,,,
CUST4962,Sunita,Mehta,09-01-2024,Chennai,,,,
CUST4963,Ananya,Joshi,11-04-2023,Chennai,,,,
CUST4964,Sanjay,Patel,12-11-2023,Ahmedabad,,,,
CUST4965,Shreya,Kapoor,23-04-2024,Bangalore,,,,
CUST4966,Shreya,Verma,02-03-2022,Bangalore,,,,
CUST4967,Rahul,Nair,13-06-2025,Chandigarh,,,,
CUST4968,Nikhil,Mishra,12-06-2022,Ahmedabad,,,,
CUST4969,Aarav,Joshi,20-03-2025,Delhi,,,,
CUST4970,Aditya,Pillai,07-03-2023,Hyderabad,,,,
CUST4971,Meera,Rao,18-05-2025,Kochi,,,,
CUST4972,Ritu,Mehta,25-03-2024,Noida,,,,
CUST4973,Deepa,Gupta,24-12-2021,Visakhapatnam,,,,
CUST4974,Deepa,Gupta,23-04-2021,Patna,,,,
CUST4975,Deepa,Gupta,21-02-2023,Hyderabad,,,,
CUST4976,Ananya,Pillai,26-06-2022,Surat,,,,
CUST4977,Shreya,Gupta,27-07-2025,Hyderabad,,,,
CUST4978,Amit,Singh,12-02-2021,Pune,,,,
CUST4979,Meera,Patel,25-08-2023,Chennai,,,,
CUST4980,Sunita,Iyer,14-07-2022,Kolkata,,,,
CUST4981,Amit,Pillai,12-07-2024,Gurgaon,,,,
CUST4982,Kavya,Sharma,22-02-2024,Kolkata,,,,
CUST4983,Amit,Sharma,22-02-2022,Patna,,,,
CUST4984,Nikhil,Iyer,18-06-2022,Bangalore,,,,
CUST4985,Kavya,Bose,30-12-2024,Kolkata,,,,
CUST4986,Sanjay,Kumar,12-08-2023,Bangalore,,,,
CUST4987,Sanjay,Verma,16-12-2022,Hyderabad,,,,
CUST4988,Priya,Shah,13-06-2023,Chennai,,,,
CUST4989,Vikram,Joshi,27-09-2021,Mumbai,,,,
CUST4990,Rohan,Joshi,18-07-2025,Ahmedabad,,,,
CUST4991,Priya,Bose,17-03-2023,Hyderabad,,,,
CUST4992,Priya,Sharma,30-07-2021,Pune,,,,
CUST4993,Nisha,Iyer,20-03-2021,Hyderabad,,,,
CUST4994,Deepa,Reddy,04-05-2025,Chennai,,,,
CUST4995,Amit,Verma,17-09-2023,Hyderabad,,,,
CUST4996,Rohan,Singh,02-09-2024,Chennai,,,,
CUST4997,Aarav,Kumar,29-05-2023,Delhi,,,,
CUST4998,Sunita,Nair,11-05-2021,Chennai,,,,
CUST4999,Aditya,Kapoor,06-08-2024,Delhi,,,,
CUST5000,Amit,Pillai,02-09-2022,Mumbai,,,,
CUST5001,Kavya,Mehta,20-03-2021,Hyderabad,,,,
CUST5002,Aarav,Mishra,30-06-2022,Chennai,,,,
CUST5003,Karan,Rao,06-06-2021,Jaipur,,,,
CUST5004,Karan,Verma,30-09-2023,Delhi,,,,
CUST5005,Aditya,Bose,16-05-2024,Gurgaon,,,,
CUST5006,Aarav,Singh,13-08-2025,Hyderabad,,,,
CUST5007,Ananya,Pillai,28-03-2021,Ahmedabad,,,,
CUST5008,Rahul,Pillai,03-12-2020,Lucknow,,,,
CUST5009,Amit,Pillai,22-05-2025,Mumbai,,,,
CUST5010,Meera,Gupta,01-02-2024,Gurgaon,,,,
CUST5011,Arjun,Singh,05-02-2023,Lucknow,,,,
CUST5012,Amit,Singh,16-02-2022,Mumbai,,,,
CUST5013,Rohan,Pillai,07-09-2024,Bangalore,,,,
CUST5014,Nikhil,Pillai,23-03-2024,Chennai,,,,
CUST5015,Ritu,Pillai,24-07-2021,Mumbai,,,,
CUST5016,Meera,Nair,05-12-2022,Mumbai,,,,
CUST5017,Pooja,Nair,28-10-2021,Jaipur,,,,
CUST5018,Vikram,Bose,15-02-2021,Hyderabad,,,,
CUST5019,Ritu,Singh,26-03-2023,Surat,,,,
CUST5020,Rahul,Bose,26-12-2021,Bangalore,,,,
CUST5021,Rohan,Pillai,11-02-2024,Pune,,,,
CUST5022,Nisha,Kapoor,27-08-2020,Mumbai,,,,
CUST5023,Nikhil,Kapoor,27-03-2023,Gurgaon,,,,
CUST5024,Rahul,Kumar,07-12-2020,Jaipur,,,,
CUST5025,Kavya,Mishra,02-01-2022,Chandigarh,,,,
CUST5026,Karan,Sharma,21-07-2023,Chennai,,,,
CUST5027,Meera,Verma,12-04-2022,Kolkata,,,,
CUST5028,Arjun,Pillai,05-08-2021,Nagpur,,,,
CUST5029,Amit,Rao,07-07-2025,Pune,,,,
CUST5030,Sunita,Kapoor,18-04-2022,Gurgaon,,,,
CUST5031,Shreya,Mehta,27-05-2022,Ahmedabad,,,,
CUST5032,Aarav,Reddy,12-07-2023,Nagpur,,,,
CUST5033,Kavya,Joshi,12-11-2023,Visakhapatnam,,,,
CUST5034,Aarav,Chatterjee,12-10-2021,Bhubaneswar,,,,
CUST5035,Meera,Pillai,04-09-2023,Delhi,,,,
CUST5036,Rohan,Kapoor,30-12-2021,Gurgaon,,,,
CUST5037,Aditya,Kumar,21-09-2021,Chennai,,,,
CUST5038,Rahul,Mehta,21-01-2024,Mumbai,,,,
CUST5039,Karan,Das,12-04-2025,Mumbai,,,,
CUST5040,Rohan,Iyer,11-07-2025,Kolkata,,,,
CUST5041,Rohan,Bose,05-11-2023,Chennai,,,,
CUST5042,Deepa,Mishra,23-08-2024,Bangalore,,,,
CUST5043,Deepa,Bhat,01-04-2023,Lucknow,,,,
CUST5044,Aarav,Mehta,18-05-2025,Pune,,,,
CUST5045,Sunita,Iyer,13-05-2021,Chennai,,,,
CUST5046,Shreya,Nair,15-09-2024,Kolkata,,,,
CUST5047,Rohan,Bhat,13-07-2024,Mumbai,,,,
CUST5048,Vikram,Shah,07-03-2025,Bangalore,,,,
CUST5049,Vikram,Shah,30-03-2024,Nagpur,,,,
CUST5050,Ananya,Pillai,02-08-2025,Surat,,,,
CUST5051,Pooja,Das,03-08-2025,Delhi,,,,
CUST5052,Karan,Gupta,29-04-2023,Pune,,,,
CUST5053,Shreya,Gupta,13-11-2023,Kolkata,,,,
CUST5054,Pooja,Singh,27-10-2021,Delhi,,,,
CUST5055,Rahul,Iyer,11-09-2023,Gurgaon,,,,
CUST5056,Aditya,Rao,17-11-2022,Hyderabad,,,,
CUST5057,Sanjay,Rao,02-12-2020,Hyderabad,,,,
CUST5058,Priya,Bose,10-04-2024,Bangalore,,,,
CUST5059,Vikram,Rao,31-10-2020,Kolkata,,,,
CUST5060,Sanjay,Mishra,21-01-2023,Visakhapatnam,,,,
CUST5061,Nisha,Bose,05-07-2025,Mumbai,,,,
CUST5062,Amit,Pillai,05-05-2021,Patna,,,,
CUST5063,Priya,Kumar,22-11-2022,Delhi,,,,
CUST5064,Nisha,Shah,25-09-2021,Hyderabad,,,,
CUST5065,Pooja,Singh,11-09-2023,Hyderabad,,,,
CUST5066,Nikhil,Rao,20-08-2023,Mumbai,,,,
CUST5067,Rohan,Mehta,05-04-2021,Kolkata,,,,
CUST5068,Aditya,Kumar,23-07-2021,Noida,,,,
CUST5069,Ritu,Das,22-11-2022,Chennai,,,,
CUST5070,Nikhil,Rao,12-07-2022,Bangalore,,,,
CUST5071,Rahul,Pillai,21-09-2021,Mumbai,,,,
CUST5072,Aarav,Iyer,14-05-2025,Ahmedabad,,,,
CUST5073,Rahul,Mehta,25-10-2021,Gurgaon,,,,
CUST5074,Deepa,Bose,17-05-2022,Noida,,,,
CUST5075,Sanjay,Iyer,10-09-2024,Delhi,,,,
CUST5076,Nikhil,Kapoor,22-06-2021,Bangalore,,,,
CUST5077,Sunita,Shah,18-03-2025,Lucknow,,,,
CUST5078,Meera,Gupta,13-04-2025,Chennai,,,,
CUST5079,Karan,Singh,22-08-2025,Bangalore,,,,
CUST5080,Vikram,Kumar,04-09-2023,Pune,,,,
CUST5081,Rahul,Joshi,28-10-2021,Delhi,,,,
CUST5082,Aditya,Verma,17-12-2023,Pune,,,,
CUST5083,Rahul,Pillai,24-03-2025,Noida,,,,
CUST5084,Rohan,Mishra,26-12-2023,Delhi,,,,
CUST5085,Karan,Chatterjee,09-06-2025,Kolkata,,,,
CUST5086,Rohan,Rao,24-03-2022,Chennai,,,,
CUST5087,Vikram,Kapoor,28-01-2021,Ahmedabad,,,,
CUST5088,Shreya,Pillai,07-04-2023,Jaipur,,,,
CUST5089,Rahul,Patel,10-06-2024,Hyderabad,,,,
CUST5090,Ritu,Kapoor,07-08-2024,Chennai,,,,
CUST5091,Rahul,Mehta,01-02-2024,Delhi,,,,
CUST5092,Ananya,Rao,15-05-2023,Pune,,,,
CUST5093,Amit,Verma,08-02-2025,Delhi,,,,
CUST5094,Meera,Kumar,07-06-2023,Bangalore,,,,
CUST5095,Ananya,Reddy,16-09-2023,Delhi,,,,
CUST5096,Rohan,Shah,03-06-2025,Pune,,,,
CUST5097,Amit,Joshi,19-06-2025,Hyderabad,,,,
CUST5098,Arjun,Iyer,05-11-2021,Kolkata,,,,
CUST5099,Nikhil,Reddy,26-03-2025,Delhi,,,,
CUST5100,Aarav,Pillai,27-10-2022,Delhi,,,,
CUST5101,Aditya,Kapoor,31-10-2024,Mumbai,,,,
CUST5102,Aarav,Verma,11-04-2024,Visakhapatnam,,,,
CUST5103,Vikram,Mishra,08-09-2021,Kolkata,,,,
CUST5104,Pooja,Das,04-12-2022,Chennai,,,,
CUST5105,Aditya,Sharma,29-10-2021,Bhubaneswar,,,,
CUST5106,Kavya,Iyer,24-04-2021,Hyderabad,,,,
CUST5107,Aditya,Patel,09-06-2021,Bangalore,,,,
CUST5108,Sanjay,Sharma,10-12-2020,Surat,,,,
CUST5109,Karan,Pillai,27-09-2022,Kolkata,,,,
CUST5110,Karan,Reddy,07-11-2022,Bangalore,,,,
CUST5111,Amit,Mehta,09-03-2023,Chennai,,,,
CUST5112,Nikhil,Rao,04-11-2022,Bhubaneswar,,,,
CUST5113,Bakshi,V,06-03-2025,Delhi,,,,
CUST5114,Oscar,G,29-06-2024,Hyderabad,,,,
CUST5115,Rahul,Verma,17-09-2023,Visakhapatnam,,,,
CUST5116,Akron,G,10-11-2020,Visakhapatnam,,,,
CUST5117,Sirajudeen,Jawahar,14-02-2021,Mumbai,,,,
CUST5118,Arpita,Chatterjee,01-07-2021,Bangalore,,,,
CUST5119,Sharayu,Parab,07-11-2021,Chennai,,,,
CUST5120,Padesh,N,04-05-2022,Noida,,,,
CUST5121,Krishnan,V,21-05-2021,Chennai,,,,
CUST5122,Kartika,Rai,26-04-2025,Jaipur,,,,
CUST5123,Haraye,S,04-06-2023,Indore,,,,
CUST5124,Verlin,J,04-05-2023,Mumbai,,,,
CUST5125,Rahul,Anand,06-11-2024,Pune,,,,
CUST5126,Ankur,Arora,27-06-2022,Jaipur,,,,
CUST5127,Jarmeer,S,24-03-2024,Hyderabad,,,,
CUST5128,Majesa,R,12-06-2023,Delhi,,,,
CUST5129,Barun,N,18-11-2024,Delhi,,,,
CUST5130,Amit,Das,25-05-2021,Bangalore,,,,
CUST5131,Kinshuk,Kumar,18-10-2024,Bangalore,,,,
CUST5132,Hashokmi,Kamkara,01-12-2021,Delhi,,,,
CUST5133,Hanecas,S,14-04-2023,Noida,,,,
CUST5134,Jasana,D,07-03-2022,Nagpur,,,,
CUST5135,Payal,S,13-06-2022,Mumbai,,,,
CUST5136,Pooja,Bisht,25-01-2021,Mumbai,,,,
CUST5137,Vanush,R,19-08-2025,Hyderabad,,,,
CUST5138,Ravi,Chithajhallu,17-06-2024,Ahmedabad,,,,
CUST5139,Saurav,Kumar,30-05-2024,Gurgaon,,,,
CUST5140,Madhavi,Mishra,16-04-2022,Mumbai,,,,
CUST5141,Swati,Pandey,14-08-2025,Ahmedabad,,,,
CUST5142,Chinmay,Deshpande,20-02-2022,Pune,,,,
CUST5143,Tharkude,N,02-03-2024,Delhi,,,,
CUST5144,Laghari,K,10-12-2024,Kolkata,,,,
CUST5145,Halchar,C,13-03-2021,Ahmedabad,,,,
CUST5146,Arunima,Singh,22-09-2023,Hyderabad,,,,
CUST5147,Shavun,H,20-05-2021,Kolkata,,,,
CUST5148,Sayandip,Ghosh,28-05-2025,Surat,,,,
CUST5149,Shavun,S,22-02-2024,Pune,,,,
CUST5150,Maltafan,M,16-05-2025,Surat,,,,
CUST5151,Marpati,S,04-12-2024,Bangalore,,,,
CUST5152,Hardikar,Y,10-09-2022,Mumbai,,,,
CUST5153,Snehitha,Vundi,14-09-2022,Chandigarh,,,,
CUST5154,Nilesh,Singh,08-11-2022,Delhi,,,,
CUST5155,Agarwal,V,26-05-2024,Bangalore,,,,
CUST5156,Deeksha,Rajpoot,02-01-2023,Indore,,,,
CUST5157,Purna,V,29-06-2022,Bhubaneswar,,,,
CUST5158,Divya,Garg,04-09-2023,Ahmedabad,,,,
CUST5159,Khan,K,24-12-2022,Bangalore,,,,
CUST5160,Vimi,Raikhan,09-07-2024,Hyderabad,,,,
CUST5161,Santosh,Battepati,14-10-2023,Pune,,,,
CUST5162,Swastika,Gurung,13-08-2022,Bangalore,,,,
CUST5163,Ankit,Gautam,24-01-2022,Hyderabad,,,,
CUST5164,Sakshi,Chandwani,02-02-2021,Noida,,,,
CUST5165,Raksh,K,19-05-2023,Nagpur,,,,
CUST5166,Deepak,Dahale,07-09-2024,Bhubaneswar,,,,
CUST5167,Manpreet,Kaur,28-02-2023,Bangalore,,,,
CUST5168,Sumya,Snehil,10-11-2021,Mumbai,,,,
CUST5169,Ganesh,Radhakrishnan,10-08-2024,Jaipur,,,,
CUST5170,Naushaad,Ginwalla,13-06-2022,Chandigarh,,,,
CUST5171,Shakeel,Bakshi,14-02-2023,Patna,,,,
CUST5172,Ramya,Vashun,23-09-2023,Delhi,,,,
CUST5173,Praveen,Elavarasan,25-02-2022,Visakhapatnam,,,,
CUST5174,Kulwinder,Deol,29-09-2022,Pune,,,,
CUST5175,Anamika,Singh,26-02-2024,Chandigarh,,,,
CUST5176,Linto,Shamali,19-03-2022,Nagpur,,,,
CUST5177,Mohammed,Weares,09-06-2024,Delhi,,,,
CUST5178,Pahalli,basith,07-08-2022,Bangalore,,,,
CUST5179,ruthi,Hashini,25-09-2023,Noida,,,,
CUST5180,Shudhanshu,Shekhar,11-05-2023,Hyderabad,,,,
CUST5181,Gana,Ranil,18-10-2020,Indore,,,,
CUST5182,Sarita,Shetty,13-06-2024,Visakhapatnam,,,,
CUST5183,Geetha,Reddy,13-07-2024,Mumbai,,,,
CUST5184,Deepapriya,Vishwanathan,29-11-2021,Delhi,,,,
CUST5185,Basavaraj,Bagewadi,28-01-2025,Delhi,,,,
CUST5186,Manirya,R,06-09-2022,Chennai,,,,
CUST5187,Bahnav,D,11-01-2025,Bangalore,,,,
CUST5188,Nikhil,Menon,25-06-2024,Chandigarh,,,,
CUST5189,Johnu,Marattil,25-12-2021,Mumbai,,,,
CUST5190,Danyan,A,25-09-2022,Bangalore,,,,
CUST5191,Yoyo,G,10-04-2021,Hyderabad,,,,
CUST5192,Sharawisha,A,05-10-2021,Chennai,,,,
CUST5193,Jyoti,Prakash,05-03-2021,Hyderabad,,,,
CUST5194,Reddy,K,26-06-2023,Chandigarh,,,,
CUST5195,Prakasa,R,22-04-2021,Mumbai,,,,
CUST5196,Soumik,Dam,04-03-2024,Visakhapatnam,,,,
CUST5197,Priya,Basaiawmoit,19-10-2024,Mumbai,,,,
CUST5198,Rishad,Patell,21-02-2024,Nagpur,,,,
CUST5199,Chandni,Biju,19-04-2022,Ahmedabad,,,,
CUST5200,Vivek,Kumar,13-10-2024,Kolkata,,,,
CUST5201,Kalesima,M,25-04-2024,Mumbai,,,,
CUST5202,Rajpuria,Prachi,12-07-2021,Pune,,,,
CUST5203,Barishi,R,11-12-2023,Jaipur,,,,
CUST5204,James,Koruthu,16-03-2025,Pune,,,,
CUST5205,Adan,P,05-09-2024,Chennai,,,,
CUST5206,Tharjit,R,22-11-2021,Kochi,,,,
CUST5207,Kantarya,S,19-07-2024,Pune,,,,
CUST5208,Chandry,R,16-05-2021,Hyderabad,,,,
CUST5209,Vivek,Pal,18-02-2023,Surat,,,,
CUST5210,Sandhya,Mungara,26-02-2025,Bangalore,,,,
CUST5211,Sayuj,Jaganath,21-08-2024,Hyderabad,,,,
CUST5212,Deepak,Kurumoju,11-03-2024,Bangalore,,,,
CUST5213,Siya,Sahi,15-06-2024,Surat,,,,
CUST5214,Janani,Dimutta,08-10-2022,Kochi,,,,
CUST5215,Subhradeep,Kanjilal,24-06-2022,Hyderabad,,,,
CUST5216,Vincy,Harante,05-05-2025,Chennai,,,,
CUST5217,Priyadarshi,Priyan,26-10-2020,Patna,,,,
CUST5218,Sona,Kamani,01-04-2022,Chennai,,,,
CUST5219,Sushree,Bishwal,23-05-2022,Bangalore,,,,
CUST5220,Sujya,Bamistry,19-04-2023,Noida,,,,
CUST5221,Rajasekhar,Tolety,23-01-2022,Delhi,,,,
CUST5222,Liya,Vishakh,02-12-2023,Ahmedabad,,,,
CUST5223,Arpit,Narang,26-03-2025,Delhi,,,,
CUST5224,Midhun,Biju,23-05-2025,Kolkata,,,,
CUST5225,Arush,Sudita,11-11-2022,Kolkata,,,,
CUST5226,Rohan,Jain,05-04-2022,Kolkata,,,,
CUST5227,Dinesh,Arora,10-01-2021,Jaipur,,,,
CUST5228,Sony,Mohan,14-03-2021,Chennai,,,,
CUST5229,Hemanth,Uppada,26-11-2021,Ahmedabad,,,,
CUST5230,Tony,Reddy,25-11-2021,Chandigarh,,,,
CUST5231,Joshua,Heath,08-03-2025,Bangalore,,,,
CUST5232,Alex,Simion,02-04-2023,Mumbai,,,,
CUST5233,Mahesh,Sharma,26-12-2024,Mumbai,,,,
CUST5234,Meenakshi,Shrivastava,01-02-2023,Pune,,,,
CUST5235,Harpreet,Kaur,13-06-2024,Chennai,,,,
CUST5236,Mahesh,Reddy,21-07-2022,Hyderabad,,,,
CUST5237,Negine,Vatani,13-04-2022,Delhi,,,,
CUST5238,Amit,Sood,07-09-2024,Kolkata,,,,
CUST5239,Parneeth,Cooper,26-04-2024,Hyderabad,,,,
CUST5240,Joel,Morten,05-08-2025,Lucknow,,,,
CUST5241,Preetha,Hashel,26-07-2021,Chandigarh,,,,
CUST5242,Jean-Claude,Albrecht,09-05-2024,Pune,,,,
CUST5243,Joji,Vogelmann,06-05-2023,Kolkata,,,,
CUST5244,Dilip,Kumar,04-02-2021,Noida,,,,
CUST5245,Vihar,Deshpande,16-09-2023,Bangalore,,,,
CUST5246,Niyas,Hashun,20-11-2022,Jaipur,,,,
CUST5247,Chandan,Prakash,10-11-2020,Visakhapatnam,,,,
CUST5248,Sharp,M,23-05-2022,Patna,,,,
CUST5249,Maltin,R,02-06-2023,Surat,,,,
CUST5250,Vankash,N,04-09-2023,Hyderabad,,,,
CUST5251,Tanmoy,Mukherjee,21-04-2024,Chennai,,,,
CUST5252,Seema,Malik,15-12-2024,Hyderabad,,,,
CUST5253,Sharika,Qureshi,07-12-2024,Indore,,,,
CUST5254,Garmina,T,12-09-2022,Nagpur,,,,
CUST5255,Darten,N,09-01-2023,Delhi,,,,
CUST5256,Gomez,Johanna,30-06-2021,Kolkata,,,,
CUST5257,Ranaja,C,08-11-2021,Gurgaon,,,,
CUST5258,Noel,Francis,17-04-2023,Kolkata,,,,
CUST5259,Ashna,John,14-11-2021,Noida,,,,
CUST5260,Jijo,Horsman,03-06-2022,Hyderabad,,,,
CUST5261,Devinder,Pal,26-02-2021,Kolkata,,,,
CUST5262,Varun,Pasricha,08-05-2021,Ahmedabad,,,,
CUST5263,Gursharan,Chhabra,19-05-2022,Ahmedabad,,,,
CUST5264,Jay,McCarthy,17-08-2023,Mumbai,,,,
CUST5265,Eb,Binney,21-06-2022,Bhubaneswar,,,,
CUST5266,Birendra,Chaudhary,01-03-2021,Kolkata,,,,
CUST5267,Nitin,Timsi,16-11-2021,Kochi,,,,
CUST5268,Edmondson,A,28-04-2023,Pune,,,,
CUST5269,Parsham,D,17-10-2023,Indore,,,,
CUST5270,Leffler,Dan,22-09-2024,Hyderabad,,,,
CUST5271,Dua,Puneet,06-12-2021,Mumbai,,,,
CUST5272,Kamardan,P,01-05-2022,Visakhapatnam,,,,
CUST5273,Sood,Kunal,06-09-2024,Delhi,,,,
CUST5274,Vydehi,K,19-08-2025,Hyderabad,,,,
CUST5275,Hashali,R,18-11-2020,Mumbai,,,,
CUST5276,Ramalakshman,R,28-11-2021,Noida,,,,
CUST5277,Leety,S,02-04-2022,Pune,,,,
CUST5278,Gautam,Chakraborty,31-07-2025,Bangalore,,,,
CUST5279,Manos,M,08-09-2022,Patna,,,,
CUST5280,Lameyre,E,02-09-2020,Chandigarh,,,,
CUST5281,Rai,K,28-01-2022,Mumbai,,,,
CUST5282,Manju,Chandran,07-04-2025,Chennai,,,,
CUST5283,Sreejith,Pillai,17-06-2021,Chandigarh,,,,
CUST5284,Shaw,O,26-05-2021,Kochi,,,,
CUST5285,Parjun,R,20-09-2020,Kochi,,,,
CUST5286,Dangelo,Chris,19-09-2024,Delhi,,,,
CUST5287,Ram,S,11-07-2025,Mumbai,,,,
CUST5288,Aniruddha,Agnihotri,13-03-2024,Lucknow,,,,
CUST5289,Shivani,Bhandari,10-11-2021,Bangalore,,,,
CUST5290,Maybu,S,15-01-2022,Hyderabad,,,,
CUST5291,Reed,Sam,20-01-2024,Surat,,,,
CUST5292,Harsun,N,13-06-2024,Kolkata,,,,
CUST5293,Alok,Mishra,06-07-2022,Bangalore,,,,
CUST5294,Maya,Koren,25-09-2020,Pune,,,,
CUST5295,Furman,S,27-04-2022,Kolkata,,,,
CUST5296,Palanivel,Sallie,21-08-2024,Delhi,,,,
CUST5297,Varsun,H,01-03-2022,Noida,,,,
CUST5298,Marten,N,21-03-2025,Indore,,,,
CUST5299,Rajiv,Jaggi,18-02-2025,Delhi,,,,
CUST5300,Nakul,Sharma,07-10-2022,Pune,,,,
CUST5301,Norris,O,22-12-2022,Gurgaon,,,,
CUST5302,Purvat,G,18-03-2023,Bangalore,,,,
CUST5303,Richard,Samra,14-05-2021,Kolkata,,,,
CUST5304,Harsun,V,23-01-2024,Mumbai,,,,
CUST5305,Halden,G,03-01-2023,Bangalore,,,,
CUST5306,Lansali,S,04-12-2022,Indore,,,,
CUST5307,Garjen,R,09-10-2020,Jaipur,,,,
CUST5308,Sandhya,Hartens,24-02-2024,Pune,,,,
CUST5309,Jitendra,Prasad,04-04-2025,Surat,,,,
CUST5310,Binya,Paneyas,10-12-2021,Kolkata,,,,
CUST5311,Gulmira,Chamoli,11-09-2023,Mumbai,,,,
CUST5312,Usha,Nair,02-06-2024,Kolkata,,,,
CUST5313,Kiran,Cheung,14-05-2024,Mumbai,,,,
CUST5314,Nidhi,Nigam,31-08-2021,Gurgaon,,,,
CUST5315,Alex,Parvati,19-11-2024,Gurgaon,,,,
CUST5316,Anjana,Dhrestha,07-12-2020,Pune,,,,
CUST5317,Kishor,Bhattarai,06-12-2022,Pune,,,,
CUST5318,Hanullar,B,21-04-2024,Pune,,,,
CUST5319,Davidson,R,01-06-2025,Pune,,,,
CUST5320,Parshi,T,07-07-2025,Nagpur,,,,
CUST5321,Halat,G,04-07-2023,Mumbai,,,,
CUST5322,Sven,Olsson,18-11-2024,Kolkata,,,,
CUST5323,Simran,Singh,14-02-2023,Bangalore,,,,
CUST5324,Agrawl,V,04-03-2022,Chennai,,,,
CUST5325,Dunand,A,21-01-2024,Mumbai,,,,
CUST5326,Haysan,D,23-08-2023,Gurgaon,,,,
