order_id,customer_id,order_date,city,product_id,quantity,unit_price,total_amount,order_status,payment_method
ORD10000,CUST4190,13-07-2023,Chennai,PROD101,1,6499,6499,Pending,Credit Card
ORD10001,CUST2866,12-08-2024,Mumbai,PROD105,1,2499,2499,Pending,PayPal
ORD10002,CUST4539,04-08-2024,Hyderabad,PROD204,1,2299,2299,Delivered,Cash on Delivery
ORD10003,CUST3114,23-05-2025,Pune,PROD202,2,1499,2998,Delivered,Cash on Delivery
ORD10004,CUST4333,02-07-2023,Visakhapatnam,PROD107,2,1299,2598,Returned,Cash on Delivery
ORD10005,CUST4154,13-04-2023,Kochi,PROD138,2,799,1598,Returned,PayPal
ORD10006,CUST4713,31-12-2023,Hyderabad,PROD109,1,2399,2399,Returned,Credit Card
ORD10007,CUST4778,29-01-2024,Pune,PROD215,3,1799,5397,Pending,Credit Card
ORD10008,CUST1091,30-11-2022,Ahmedabad,PROD211,3,1799,5397,Shipped,Credit Card
ORD10009,CUST1488,16-05-2025,Visakhapatnam,PROD204,1,2299,2299,Cancelled,PayPal
ORD10010,CUST4425,24-04-2024,Chennai,PROD108,3,1499,4497,Returned,Credit Card
ORD10011,CUST5184,15-01-2025,Mumbai,PROD135,3,350,1050,Returned,Credit Card
ORD10012,CUST3290,15-05-2024,Chandigarh,PROD168,2,1299,2598,Shipped,Credit Card
ORD10013,CUST1459,22-11-2023,Mumbai,PROD171,1,6999,6999,Delivered,Credit Card
ORD10014,CUST3655,30-05-2024,Hyderabad,PROD159,1,4499,4499,Cancelled,Credit Card
ORD10015,CUST2485,30-03-2023,Delhi,PROD126,2,299,598,Shipped,Credit Card
ORD10016,CUST4170,22-05-2025,Bangalore,PROD127,2,899,1798,Cancelled,Credit Card
ORD10017,CUST4413,29-12-2022,Indore,PROD150,1,42999,42999,Delivered,PayPal
ORD10018,CUST1012,31-08-2022,Chennai,PROD209,2,1799,3598,Delivered,Cash on Delivery
ORD10019,CUST3324,21-10-2024,Chennai,PROD219,2,799,1598,Cancelled,Cash on Delivery
ORD10020,CUST3182,02-06-2024,Jaipur,PROD163,1,4999,4999,Pending,Cash on Delivery
ORD10021,CUST4175,20-07-2025,Hyderabad,PROD187,1,4999,4999,Returned,PayPal
ORD10022,CUST1508,06-12-2022,Bangalore,PROD195,1,4499,4499,Delivered,PayPal
ORD10023,CUST1227,17-02-2023,Hyderabad,PROD153,1,62990,62990,Pending,Cash on Delivery
ORD10024,CUST1470,11-09-2024,Mumbai,PROD121,3,499,1497,Pending,Cash on Delivery
ORD10025,CUST2454,21-05-2024,Pune,PROD136,2,499,998,Pending,Cash on Delivery
ORD10026,CUST2090,15-11-2022,Bangalore,PROD100,1,2799,2799,Returned,Cash on Delivery
ORD10027,CUST4603,28-05-2023,Kochi,PROD149,2,1499,2998,Shipped,Cash on Delivery
ORD10028,CUST4713,26-12-2023,Mumbai,PROD190,1,2499,2499,Pending,Credit Card
ORD10029,CUST4353,31-12-2024,Kolkata,PROD111,2,1899,3798,Cancelled,Credit Card
ORD10030,CUST3424,01-12-2023,Chandigarh,PROD175,2,1499,2998,Returned,PayPal
ORD10031,CUST4224,16-08-2024,Kochi,PROD163,1,4999,4999,Returned,PayPal
ORD10032,CUST1556,08-05-2023,Kolkata,PROD188,3,499,1497,Cancelled,Credit Card
ORD10033,CUST1275,07-03-2024,Patna,PROD155,1,34999,34999,Returned,Credit Card
ORD10034,CUST1206,07-06-2025,Lucknow,PROD163,1,4999,4999,Returned,Cash on Delivery
ORD10035,CUST2558,11-12-2022,Nagpur,PROD141,1,64999,64999,Cancelled,PayPal
ORD10036,CUST1949,14-02-2023,Bangalore,PROD147,1,29990,29990,Delivered,Cash on Delivery
ORD10037,CUST4964,11-02-2025,Chennai,PROD116,1,3499,3499,Returned,PayPal
ORD10038,CUST4453,29-04-2024,Bangalore,PROD208,2,899,1798,Cancelled,Credit Card
ORD10039,CUST5251,22-05-2025,Kolkata,PROD125,2,549,1098,Shipped,PayPal
ORD10040,CUST5277,27-05-2025,Kolkata,PROD216,1,2299,2299,Pending,Credit Card
ORD10041,CUST4580,26-07-2023,Chennai,PROD154,1,71990,71990,Shipped,PayPal
ORD10042,CUST5024,16-12-2023,Delhi,PROD110,1,2999,2999,Pending,Cash on Delivery
ORD10043,CUST2094,05-01-2025,Delhi,PROD101,1,6499,6499,Returned,PayPal
ORD10044,CUST5308,18-03-2023,Chennai,PROD194,2,999,1998,Delivered,Cash on Delivery
ORD10045,CUST3928,26-04-2023,Delhi,PROD155,1,34999,34999,Returned,Cash on Delivery
ORD10046,CUST1341,26-02-2025,Noida,PROD207,2,1299,2598,Pending,Cash on Delivery
ORD10047,CUST1045,28-12-2024,Lucknow,PROD179,2,1799,3598,Cancelled,Credit Card
ORD10048,CUST1565,10-11-2023,Bangalore,PROD218,3,299,897,Returned,Credit Card
ORD10049,CUST4991,17-03-2025,Surat,PROD173,2,1299,2598,Delivered,Credit Card
ORD10050,CUST4713,03-01-2025,Nagpur,PROD133,2,299,598,Pending,Cash on Delivery
ORD10051,CUST4976,14-06-2023,Chennai,PROD152,1,39999,39999,Returned,Cash on Delivery
ORD10052,CUST3917,07-05-2023,Pune,PROD151,1,49999,49999,Cancelled,PayPal
ORD10053,CUST2863,04-09-2023,Hyderabad,PROD170,1,2499,2499,Pending,Credit Card
ORD10054,CUST4504,10-06-2025,Kolkata,PROD133,2,299,598,Pending,Cash on Delivery
ORD10055,CUST4742,09-02-2025,Bhubaneswar,PROD104,1,4499,4499,Delivered,Credit Card
ORD10056,CUST2867,15-08-2025,Patna,PROD111,2,1899,3798,Shipped,Cash on Delivery
ORD10057,CUST1845,07-02-2024,Nagpur,PROD127,3,899,2697,Returned,Credit Card
ORD10058,CUST3592,21-10-2024,Chennai,PROD102,3,1799,5397,Pending,Cash on Delivery
ORD10059,CUST1872,10-05-2023,Indore,PROD174,3,899,2697,Delivered,Credit Card
ORD10060,CUST1876,17-06-2024,Bhubaneswar,PROD120,3,599,1797,Returned,Credit Card
ORD10061,CUST1079,03-02-2025,Kolkata,PROD147,1,29990,29990,Shipped,Cash on Delivery
ORD10062,CUST1128,17-07-2023,Pune,PROD115,1,2499,2499,Returned,Credit Card
ORD10063,CUST3595,02-05-2023,Mumbai,PROD161,2,1499,2998,Pending,PayPal
ORD10064,CUST5304,08-03-2023,Indore,PROD136,2,499,998,Delivered,Credit Card
ORD10065,CUST3818,08-11-2024,Indore,PROD180,1,2499,2499,Delivered,Cash on Delivery
ORD10066,CUST4481,05-11-2022,Pune,PROD149,2,1499,2998,Pending,PayPal
ORD10067,CUST3764,19-04-2024,Hyderabad,PROD204,1,2299,2299,Pending,Cash on Delivery
ORD10068,CUST4713,27-07-2024,Delhi,PROD131,2,499,998,Returned,Cash on Delivery
ORD10069,CUST1520,22-01-2025,Kolkata,PROD187,1,4999,4999,Pending,Credit Card
ORD10070,CUST2966,10-03-2024,Pune,PROD191,3,1999,5997,Pending,Cash on Delivery
ORD10071,CUST5213,05-10-2022,Pune,PROD138,3,799,2397,Returned,Cash on Delivery
ORD10072,CUST1088,01-08-2023,Kolkata,PROD133,3,299,897,Cancelled,Cash on Delivery
ORD10073,CUST3850,02-05-2024,Ahmedabad,PROD173,3,1299,3897,Shipped,PayPal
ORD10074,CUST4657,06-10-2022,Ahmedabad,PROD143,1,89999,89999,Returned,Cash on Delivery
ORD10075,CUST2066,25-11-2023,Mumbai,PROD193,3,1499,4497,Cancelled,PayPal
ORD10076,CUST2590,21-08-2025,Kolkata,PROD207,2,1299,2598,Shipped,Credit Card
ORD10077,CUST3460,14-06-2025,Kolkata,PROD142,1,59999,59999,Cancelled,Credit Card
ORD10078,CUST4227,07-04-2023,Mumbai,PROD118,1,2999,2999,Pending,PayPal
ORD10079,CUST4452,09-07-2025,Chennai,PROD104,1,4499,4499,Returned,Credit Card
ORD10080,CUST4200,10-02-2023,Bhubaneswar,PROD150,1,42999,42999,Returned,Credit Card
ORD10081,CUST4837,27-03-2023,Pune,PROD190,1,2499,2499,Returned,Cash on Delivery
ORD10082,CUST1274,04-03-2025,Chennai,PROD195,1,4499,4499,Delivered,PayPal
ORD10083,CUST5137,09-10-2023,Kolkata,PROD114,2,1999,3998,Shipped,Cash on Delivery
ORD10084,CUST2248,05-04-2023,Mumbai,PROD164,2,1199,2398,Delivered,Cash on Delivery
ORD10085,CUST4713,21-06-2023,Hyderabad,PROD186,1,3499,3499,Pending,Cash on Delivery
ORD10086,CUST2046,30-07-2025,Surat,PROD125,2,549,1098,Returned,PayPal
ORD10087,CUST3760,25-09-2022,Kolkata,PROD212,1,5499,5499,Shipped,Credit Card
ORD10088,CUST4013,21-07-2025,Jaipur,PROD204,1,2299,2299,Cancelled,Cash on Delivery
ORD10089,CUST3202,13-08-2025,Delhi,PROD103,1,2999,2999,Pending,Cash on Delivery
ORD10090,CUST2460,12-08-2025,Pune,PROD193,3,1499,4497,Returned,PayPal
ORD10091,CUST3562,14-09-2023,Bangalore,PROD196,3,899,2697,Delivered,Credit Card
ORD10092,CUST1665,09-01-2024,Bangalore,PROD207,2,1299,2598,Cancelled,PayPal
ORD10093,CUST3052,07-07-2023,Hyderabad,PROD206,3,699,2097,Returned,Credit Card
ORD10094,CUST2145,30-12-2023,Gurgaon,PROD179,3,1799,5397,Pending,Credit Card
ORD10095,CUST1193,30-06-2024,Chennai,PROD128,2,799,1598,Shipped,Credit Card
ORD10096,CUST4861,10-07-2023,Pune,PROD139,2,499,998,Shipped,Credit Card
ORD10097,CUST4266,03-05-2024,Pune,PROD191,3,1999,5997,Returned,Credit Card
ORD10098,CUST3897,28-12-2024,Mumbai,PROD219,2,799,1598,Cancelled,Credit Card
ORD10099,CUST4713,19-10-2024,Pune,PROD145,1,62990,62990,Shipped,PayPal
ORD10100,CUST5064,27-01-2023,Surat,PROD115,1,2499,2499,Shipped,Cash on Delivery
ORD10101,CUST2915,24-08-2024,Jaipur,PROD113,3,1499,4497,Pending,Credit Card
ORD10102,CUST1306,17-05-2025,Chennai,PROD181,2,1299,2598,Returned,Credit Card
ORD10103,CUST3740,21-12-2023,Mumbai,PROD197,1,5999,5999,Cancelled,Credit Card
ORD10104,CUST4826,20-09-2022,Mumbai,PROD204,1,2299,2299,Shipped,Cash on Delivery
ORD10105,CUST1757,10-08-2024,Pune,PROD127,3,899,2697,Delivered,Credit Card
ORD10106,CUST1415,06-10-2023,Visakhapatnam,PROD181,3,1299,3897,Cancelled,Credit Card
ORD10107,CUST2786,19-07-2024,Pune,PROD147,1,29990,29990,Returned,PayPal
ORD10108,CUST4641,11-01-2023,Pune,PROD215,2,1799,3598,Delivered,Credit Card
ORD10109,CUST1849,07-11-2023,Visakhapatnam,PROD170,1,2499,2499,Shipped,Credit Card
ORD10110,CUST3880,02-04-2023,Pune,PROD198,1,6999,6999,Cancelled,PayPal
ORD10111,CUST5000,02-11-2024,Noida,PROD214,3,499,1497,Shipped,Cash on Delivery
ORD10112,CUST1606,29-06-2024,Kolkata,PROD111,3,1899,5697,Pending,Cash on Delivery
ORD10113,CUST2742,13-06-2024,Chennai,PROD102,3,1799,5397,Delivered,PayPal
ORD10114,CUST1020,01-08-2023,Chennai,PROD115,1,2499,2499,Shipped,PayPal
ORD10115,CUST3817,04-06-2025,Jaipur,PROD177,3,1599,4797,Returned,Credit Card
ORD10116,CUST2493,09-01-2024,Jaipur,PROD201,3,799,2397,Cancelled,PayPal
ORD10117,CUST4335,14-03-2025,Pune,PROD180,1,2499,2499,Shipped,PayPal
ORD10118,CUST3899,19-03-2023,Noida,PROD208,2,899,1798,Pending,Credit Card
ORD10119,CUST1367,05-04-2023,Jaipur,PROD213,3,1999,5997,Delivered,PayPal
ORD10120,CUST3167,15-07-2025,Chennai,PROD163,1,4999,4999,Cancelled,Cash on Delivery
ORD10121,CUST2636,01-08-2023,Kolkata,PROD197,1,5999,5999,Cancelled,PayPal
ORD10122,CUST4018,25-07-2023,Kochi,PROD135,3,350,1050,Shipped,Cash on Delivery
ORD10123,CUST1190,04-03-2024,Pune,PROD200,1,2499,2499,Pending,Cash on Delivery
ORD10124,CUST5220,08-05-2024,Kolkata,PROD124,3,699,2097,Pending,Cash on Delivery
ORD10125,CUST2609,14-06-2025,Ahmedabad,PROD137,2,599,1198,Pending,PayPal
ORD10126,CUST1703,20-02-2025,Ahmedabad,PROD137,3,599,1797,Delivered,PayPal
ORD10127,CUST3666,23-04-2023,Nagpur,PROD183,3,999,2997,Shipped,Credit Card
ORD10128,CUST3961,23-08-2023,Mumbai,PROD103,1,2999,2999,Pending,PayPal
ORD10129,CUST1593,15-05-2025,Mumbai,PROD191,2,1999,3998,Pending,Cash on Delivery
ORD10130,CUST3548,26-08-2024,Kolkata,PROD120,3,599,1797,Returned,PayPal
ORD10131,CUST3824,10-10-2023,Bangalore,PROD118,1,2999,2999,Shipped,Cash on Delivery
ORD10132,CUST1101,16-03-2023,Gurgaon,PROD194,3,999,2997,Pending,Credit Card
ORD10133,CUST5075,23-09-2024,Chennai,PROD177,3,1599,4797,Cancelled,PayPal
ORD10134,CUST3396,16-06-2024,Jaipur,PROD145,1,62990,62990,Shipped,PayPal
ORD10135,CUST1553,16-04-2025,Mumbai,PROD120,3,599,1797,Shipped,Credit Card
ORD10136,CUST4484,28-10-2023,Kolkata,PROD141,1,64999,64999,Cancelled,Cash on Delivery
ORD10137,CUST1138,12-01-2024,Visakhapatnam,PROD171,1,6999,6999,Cancelled,PayPal
ORD10138,CUST1341,12-06-2024,Kolkata,PROD183,2,999,1998,Shipped,Cash on Delivery
ORD10139,CUST4635,21-06-2024,Chandigarh,PROD209,3,1799,5397,Returned,PayPal
ORD10140,CUST1094,24-10-2023,Kochi,PROD176,1,3499,3499,Cancelled,Credit Card
ORD10141,CUST2267,10-04-2025,Nagpur,PROD170,1,2499,2499,Delivered,Credit Card
ORD10142,CUST1595,30-01-2025,Pune,PROD201,3,799,2397,Delivered,Cash on Delivery
ORD10143,CUST2866,22-06-2024,Hyderabad,PROD166,1,9499,9499,Pending,Credit Card
ORD10144,CUST1853,13-08-2023,Visakhapatnam,PROD108,2,1499,2998,Delivered,Credit Card
ORD10145,CUST1667,31-12-2024,Kochi,PROD187,1,4999,4999,Delivered,Credit Card
ORD10146,CUST1918,18-05-2023,Chennai,PROD168,3,1299,3897,Returned,Credit Card
ORD10147,CUST2359,25-11-2024,Ahmedabad,PROD204,1,2299,2299,Delivered,Credit Card
ORD10148,CUST2327,11-03-2023,Bangalore,PROD208,2,899,1798,Returned,Credit Card
ORD10149,CUST1423,14-03-2025,Pune,PROD134,2,450,900,Pending,Cash on Delivery
ORD10150,CUST1167,10-06-2025,Kolkata,PROD148,1,6499,6499,Shipped,PayPal
ORD10151,CUST4348,07-11-2024,Chennai,PROD205,2,399,798,Cancelled,Credit Card
ORD10152,CUST4713,05-08-2024,Kolkata,PROD207,2,1299,2598,Pending,PayPal
ORD10153,CUST2105,28-01-2025,Delhi,PROD140,1,69999,69999,Shipped,PayPal
ORD10154,CUST4960,06-02-2023,Bhubaneswar,PROD124,3,699,2097,Delivered,Cash on Delivery
ORD10155,CUST2725,04-07-2023,Pune,PROD204,1,2299,2299,Returned,Cash on Delivery
ORD10156,CUST1433,02-06-2023,Nagpur,PROD117,1,2299,2299,Returned,Cash on Delivery
ORD10157,CUST3625,18-01-2023,Kochi,PROD205,3,399,1197,Shipped,PayPal
ORD10158,CUST3242,15-04-2023,Mumbai,PROD192,1,4999,4999,Pending,Credit Card
ORD10159,CUST1761,15-09-2024,Nagpur,PROD164,2,1199,2398,Cancelled,PayPal
ORD10160,CUST1796,24-07-2023,Delhi,PROD142,1,59999,59999,Cancelled,Credit Card
ORD10161,CUST4331,06-03-2023,Jaipur,PROD193,3,1499,4497,Pending,Credit Card
ORD10162,CUST4713,18-05-2023,Bangalore,PROD133,3,299,897,Pending,Credit Card
ORD10163,CUST3162,03-01-2025,Visakhapatnam,PROD190,1,2499,2499,Cancelled,Credit Card
ORD10164,CUST2659,30-05-2023,Visakhapatnam,PROD101,1,6499,6499,Returned,PayPal
ORD10165,CUST5042,18-05-2023,Delhi,PROD158,1,8995,8995,Pending,PayPal
ORD10166,CUST4465,26-08-2023,Mumbai,PROD173,3,1299,3897,Delivered,Credit Card
ORD10167,CUST2771,07-08-2024,Mumbai,PROD113,2,1499,2998,Shipped,Credit Card
ORD10168,CUST2420,12-01-2025,Bhubaneswar,PROD143,1,89999,89999,Cancelled,PayPal
ORD10169,CUST3979,10-08-2023,Chandigarh,PROD164,3,1199,3597,Pending,Cash on Delivery
ORD10170,CUST3402,07-04-2024,Delhi,PROD159,1,4499,4499,Shipped,Cash on Delivery
ORD10171,CUST3017,07-04-2025,Hyderabad,PROD155,1,34999,34999,Delivered,Credit Card
ORD10172,CUST5076,26-04-2025,Lucknow,PROD110,1,2999,2999,Pending,Cash on Delivery
ORD10173,CUST1521,20-02-2025,Delhi,PROD111,2,1899,3798,Returned,Cash on Delivery
ORD10174,CUST4228,12-05-2023,Kochi,PROD203,3,1999,5997,Shipped,Cash on Delivery
ORD10175,CUST1352,05-09-2022,Hyderabad,PROD184,1,2999,2999,Delivered,Credit Card
ORD10176,CUST2084,21-11-2022,Delhi,PROD183,3,999,2997,Pending,Credit Card
ORD10177,CUST1398,22-04-2023,Kochi,PROD175,3,1499,4497,Pending,Cash on Delivery
ORD10178,CUST4226,19-10-2023,Mumbai,PROD134,3,450,1350,Shipped,Credit Card
ORD10179,CUST1131,05-09-2024,Delhi,PROD199,2,1299,2598,Shipped,PayPal
ORD10180,CUST4713,17-10-2024,Mumbai,PROD167,1,3499,3499,Cancelled,PayPal
ORD10181,CUST1062,18-11-2022,Bangalore,PROD145,1,62990,62990,Returned,PayPal
ORD10182,CUST1927,19-11-2022,Bangalore,PROD142,1,59999,59999,Returned,PayPal
ORD10183,CUST3276,28-02-2025,Mumbai,PROD148,1,6499,6499,Delivered,PayPal
ORD10184,CUST1933,19-09-2023,Mumbai,PROD126,2,299,598,Returned,PayPal
ORD10185,CUST1902,15-08-2023,Kolkata,PROD167,1,3499,3499,Delivered,Credit Card
ORD10186,CUST1543,26-09-2022,Chandigarh,PROD130,3,599,1797,Pending,PayPal
ORD10187,CUST4314,16-08-2024,Nagpur,PROD105,1,2499,2499,Delivered,Cash on Delivery
ORD10188,CUST1112,15-06-2023,Nagpur,PROD168,2,1299,2598,Delivered,PayPal
ORD10189,CUST3158,24-10-2022,Nagpur,PROD149,2,1499,2998,Cancelled,PayPal
ORD10190,CUST4713,22-06-2025,Kochi,PROD194,2,999,1998,Shipped,PayPal
ORD10191,CUST3527,28-12-2023,Chandigarh,PROD187,1,4999,4999,Returned,Cash on Delivery
ORD10192,CUST2469,23-04-2025,Pune,PROD143,1,89999,89999,Pending,Credit Card
ORD10193,CUST1512,11-05-2024,Pune,PROD107,2,1299,2598,Pending,PayPal
ORD10194,CUST3362,21-03-2024,Chennai,PROD112,3,1699,5097,Returned,Credit Card
ORD10195,CUST3015,21-12-2024,Hyderabad,PROD130,3,599,1797,Shipped,Cash on Delivery
ORD10196,CUST1121,23-03-2023,Kochi,PROD167,1,3499,3499,Returned,Cash on Delivery
ORD10197,CUST1872,18-08-2024,Jaipur,PROD112,3,1699,5097,Cancelled,Cash on Delivery
ORD10198,CUST1869,30-05-2025,Kolkata,PROD119,3,1799,5397,Shipped,Cash on Delivery
ORD10199,CUST3864,28-02-2023,Surat,PROD125,3,549,1647,Delivered,Credit Card
ORD10200,CUST4713,03-10-2022,Kolkata,PROD156,1,29990,29990,Returned,Credit Card
ORD10201,CUST1795,31-03-2025,Pune,PROD105,1,2499,2499,Returned,Credit Card
ORD10202,CUST4312,04-02-2025,Bangalore,PROD147,1,29990,29990,Cancelled,Credit Card
ORD10203,CUST5029,04-10-2024,Patna,PROD149,3,1499,4497,Delivered,PayPal
ORD10204,CUST4546,13-04-2024,Kolkata,PROD178,2,1299,2598,Shipped,Credit Card
ORD10205,CUST3486,14-07-2025,Chennai,PROD133,2,299,598,Delivered,Cash on Delivery
ORD10206,CUST4407,30-05-2025,Visakhapatnam,PROD204,1,2299,2299,Returned,PayPal
ORD10207,CUST4616,30-08-2022,Kolkata,PROD138,3,799,2397,Delivered,Cash on Delivery
ORD10208,CUST2371,14-10-2023,Pune,PROD188,3,499,1497,Shipped,PayPal
ORD10209,CUST4842,17-05-2025,Bangalore,PROD204,1,2299,2299,Cancelled,Credit Card
ORD10210,CUST2378,28-04-2024,Kolkata,PROD191,3,1999,5997,Cancelled,PayPal
ORD10211,CUST1628,22-03-2024,Hyderabad,PROD155,1,34999,34999,Delivered,Credit Card
ORD10212,CUST1634,23-08-2024,Mumbai,PROD196,2,899,1798,Shipped,Cash on Delivery
ORD10213,CUST1010,24-04-2025,Ahmedabad,PROD211,2,1799,3598,Pending,Cash on Delivery
ORD10214,CUST1603,02-04-2025,Pune,PROD196,3,899,2697,Returned,PayPal
ORD10215,CUST2887,19-01-2023,Hyderabad,PROD202,3,1499,4497,Cancelled,PayPal
ORD10216,CUST1355,29-02-2024,Kolkata,PROD162,1,3299,3299,Returned,Credit Card
ORD10217,CUST3246,30-12-2022,Hyderabad,PROD166,1,9499,9499,Shipped,Cash on Delivery
ORD10218,CUST3616,27-02-2024,Chandigarh,PROD154,1,71990,71990,Pending,PayPal
ORD10219,CUST5264,12-07-2023,Chennai,PROD199,3,1299,3897,Returned,Cash on Delivery
ORD10220,CUST4412,20-02-2025,Hyderabad,PROD203,2,1999,3998,Returned,PayPal
ORD10221,CUST4713,15-02-2023,Pune,PROD176,1,3499,3499,Cancelled,Credit Card
ORD10222,CUST3384,06-03-2023,Delhi,PROD164,2,1199,2398,Pending,Credit Card
ORD10223,CUST2337,01-04-2023,Pune,PROD142,1,59999,59999,Delivered,Cash on Delivery
ORD10224,CUST4363,23-03-2024,Delhi,PROD154,1,71990,71990,Delivered,PayPal
ORD10225,CUST2068,13-03-2023,Mumbai,PROD123,2,449,898,Returned,PayPal
ORD10226,CUST3135,27-04-2023,Hyderabad,PROD152,1,39999,39999,Shipped,Cash on Delivery
ORD10227,CUST2434,11-05-2025,Kolkata,PROD174,3,899,2697,Delivered,PayPal
ORD10228,CUST5164,04-01-2025,Kolkata,PROD145,1,62990,62990,Returned,PayPal
ORD10229,CUST4129,15-06-2023,Gurgaon,PROD137,3,599,1797,Pending,Credit Card
ORD10230,CUST1924,14-01-2025,Bangalore,PROD107,2,1299,2598,Returned,Credit Card
ORD10231,CUST5143,21-09-2024,Kolkata,PROD194,3,999,2997,Delivered,Credit Card
ORD10232,CUST5251,23-05-2024,Nagpur,PROD119,3,1799,5397,Delivered,Credit Card
ORD10233,CUST1009,23-11-2022,Chennai,PROD196,2,899,1798,Pending,PayPal
ORD10234,CUST2907,10-10-2022,Ahmedabad,PROD173,3,1299,3897,Delivered,Credit Card
ORD10235,CUST3612,15-10-2022,Delhi,PROD116,1,3499,3499,Cancelled,Credit Card
ORD10236,CUST4246,09-05-2025,Hyderabad,PROD198,1,6999,6999,Shipped,Credit Card
ORD10237,CUST4758,10-04-2024,Indore,PROD100,1,2799,2799,Delivered,PayPal
ORD10238,CUST2241,18-04-2024,Kolkata,PROD216,1,2299,2299,Returned,PayPal
ORD10239,CUST1530,10-04-2025,Mumbai,PROD110,1,2999,2999,Pending,Credit Card
ORD10240,CUST1947,13-08-2024,Bangalore,PROD130,3,599,1797,Delivered,PayPal
ORD10241,CUST4841,25-05-2023,Chennai,PROD100,1,2799,2799,Delivered,Credit Card
ORD10242,CUST5313,18-10-2022,Pune,PROD131,3,499,1497,Returned,Credit Card
ORD10243,CUST3515,26-06-2025,Chennai,PROD136,2,499,998,Cancelled,Cash on Delivery
ORD10244,CUST4373,07-04-2023,Delhi,PROD122,3,399,1197,Returned,PayPal
ORD10245,CUST4713,14-08-2023,Hyderabad,PROD138,2,799,1598,Returned,PayPal
ORD10246,CUST2327,04-01-2025,Lucknow,PROD210,1,2499,2499,Shipped,PayPal
ORD10247,CUST3736,24-03-2025,Kochi,PROD215,2,1799,3598,Delivered,Cash on Delivery
ORD10248,CUST1063,28-06-2023,Chennai,PROD133,3,299,897,Delivered,Credit Card
ORD10249,CUST2383,19-06-2023,Mumbai,PROD172,1,3999,3999,Cancelled,Credit Card
ORD10250,CUST3076,19-08-2024,Delhi,PROD174,2,899,1798,Cancelled,Credit Card
ORD10251,CUST3526,29-01-2023,Patna,PROD180,1,2499,2499,Returned,PayPal
ORD10252,CUST1600,12-07-2025,Hyderabad,PROD106,1,5999,5999,Delivered,PayPal
ORD10253,CUST2748,24-05-2024,Kolkata,PROD171,1,6999,6999,Shipped,Cash on Delivery
ORD10254,CUST3875,01-12-2022,Bangalore,PROD203,2,1999,3998,Returned,Credit Card
ORD10255,CUST4537,09-09-2022,Hyderabad,PROD152,1,39999,39999,Returned,Cash on Delivery
ORD10256,CUST1702,30-07-2023,Bhubaneswar,PROD211,2,1799,3598,Pending,PayPal
ORD10257,CUST3946,29-02-2024,Chennai,PROD190,1,2499,2499,Shipped,Cash on Delivery
ORD10258,CUST3561,10-08-2024,Lucknow,PROD118,1,2999,2999,Cancelled,Cash on Delivery
ORD10259,CUST2828,06-05-2024,Pune,PROD121,2,499,998,Pending,PayPal
ORD10260,CUST3291,29-06-2025,Bangalore,PROD106,1,5999,5999,Returned,Credit Card
ORD10261,CUST4895,11-09-2024,Ahmedabad,PROD183,2,999,1998,Returned,PayPal
ORD10262,CUST1002,17-04-2025,Delhi,PROD190,1,2499,2499,Shipped,PayPal
ORD10263,CUST1022,05-05-2024,Mumbai,PROD207,2,1299,2598,Cancelled,PayPal
ORD10264,CUST4713,20-01-2025,Noida,PROD210,1,2499,2499,Shipped,PayPal
ORD10265,CUST3078,15-12-2024,Nagpur,PROD158,1,8995,8995,Shipped,PayPal
ORD10266,CUST3606,04-02-2023,Nagpur,PROD119,2,1799,3598,Cancelled,Credit Card
ORD10267,CUST5021,13-03-2023,Pune,PROD114,3,1999,5997,Cancelled,PayPal
ORD10268,CUST1481,24-01-2025,Hyderabad,PROD141,1,64999,64999,Cancelled,Credit Card
ORD10269,CUST2923,25-01-2024,Gurgaon,PROD114,2,1999,3998,Cancelled,PayPal
ORD10270,CUST3275,06-04-2025,Kochi,PROD130,3,599,1797,Pending,PayPal
ORD10271,CUST3112,12-08-2023,Noida,PROD186,1,3499,3499,Returned,Credit Card
ORD10272,CUST3399,13-12-2024,Chandigarh,PROD135,2,350,700,Cancelled,PayPal
ORD10273,CUST1813,02-08-2025,Patna,PROD112,3,1699,5097,Pending,PayPal
ORD10274,CUST4060,13-04-2023,Kolkata,PROD136,3,499,1497,Delivered,Credit Card
ORD10275,CUST5134,17-11-2022,Mumbai,PROD168,2,1299,2598,Shipped,PayPal
ORD10276,CUST3231,06-12-2023,Bangalore,PROD116,1,3499,3499,Cancelled,PayPal
ORD10277,CUST4713,04-09-2022,Bhubaneswar,PROD219,2,799,1598,Shipped,PayPal
ORD10278,CUST4416,15-07-2023,Pune,PROD112,2,1699,3398,Cancelled,PayPal
ORD10279,CUST3458,18-08-2023,Delhi,PROD167,1,3499,3499,Pending,Cash on Delivery
ORD10280,CUST1981,24-01-2024,Kolkata,PROD177,2,1599,3198,Returned,Credit Card
ORD10281,CUST3413,10-02-2023,Bangalore,PROD182,3,1899,5697,Returned,Cash on Delivery
ORD10282,CUST1679,16-08-2025,Kolkata,PROD179,2,1799,3598,Delivered,Cash on Delivery
ORD10283,CUST1084,15-06-2024,Hyderabad,PROD110,1,2999,2999,Pending,Credit Card
ORD10284,CUST1415,22-06-2024,Ahmedabad,PROD188,2,499,998,Delivered,Cash on Delivery
ORD10285,CUST3686,20-11-2023,Kolkata,PROD143,1,89999,89999,Pending,Cash on Delivery
ORD10286,CUST5131,19-11-2023,Hyderabad,PROD168,3,1299,3897,Returned,Cash on Delivery
ORD10287,CUST4449,29-06-2023,Gurgaon,PROD122,2,399,798,Cancelled,Credit Card
ORD10288,CUST3796,12-08-2023,Chandigarh,PROD132,3,399,1197,Shipped,PayPal
ORD10289,CUST4103,18-07-2025,Lucknow,PROD211,2,1799,3598,Returned,Credit Card
ORD10290,CUST4553,14-02-2024,Pune,PROD171,1,6999,6999,Cancelled,PayPal
ORD10291,CUST2023,17-11-2022,Chennai,PROD138,3,799,2397,Delivered,Credit Card
ORD10292,CUST3748,28-11-2023,Mumbai,PROD169,2,1899,3798,Returned,PayPal
ORD10293,CUST3694,29-04-2023,Jaipur,PROD181,3,1299,3897,Cancelled,Credit Card
ORD10294,CUST1939,23-11-2022,Bhubaneswar,PROD129,2,349,698,Pending,Cash on Delivery
ORD10295,CUST1452,29-09-2024,Chennai,PROD150,1,42999,42999,Delivered,PayPal
ORD10296,CUST3916,09-09-2024,Chennai,PROD109,1,2399,2399,Delivered,PayPal
ORD10297,CUST4229,20-10-2024,Chennai,PROD127,2,899,1798,Returned,Credit Card
ORD10298,CUST1145,19-10-2024,Pune,PROD186,1,3499,3499,Delivered,Cash on Delivery
ORD10299,CUST2069,10-10-2022,Pune,PROD177,3,1599,4797,Returned,Credit Card
ORD10300,CUST2739,29-06-2023,Delhi,PROD171,1,6999,6999,Pending,Cash on Delivery
ORD10301,CUST1625,21-08-2023,Kolkata,PROD100,1,2799,2799,Shipped,Cash on Delivery
ORD10302,CUST5098,09-07-2023,Visakhapatnam,PROD199,2,1299,2598,Shipped,PayPal
ORD10303,CUST4361,06-12-2023,Kolkata,PROD201,2,799,1598,Returned,Credit Card
ORD10304,CUST1170,13-10-2022,Bhubaneswar,PROD184,1,2999,2999,Cancelled,Credit Card
ORD10305,CUST2707,18-10-2022,Delhi,PROD126,3,299,897,Pending,PayPal
ORD10306,CUST3330,21-03-2023,Pune,PROD210,1,2499,2499,Returned,Credit Card
ORD10307,CUST4684,18-02-2025,Bangalore,PROD198,1,6999,6999,Returned,PayPal
ORD10308,CUST1339,24-10-2022,Kochi,PROD182,3,1899,5697,Pending,PayPal
ORD10309,CUST3349,27-05-2023,Bhubaneswar,PROD158,1,8995,8995,Cancelled,Cash on Delivery
ORD10310,CUST2143,19-07-2023,Surat,PROD188,3,499,1497,Pending,Cash on Delivery
ORD10311,CUST3440,24-08-2023,Chennai,PROD216,1,2299,2299,Shipped,PayPal
ORD10312,CUST1766,22-11-2023,Bangalore,PROD148,1,6499,6499,Delivered,Credit Card
ORD10313,CUST4025,05-06-2025,Hyderabad,PROD153,1,62990,62990,Pending,Cash on Delivery
ORD10314,CUST2331,12-03-2024,Kochi,PROD113,2,1499,2998,Returned,Cash on Delivery
ORD10315,CUST1949,06-06-2023,Bangalore,PROD142,1,59999,59999,Delivered,Cash on Delivery
ORD10316,CUST4264,03-12-2023,Kolkata,PROD217,3,999,2997,Shipped,Cash on Delivery
ORD10317,CUST4353,16-11-2022,Mumbai,PROD217,2,999,1998,Returned,Credit Card
ORD10318,CUST4777,27-03-2024,Kolkata,PROD131,2,499,998,Cancelled,Credit Card
ORD10319,CUST1394,16-01-2024,Pune,PROD145,1,62990,62990,Pending,Credit Card
ORD10320,CUST4276,14-03-2023,Patna,PROD187,1,4999,4999,Delivered,Cash on Delivery
ORD10321,CUST5131,25-12-2023,Noida,PROD141,1,64999,64999,Pending,PayPal
ORD10322,CUST4135,09-09-2022,Indore,PROD128,2,799,1598,Shipped,Cash on Delivery
ORD10323,CUST4756,12-05-2024,Pune,PROD159,1,4499,4499,Delivered,Credit Card
ORD10324,CUST1339,30-08-2024,Delhi,PROD168,2,1299,2598,Pending,Cash on Delivery
ORD10325,CUST4854,23-03-2025,Pune,PROD106,1,5999,5999,Shipped,Credit Card
ORD10326,CUST1260,27-09-2022,Bangalore,PROD169,2,1899,3798,Shipped,Cash on Delivery
ORD10327,CUST4406,01-11-2024,Patna,PROD102,3,1799,5397,Pending,Credit Card
ORD10328,CUST1082,07-05-2025,Jaipur,PROD117,1,2299,2299,Cancelled,Credit Card
ORD10329,CUST1222,25-01-2023,Kochi,PROD164,3,1199,3597,Shipped,Cash on Delivery
ORD10330,CUST2963,04-08-2023,Bhubaneswar,PROD189,2,899,1798,Pending,Credit Card
ORD10331,CUST5131,07-11-2024,Mumbai,PROD187,1,4999,4999,Delivered,Cash on Delivery
ORD10332,CUST2728,06-05-2023,Pune,PROD187,1,4999,4999,Pending,Credit Card
ORD10333,CUST5232,23-10-2022,Nagpur,PROD108,3,1499,4497,Returned,PayPal
ORD10334,CUST2111,16-01-2025,Surat,PROD110,1,2999,2999,Returned,PayPal
ORD10335,CUST3063,01-10-2024,Surat,PROD214,3,499,1497,Delivered,Credit Card
ORD10336,CUST3558,21-08-2024,Gurgaon,PROD212,1,5499,5499,Cancelled,Credit Card
ORD10337,CUST1299,23-01-2025,Kolkata,PROD175,2,1499,2998,Shipped,Cash on Delivery
ORD10338,CUST1179,15-03-2023,Bangalore,PROD100,1,2799,2799,Cancelled,PayPal
ORD10339,CUST1087,08-12-2022,Kochi,PROD165,3,1799,5397,Pending,Cash on Delivery
ORD10340,CUST3098,28-02-2024,Chennai,PROD131,2,499,998,Cancelled,Credit Card
ORD10341,CUST1433,08-12-2024,Visakhapatnam,PROD181,3,1299,3897,Delivered,PayPal
ORD10342,CUST4211,10-06-2025,Jaipur,PROD217,2,999,1998,Delivered,PayPal
ORD10343,CUST4442,21-11-2023,Chennai,PROD197,1,5999,5999,Shipped,Credit Card
ORD10344,CUST2540,20-11-2022,Chennai,PROD106,1,5999,5999,Pending,PayPal
ORD10345,CUST2868,17-08-2025,Pune,PROD131,2,499,998,Cancelled,PayPal
ORD10346,CUST4235,02-07-2023,Indore,PROD159,1,4499,4499,Shipped,Cash on Delivery
ORD10347,CUST3604,15-02-2023,Chandigarh,PROD117,1,2299,2299,Cancelled,Credit Card
ORD10348,CUST4592,27-12-2024,Delhi,PROD179,2,1799,3598,Pending,PayPal
ORD10349,CUST2245,19-06-2025,Chandigarh,PROD129,2,349,698,Delivered,Credit Card
ORD10350,CUST1982,24-10-2022,Surat,PROD181,3,1299,3897,Cancelled,Credit Card
ORD10351,CUST3755,10-07-2023,Mumbai,PROD217,2,999,1998,Shipped,PayPal
ORD10352,CUST3315,17-10-2023,Kochi,PROD105,1,2499,2499,Shipped,PayPal
ORD10353,CUST3012,09-02-2025,Gurgaon,PROD116,1,3499,3499,Delivered,PayPal
ORD10354,CUST1492,18-10-2022,Gurgaon,PROD153,1,62990,62990,Shipped,PayPal
ORD10355,CUST4379,31-03-2023,Bangalore,PROD159,1,4499,4499,Cancelled,Cash on Delivery
ORD10356,CUST5182,15-01-2025,Chandigarh,PROD124,2,699,1398,Delivered,Cash on Delivery
ORD10357,CUST4937,21-03-2023,Kolkata,PROD176,1,3499,3499,Delivered,Cash on Delivery
ORD10358,CUST3308,21-11-2022,Lucknow,PROD138,2,799,1598,Cancelled,Credit Card
ORD10359,CUST2931,26-02-2025,Pune,PROD135,2,350,700,Pending,PayPal
ORD10360,CUST1495,18-03-2024,Kolkata,PROD126,3,299,897,Returned,Cash on Delivery
ORD10361,CUST3872,25-03-2025,Noida,PROD186,1,3499,3499,Pending,Credit Card
ORD10362,CUST2063,27-06-2025,Pune,PROD119,3,1799,5397,Cancelled,Credit Card
ORD10363,CUST2234,21-01-2024,Noida,PROD114,2,1999,3998,Returned,Credit Card
ORD10364,CUST2731,13-01-2024,Chennai,PROD149,3,1499,4497,Cancelled,Credit Card
ORD10365,CUST1874,29-09-2023,Ahmedabad,PROD200,1,2499,2499,Returned,Credit Card
ORD10366,CUST5131,15-04-2023,Bangalore,PROD150,1,42999,42999,Delivered,PayPal
ORD10367,CUST3312,13-07-2024,Pune,PROD201,3,799,2397,Returned,PayPal
ORD10368,CUST3289,23-02-2024,Nagpur,PROD202,3,1499,4497,Cancelled,PayPal
ORD10369,CUST3913,13-06-2023,Pune,PROD182,2,1899,3798,Pending,Cash on Delivery
ORD10370,CUST3287,30-03-2024,Mumbai,PROD152,1,39999,39999,Shipped,Cash on Delivery
ORD10371,CUST2584,05-08-2024,Noida,PROD216,1,2299,2299,Cancelled,Credit Card
ORD10372,CUST3631,25-06-2023,Delhi,PROD180,1,2499,2499,Returned,Credit Card
ORD10373,CUST2980,25-06-2024,Chandigarh,PROD113,3,1499,4497,Shipped,Cash on Delivery
ORD10374,CUST1795,10-05-2024,Mumbai,PROD100,1,2799,2799,Cancelled,Cash on Delivery
ORD10375,CUST2457,30-04-2023,Visakhapatnam,PROD216,1,2299,2299,Delivered,Credit Card
ORD10376,CUST3357,26-02-2024,Chennai,PROD120,3,599,1797,Delivered,Credit Card
ORD10377,CUST4772,18-04-2023,Hyderabad,PROD200,1,2499,2499,Cancelled,Cash on Delivery
ORD10378,CUST2111,29-07-2024,Hyderabad,PROD184,1,2999,2999,Shipped,PayPal
ORD10379,CUST4731,10-11-2024,Kochi,PROD130,2,599,1198,Shipped,PayPal
ORD10380,CUST1306,13-01-2025,Gurgaon,PROD137,2,599,1198,Cancelled,Credit Card
ORD10381,CUST1082,13-07-2023,Jaipur,PROD147,1,29990,29990,Returned,PayPal
ORD10382,CUST3020,20-05-2024,Bangalore,PROD168,2,1299,2598,Pending,Cash on Delivery
ORD10383,CUST4400,13-10-2022,Hyderabad,PROD152,1,39999,39999,Delivered,Credit Card
ORD10384,CUST3237,23-10-2024,Hyderabad,PROD158,1,8995,8995,Shipped,Credit Card
ORD10385,CUST1861,16-12-2024,Pune,PROD138,3,799,2397,Pending,PayPal
ORD10386,CUST5161,06-08-2025,Hyderabad,PROD165,3,1799,5397,Returned,Credit Card
ORD10387,CUST4495,23-05-2025,Gurgaon,PROD107,2,1299,2598,Delivered,Cash on Delivery
ORD10388,CUST3459,28-07-2024,Chennai,PROD103,1,2999,2999,Cancelled,PayPal
ORD10389,CUST2957,25-11-2024,Lucknow,PROD171,1,6999,6999,Shipped,Credit Card
ORD10390,CUST4796,07-06-2023,Ahmedabad,PROD170,1,2499,2499,Shipped,Cash on Delivery
ORD10391,CUST1522,17-04-2024,Gurgaon,PROD151,1,49999,49999,Cancelled,Cash on Delivery
ORD10392,CUST4721,23-06-2025,Nagpur,PROD190,1,2499,2499,Pending,PayPal
ORD10393,CUST2626,19-11-2022,Pune,PROD113,2,1499,2998,Pending,Credit Card
ORD10394,CUST4894,09-06-2024,Mumbai,PROD178,3,1299,3897,Shipped,Cash on Delivery
ORD10395,CUST5131,30-10-2023,Visakhapatnam,PROD134,2,450,900,Delivered,Credit Card
ORD10396,CUST1190,16-06-2024,Pune,PROD219,2,799,1598,Cancelled,PayPal
ORD10397,CUST3935,01-03-2025,Kolkata,PROD188,3,499,1497,Cancelled,Cash on Delivery
ORD10398,CUST3922,30-06-2023,Mumbai,PROD216,1,2299,2299,Shipped,Credit Card
ORD10399,CUST1859,02-01-2024,Gurgaon,PROD205,3,399,1197,Delivered,PayPal
ORD10400,CUST3064,17-10-2022,Mumbai,PROD133,3,299,897,Returned,PayPal
ORD10401,CUST4853,15-10-2024,Surat,PROD131,2,499,998,Cancelled,PayPal
ORD10402,CUST1933,21-11-2023,Kochi,PROD142,1,59999,59999,Pending,Cash on Delivery
ORD10403,CUST1807,29-06-2024,Bangalore,PROD207,3,1299,3897,Shipped,Credit Card
ORD10404,CUST1267,17-10-2022,Kochi,PROD213,3,1999,5997,Shipped,PayPal
ORD10405,CUST4754,02-07-2024,Mumbai,PROD189,3,899,2697,Delivered,Credit Card
ORD10406,CUST5104,15-10-2022,Chandigarh,PROD100,1,2799,2799,Pending,Cash on Delivery
ORD10407,CUST3893,27-08-2022,Noida,PROD193,2,1499,2998,Pending,PayPal
ORD10408,CUST5131,25-05-2023,Bangalore,PROD207,3,1299,3897,Pending,Credit Card
ORD10409,CUST1753,12-07-2025,Chennai,PROD150,1,42999,42999,Returned,PayPal
ORD10410,CUST1670,24-02-2024,Bangalore,PROD160,1,5999,5999,Returned,Cash on Delivery
ORD10411,CUST4050,28-05-2024,Lucknow,PROD105,1,2499,2499,Returned,Credit Card
ORD10412,CUST1787,29-09-2024,Bangalore,PROD199,2,1299,2598,Cancelled,Cash on Delivery
ORD10413,CUST1957,23-09-2023,Pune,PROD205,2,399,798,Delivered,Cash on Delivery
ORD10414,CUST4410,03-01-2025,Chennai,PROD191,2,1999,3998,Delivered,PayPal
ORD10415,CUST1432,25-08-2022,Bhubaneswar,PROD196,2,899,1798,Returned,Cash on Delivery
ORD10416,CUST1181,09-03-2025,Hyderabad,PROD107,3,1299,3897,Cancelled,Cash on Delivery
ORD10417,CUST2696,20-03-2024,Hyderabad,PROD109,1,2399,2399,Delivered,PayPal
ORD10418,CUST1894,19-10-2023,Visakhapatnam,PROD185,2,1499,2998,Returned,Cash on Delivery
ORD10419,CUST5228,16-01-2023,Ahmedabad,PROD183,3,999,2997,Shipped,Cash on Delivery
ORD10420,CUST1640,25-04-2024,Chennai,PROD152,1,39999,39999,Pending,Credit Card
ORD10421,CUST1500,17-11-2023,Bhubaneswar,PROD170,1,2499,2499,Pending,PayPal
ORD10422,CUST3530,18-10-2024,Mumbai,PROD203,2,1999,3998,Delivered,PayPal
ORD10423,CUST4190,03-02-2025,Chennai,PROD101,1,6499,6499,Returned,Cash on Delivery
ORD10424,CUST1269,25-10-2023,Delhi,PROD192,1,4999,4999,Cancelled,Cash on Delivery
ORD10425,CUST5196,30-06-2025,Bangalore,PROD148,1,6499,6499,Shipped,Credit Card
ORD10426,CUST1916,23-03-2023,Chennai,PROD146,1,34999,34999,Returned,Cash on Delivery
ORD10427,CUST1165,11-03-2023,Bangalore,PROD124,3,699,2097,Pending,Cash on Delivery
ORD10428,CUST2736,22-11-2023,Hyderabad,PROD148,1,6499,6499,Pending,PayPal
ORD10429,CUST4788,27-09-2024,Nagpur,PROD203,3,1999,5997,Cancelled,Credit Card
ORD10430,CUST1565,13-02-2025,Gurgaon,PROD145,1,62990,62990,Shipped,Cash on Delivery
ORD10431,CUST3504,25-12-2024,Delhi,PROD119,2,1799,3598,Returned,PayPal
ORD10432,CUST4103,05-01-2024,Kochi,PROD187,1,4999,4999,Shipped,Credit Card
ORD10433,CUST3947,24-09-2024,Lucknow,PROD189,2,899,1798,Cancelled,Cash on Delivery
ORD10434,CUST2879,23-12-2023,Bhubaneswar,PROD190,1,2499,2499,Shipped,PayPal
ORD10435,CUST3497,24-05-2023,Pune,PROD147,1,29990,29990,Shipped,PayPal
ORD10436,CUST3406,10-12-2024,Patna,PROD214,3,499,1497,Cancelled,Cash on Delivery
ORD10437,CUST3436,23-11-2023,Ahmedabad,PROD124,3,699,2097,Cancelled,Credit Card
ORD10438,CUST5032,08-09-2024,Lucknow,PROD115,1,2499,2499,Returned,PayPal
ORD10439,CUST4801,27-02-2024,Mumbai,PROD117,1,2299,2299,Shipped,Cash on Delivery
ORD10440,CUST1420,07-09-2023,Bangalore,PROD167,1,3499,3499,Pending,PayPal
ORD10441,CUST4242,01-04-2025,Hyderabad,PROD197,1,5999,5999,Delivered,PayPal
ORD10442,CUST4988,20-03-2025,Visakhapatnam,PROD175,2,1499,2998,Cancelled,Credit Card
ORD10443,CUST1808,20-06-2023,Kolkata,PROD135,3,350,1050,Returned,Credit Card
ORD10444,CUST1787,19-07-2025,Patna,PROD163,1,4999,4999,Delivered,Credit Card
ORD10445,CUST4006,22-04-2025,Pune,PROD181,2,1299,2598,Shipped,PayPal
ORD10446,CUST5131,12-04-2023,Chennai,PROD158,1,8995,8995,Pending,PayPal
ORD10447,CUST1984,11-03-2024,Patna,PROD139,2,499,998,Delivered,Credit Card
ORD10448,CUST4200,02-04-2025,Bangalore,PROD104,1,4499,4499,Shipped,PayPal
ORD10449,CUST2765,20-12-2023,Hyderabad,PROD168,2,1299,2598,Returned,Credit Card
ORD10450,CUST1892,22-12-2022,Kolkata,PROD139,2,499,998,Returned,PayPal
ORD10451,CUST2281,12-09-2022,Bangalore,PROD171,1,6999,6999,Cancelled,Cash on Delivery
ORD10452,CUST2693,27-04-2024,Bangalore,PROD148,1,6499,6499,Pending,Credit Card
ORD10453,CUST4877,09-04-2024,Pune,PROD104,1,4499,4499,Returned,Cash on Delivery
ORD10454,CUST2554,23-06-2024,Bhubaneswar,PROD216,1,2299,2299,Cancelled,PayPal
ORD10455,CUST1275,18-07-2025,Kolkata,PROD123,3,449,1347,Returned,Credit Card
ORD10456,CUST3557,16-01-2025,Mumbai,PROD187,1,4999,4999,Pending,Cash on Delivery
ORD10457,CUST4097,30-04-2023,Mumbai,PROD173,2,1299,2598,Pending,PayPal
ORD10458,CUST3978,23-12-2024,Indore,PROD159,1,4499,4499,Returned,Credit Card
ORD10459,CUST3819,24-03-2024,Bangalore,PROD194,3,999,2997,Cancelled,PayPal
ORD10460,CUST2365,17-06-2024,Chennai,PROD203,2,1999,3998,Shipped,PayPal
ORD10461,CUST1392,06-01-2023,Indore,PROD211,2,1799,3598,Delivered,PayPal
ORD10462,CUST4680,21-12-2023,Chandigarh,PROD118,1,2999,2999,Cancelled,PayPal
ORD10463,CUST1063,25-05-2025,Delhi,PROD127,3,899,2697,Cancelled,Cash on Delivery
ORD10464,CUST2394,09-10-2022,Bangalore,PROD131,3,499,1497,Delivered,PayPal
ORD10465,CUST3068,18-08-2025,Bangalore,PROD141,1,64999,64999,Pending,Cash on Delivery
ORD10466,CUST3694,20-12-2022,Visakhapatnam,PROD192,1,4999,4999,Pending,Cash on Delivery
ORD10467,CUST2867,24-09-2022,Mumbai,PROD122,2,399,798,Pending,Credit Card
ORD10468,CUST1640,10-03-2025,Nagpur,PROD106,1,5999,5999,Pending,Cash on Delivery
ORD10469,CUST2606,26-11-2023,Delhi,PROD108,3,1499,4497,Shipped,PayPal
ORD10470,CUST5321,26-09-2024,Mumbai,PROD178,3,1299,3897,Shipped,PayPal
ORD10471,CUST2710,04-11-2024,Delhi,PROD171,1,6999,6999,Shipped,PayPal
ORD10472,CUST4114,07-10-2024,Chandigarh,PROD190,1,2499,2499,Delivered,Credit Card
ORD10473,CUST3450,02-05-2024,Pune,PROD170,1,2499,2499,Shipped,PayPal
ORD10474,CUST1161,10-08-2025,Noida,PROD199,3,1299,3897,Shipped,Credit Card
ORD10475,CUST1632,17-04-2023,Bangalore,PROD212,1,5499,5499,Cancelled,Cash on Delivery
ORD10476,CUST1864,07-12-2022,Visakhapatnam,PROD141,1,64999,64999,Shipped,Credit Card
ORD10477,CUST2789,18-05-2023,Ahmedabad,PROD140,1,69999,69999,Pending,PayPal
ORD10478,CUST4193,27-07-2024,Chennai,PROD156,1,29990,29990,Pending,Cash on Delivery
ORD10479,CUST5285,25-11-2024,Bhubaneswar,PROD130,2,599,1198,Pending,Cash on Delivery
ORD10480,CUST4619,29-07-2025,Lucknow,PROD211,2,1799,3598,Pending,Credit Card
ORD10481,CUST4452,21-04-2024,Chennai,PROD188,3,499,1497,Shipped,Credit Card
ORD10482,CUST1693,07-05-2024,Pune,PROD131,2,499,998,Delivered,Credit Card
ORD10483,CUST3109,22-01-2023,Surat,PROD148,1,6499,6499,Returned,Cash on Delivery
ORD10484,CUST3480,18-10-2023,Noida,PROD104,1,4499,4499,Returned,PayPal
ORD10485,CUST1685,12-11-2024,Surat,PROD208,3,899,2697,Returned,PayPal
ORD10486,CUST3788,04-12-2024,Chennai,PROD126,3,299,897,Cancelled,Credit Card
ORD10487,CUST2409,30-07-2025,Visakhapatnam,PROD188,3,499,1497,Returned,PayPal
ORD10488,CUST1879,02-03-2025,Jaipur,PROD206,2,699,1398,Delivered,Cash on Delivery
ORD10489,CUST4798,25-07-2024,Bhubaneswar,PROD178,2,1299,2598,Pending,Credit Card
ORD10490,CUST4051,21-12-2024,Bangalore,PROD205,2,399,798,Delivered,Cash on Delivery
ORD10491,CUST4128,03-02-2023,Chennai,PROD142,1,59999,59999,Returned,Credit Card
ORD10492,CUST1645,21-03-2024,Chandigarh,PROD101,1,6499,6499,Delivered,Cash on Delivery
ORD10493,CUST4359,09-10-2024,Kolkata,PROD219,3,799,2397,Delivered,PayPal
ORD10494,CUST3194,26-10-2024,Bangalore,PROD128,2,799,1598,Cancelled,PayPal
ORD10495,CUST2119,03-04-2023,Chandigarh,PROD214,3,499,1497,Pending,Cash on Delivery
ORD10496,CUST4491,21-02-2025,Kolkata,PROD103,1,2999,2999,Cancelled,Credit Card
ORD10497,CUST5131,27-07-2025,Surat,PROD182,3,1899,5697,Pending,PayPal
ORD10498,CUST1389,10-07-2024,Ahmedabad,PROD202,2,1499,2998,Cancelled,Credit Card
ORD10499,CUST4921,09-05-2023,Mumbai,PROD190,1,2499,2499,Cancelled,Credit Card
ORD10500,CUST4541,10-01-2025,Bhubaneswar,PROD168,3,1299,3897,Cancelled,Cash on Delivery
ORD10501,CUST2591,08-02-2023,Mumbai,PROD171,1,6999,6999,Delivered,PayPal
ORD10502,CUST3920,06-01-2025,Gurgaon,PROD110,1,2999,2999,Cancelled,PayPal
ORD10503,CUST1660,12-02-2025,Indore,PROD194,2,999,1998,Shipped,Credit Card
ORD10504,CUST4522,15-07-2024,Patna,PROD186,1,3499,3499,Shipped,Credit Card
ORD10505,CUST2254,28-03-2025,Bangalore,PROD217,2,999,1998,Delivered,PayPal
ORD10506,CUST4490,22-09-2024,Surat,PROD135,2,350,700,Pending,Cash on Delivery
ORD10507,CUST5019,09-04-2023,Pune,PROD206,2,699,1398,Returned,Credit Card
ORD10508,CUST4064,13-06-2024,Pune,PROD214,3,499,1497,Pending,PayPal
ORD10509,CUST2785,20-11-2022,Lucknow,PROD192,1,4999,4999,Cancelled,Cash on Delivery
ORD10510,CUST5131,22-10-2022,Bangalore,PROD156,1,29990,29990,Returned,PayPal
ORD10511,CUST4328,12-05-2025,Pune,PROD211,2,1799,3598,Returned,Credit Card
ORD10512,CUST5099,27-05-2024,Bangalore,PROD218,2,299,598,Shipped,PayPal
ORD10513,CUST3975,21-04-2023,Chennai,PROD164,2,1199,2398,Returned,Credit Card
ORD10514,CUST2053,11-06-2023,Bangalore,PROD173,3,1299,3897,Delivered,Cash on Delivery
ORD10515,CUST3870,26-05-2024,Surat,PROD157,1,14999,14999,Pending,Cash on Delivery
ORD10516,CUST1129,21-09-2022,Surat,PROD134,2,450,900,Pending,PayPal
ORD10517,CUST1748,28-12-2023,Mumbai,PROD212,1,5499,5499,Pending,Credit Card
ORD10518,CUST2438,22-07-2024,Bangalore,PROD155,1,34999,34999,Shipped,Credit Card
ORD10519,CUST2371,28-10-2023,Ahmedabad,PROD219,2,799,1598,Returned,Cash on Delivery
ORD10520,CUST1003,30-12-2024,Hyderabad,PROD129,3,349,1047,Pending,Credit Card
ORD10521,CUST2007,04-07-2024,Chennai,PROD139,2,499,998,Shipped,Credit Card
ORD10522,CUST3520,14-05-2024,Hyderabad,PROD203,2,1999,3998,Delivered,Cash on Delivery
ORD10523,CUST2099,22-08-2024,Mumbai,PROD171,1,6999,6999,Delivered,Credit Card
ORD10524,CUST3774,23-01-2024,Delhi,PROD130,3,599,1797,Returned,PayPal
ORD10525,CUST1245,27-05-2025,Hyderabad,PROD159,1,4499,4499,Pending,Cash on Delivery
ORD10526,CUST3360,30-09-2023,Chennai,PROD179,3,1799,5397,Pending,Cash on Delivery
ORD10527,CUST1401,03-12-2022,Chennai,PROD112,3,1699,5097,Delivered,Credit Card
ORD10528,CUST2463,17-02-2025,Pune,PROD133,2,299,598,Shipped,PayPal
ORD10529,CUST3872,31-01-2024,Bhubaneswar,PROD181,3,1299,3897,Cancelled,Credit Card
ORD10530,CUST5212,03-10-2022,Hyderabad,PROD114,2,1999,3998,Delivered,Cash on Delivery
ORD10531,CUST3570,26-12-2022,Chennai,PROD104,1,4499,4499,Pending,Credit Card
ORD10532,CUST1177,13-07-2023,Delhi,PROD201,2,799,1598,Delivered,Credit Card
ORD10533,CUST3358,13-07-2024,Pune,PROD181,2,1299,2598,Pending,Cash on Delivery
ORD10534,CUST3545,02-06-2023,Gurgaon,PROD139,2,499,998,Delivered,Cash on Delivery
ORD10535,CUST5192,25-02-2025,Lucknow,PROD137,3,599,1797,Pending,PayPal
ORD10536,CUST1603,20-03-2025,Visakhapatnam,PROD181,3,1299,3897,Cancelled,Cash on Delivery
ORD10537,CUST1597,09-08-2024,Ahmedabad,PROD119,3,1799,5397,Shipped,Cash on Delivery
ORD10538,CUST5131,06-07-2023,Lucknow,PROD184,1,2999,2999,Returned,Cash on Delivery
ORD10539,CUST2449,05-09-2023,Chennai,PROD103,1,2999,2999,Shipped,Credit Card
ORD10540,CUST4238,04-10-2022,Kolkata,PROD134,3,450,1350,Pending,Cash on Delivery
ORD10541,CUST5064,11-11-2022,Kolkata,PROD142,1,59999,59999,Returned,Cash on Delivery
ORD10542,CUST3668,19-11-2024,Mumbai,PROD213,3,1999,5997,Pending,Credit Card
ORD10543,CUST3239,18-08-2024,Noida,PROD150,1,42999,42999,Cancelled,Cash on Delivery
ORD10544,CUST3345,14-12-2023,Hyderabad,PROD152,1,39999,39999,Pending,Credit Card
ORD10545,CUST4666,04-02-2024,Ahmedabad,PROD186,1,3499,3499,Delivered,Cash on Delivery
ORD10546,CUST4242,29-12-2022,Pune,PROD108,3,1499,4497,Returned,Credit Card
ORD10547,CUST1547,25-10-2023,Mumbai,PROD158,1,8995,8995,Delivered,Cash on Delivery
ORD10548,CUST3194,08-07-2025,Nagpur,PROD142,1,59999,59999,Returned,Cash on Delivery
ORD10549,CUST5246,28-09-2024,Pune,PROD111,3,1899,5697,Cancelled,Cash on Delivery
ORD10550,CUST4334,03-10-2022,Jaipur,PROD158,1,8995,8995,Pending,Cash on Delivery
ORD10551,CUST1182,09-05-2025,Bangalore,PROD114,3,1999,5997,Pending,Credit Card
ORD10552,CUST1402,25-08-2023,Chennai,PROD170,1,2499,2499,Cancelled,Credit Card
ORD10553,CUST3009,30-10-2022,Kolkata,PROD162,1,3299,3299,Shipped,Cash on Delivery
ORD10554,CUST2574,13-03-2025,Lucknow,PROD106,1,5999,5999,Delivered,Cash on Delivery
ORD10555,CUST2412,23-11-2022,Chennai,PROD147,1,29990,29990,Pending,PayPal
ORD10556,CUST4571,28-07-2024,Hyderabad,PROD172,1,3999,3999,Pending,Cash on Delivery
ORD10557,CUST2243,25-02-2024,Delhi,PROD126,3,299,897,Returned,PayPal
ORD10558,CUST3956,01-06-2024,Kochi,PROD160,1,5999,5999,Pending,Cash on Delivery
ORD10559,CUST4861,07-04-2023,Jaipur,PROD113,3,1499,4497,Cancelled,Credit Card
ORD10560,CUST2828,14-06-2023,Mumbai,PROD204,1,2299,2299,Delivered,Credit Card
ORD10561,CUST2434,07-06-2024,Bangalore,PROD195,1,4499,4499,Returned,Credit Card
ORD10562,CUST5131,06-05-2023,Pune,PROD138,2,799,1598,Returned,PayPal
ORD10563,CUST2397,27-06-2024,Bhubaneswar,PROD215,2,1799,3598,Shipped,PayPal
ORD10564,CUST2769,07-10-2022,Kolkata,PROD103,1,2999,2999,Returned,Cash on Delivery
ORD10565,CUST5293,04-04-2023,Kochi,PROD146,1,34999,34999,Delivered,Cash on Delivery
ORD10566,CUST4153,10-10-2023,Kolkata,PROD194,2,999,1998,Pending,Credit Card
ORD10567,CUST2669,15-01-2023,Patna,PROD183,3,999,2997,Shipped,Cash on Delivery
ORD10568,CUST2568,22-06-2025,Hyderabad,PROD209,2,1799,3598,Returned,PayPal
ORD10569,CUST2120,08-12-2023,Chennai,PROD180,1,2499,2499,Pending,PayPal
ORD10570,CUST1864,03-09-2023,Delhi,PROD199,3,1299,3897,Returned,Cash on Delivery
ORD10571,CUST4860,17-10-2023,Ahmedabad,PROD143,1,89999,89999,Delivered,Credit Card
ORD10572,CUST2719,21-09-2022,Visakhapatnam,PROD103,1,2999,2999,Delivered,Cash on Delivery
ORD10573,CUST1296,11-12-2024,Delhi,PROD110,1,2999,2999,Returned,PayPal
ORD10574,CUST1385,14-04-2024,Mumbai,PROD180,1,2499,2499,Delivered,Cash on Delivery
ORD10575,CUST3661,07-10-2024,Pune,PROD208,2,899,1798,Returned,Cash on Delivery
ORD10576,CUST1639,08-12-2023,Delhi,PROD217,3,999,2997,Returned,Credit Card
ORD10577,CUST2398,31-01-2023,Bangalore,PROD146,1,34999,34999,Cancelled,Credit Card
ORD10578,CUST1083,05-02-2023,Chandigarh,PROD121,3,499,1497,Delivered,PayPal
ORD10579,CUST2643,05-07-2025,Chennai,PROD164,2,1199,2398,Pending,Cash on Delivery
ORD10580,CUST4684,27-05-2025,Bangalore,PROD196,2,899,1798,Shipped,PayPal
ORD10581,CUST1058,11-01-2024,Delhi,PROD144,1,58499,58499,Pending,Cash on Delivery
ORD10582,CUST4703,03-01-2024,Mumbai,PROD102,2,1799,3598,Pending,Credit Card
ORD10583,CUST3886,31-12-2023,Chennai,PROD116,1,3499,3499,Shipped,Cash on Delivery
ORD10584,CUST4649,06-10-2023,Visakhapatnam,PROD130,2,599,1198,Shipped,PayPal
ORD10585,CUST1934,13-11-2022,Mumbai,PROD144,1,58499,58499,Returned,Credit Card
ORD10586,CUST4238,01-06-2024,Pune,PROD138,3,799,2397,Cancelled,PayPal
ORD10587,CUST2440,27-02-2025,Kolkata,PROD103,1,2999,2999,Delivered,Cash on Delivery
ORD10588,CUST1804,05-05-2024,Bangalore,PROD101,1,6499,6499,Shipped,Cash on Delivery
ORD10589,CUST1933,17-02-2024,Chennai,PROD180,1,2499,2499,Returned,Cash on Delivery
ORD10590,CUST2416,27-12-2022,Kolkata,PROD185,2,1499,2998,Returned,PayPal
ORD10591,CUST1428,27-10-2024,Mumbai,PROD112,3,1699,5097,Pending,Cash on Delivery
ORD10592,CUST2816,03-08-2024,Hyderabad,PROD146,1,34999,34999,Delivered,Cash on Delivery
ORD10593,CUST4450,15-10-2024,Mumbai,PROD116,1,3499,3499,Pending,Cash on Delivery
ORD10594,CUST5131,15-06-2024,Chennai,PROD120,2,599,1198,Returned,Cash on Delivery
ORD10595,CUST1171,22-11-2023,Kolkata,PROD128,2,799,1598,Delivered,Cash on Delivery
ORD10596,CUST3516,05-02-2025,Kolkata,PROD178,2,1299,2598,Returned,PayPal
ORD10597,CUST3485,15-09-2024,Delhi,PROD172,1,3999,3999,Shipped,Cash on Delivery
ORD10598,CUST3966,24-07-2023,Bangalore,PROD132,3,399,1197,Returned,Credit Card
ORD10599,CUST4539,12-08-2023,Gurgaon,PROD147,1,29990,29990,Delivered,Credit Card
ORD10600,CUST2062,31-01-2023,Jaipur,PROD171,1,6999,6999,Returned,Cash on Delivery
ORD10601,CUST4097,29-02-2024,Mumbai,PROD172,1,3999,3999,Returned,Credit Card
ORD10602,CUST2581,07-04-2025,Gurgaon,PROD123,2,449,898,Cancelled,Cash on Delivery
ORD10603,CUST3623,29-10-2024,Kolkata,PROD210,1,2499,2499,Pending,PayPal
ORD10604,CUST3954,21-04-2024,Hyderabad,PROD180,1,2499,2499,Cancelled,PayPal
ORD10605,CUST2075,05-11-2022,Kolkata,PROD217,3,999,2997,Cancelled,Cash on Delivery
ORD10606,CUST3963,08-11-2024,Visakhapatnam,PROD201,2,799,1598,Returned,Cash on Delivery
ORD10607,CUST4122,01-04-2023,Chennai,PROD173,3,1299,3897,Returned,Credit Card
ORD10608,CUST1163,03-06-2025,Kolkata,PROD196,3,899,2697,Returned,PayPal
ORD10609,CUST4820,20-02-2025,Bangalore,PROD209,3,1799,5397,Returned,PayPal
ORD10610,CUST4962,15-02-2024,Pune,PROD209,2,1799,3598,Shipped,Cash on Delivery
ORD10611,CUST1318,14-11-2024,Chennai,PROD181,2,1299,2598,Returned,Cash on Delivery
ORD10612,CUST3637,25-10-2024,Delhi,PROD199,2,1299,2598,Shipped,Credit Card
ORD10613,CUST5086,02-02-2024,Chennai,PROD172,1,3999,3999,Returned,PayPal
ORD10614,CUST4743,09-04-2023,Ahmedabad,PROD208,3,899,2697,Delivered,PayPal
ORD10615,CUST3726,10-04-2024,Hyderabad,PROD129,3,349,1047,Pending,PayPal
ORD10616,CUST3256,03-12-2023,Kolkata,PROD199,3,1299,3897,Shipped,Cash on Delivery
ORD10617,CUST4980,02-04-2024,Hyderabad,PROD103,1,2999,2999,Cancelled,PayPal
ORD10618,CUST3082,27-09-2024,Kolkata,PROD157,1,14999,14999,Shipped,Credit Card
ORD10619,CUST2269,20-02-2023,Bangalore,PROD133,2,299,598,Delivered,Credit Card
ORD10620,CUST3798,18-04-2023,Kochi,PROD136,3,499,1497,Cancelled,Cash on Delivery
ORD10621,CUST4134,22-07-2025,Mumbai,PROD190,1,2499,2499,Pending,PayPal
ORD10622,CUST1107,22-03-2023,Bangalore,PROD217,3,999,2997,Cancelled,PayPal
ORD10623,CUST3558,06-05-2023,Chennai,PROD116,1,3499,3499,Pending,PayPal
ORD10624,CUST1966,13-09-2023,Hyderabad,PROD111,2,1899,3798,Shipped,PayPal
ORD10625,CUST5101,30-01-2025,Chandigarh,PROD213,3,1999,5997,Shipped,PayPal
ORD10626,CUST5093,19-07-2025,Mumbai,PROD183,2,999,1998,Returned,Credit Card
ORD10627,CUST1180,13-01-2024,Patna,PROD213,3,1999,5997,Shipped,Credit Card
ORD10628,CUST2964,06-06-2023,Jaipur,PROD157,1,14999,14999,Pending,Cash on Delivery
ORD10629,CUST3319,02-11-2024,Delhi,PROD113,3,1499,4497,Cancelled,Credit Card
ORD10630,CUST4078,05-03-2024,Kolkata,PROD213,3,1999,5997,Cancelled,Credit Card
ORD10631,CUST2211,27-09-2024,Bhubaneswar,PROD102,3,1799,5397,Shipped,Credit Card
ORD10632,CUST4088,19-07-2023,Mumbai,PROD186,1,3499,3499,Cancelled,Cash on Delivery
ORD10633,CUST1788,10-03-2023,Pune,PROD211,3,1799,5397,Pending,Credit Card
ORD10634,CUST2288,08-09-2022,Bangalore,PROD196,2,899,1798,Delivered,Credit Card
ORD10635,CUST5131,24-03-2024,Jaipur,PROD199,2,1299,2598,Shipped,Credit Card
ORD10636,CUST1299,14-03-2023,Bangalore,PROD113,2,1499,2998,Shipped,PayPal
ORD10637,CUST3591,22-09-2024,Mumbai,PROD109,1,2399,2399,Cancelled,Cash on Delivery
ORD10638,CUST3709,18-07-2025,Delhi,PROD126,2,299,598,Shipped,Credit Card
ORD10639,CUST1018,16-03-2024,Indore,PROD109,1,2399,2399,Delivered,Credit Card
ORD10640,CUST2120,30-04-2024,Chennai,PROD138,2,799,1598,Cancelled,Cash on Delivery
ORD10641,CUST1875,19-07-2025,Chennai,PROD213,2,1999,3998,Delivered,Credit Card
ORD10642,CUST5024,01-05-2025,Gurgaon,PROD175,2,1499,2998,Cancelled,PayPal
ORD10643,CUST4047,16-10-2022,Visakhapatnam,PROD124,3,699,2097,Returned,Credit Card
ORD10644,CUST3120,21-12-2023,Hyderabad,PROD100,1,2799,2799,Shipped,Credit Card
ORD10645,CUST1545,14-04-2023,Patna,PROD123,2,449,898,Cancelled,Cash on Delivery
ORD10646,CUST2073,16-02-2023,Bangalore,PROD205,3,399,1197,Cancelled,Cash on Delivery
ORD10647,CUST2802,19-05-2024,Delhi,PROD188,3,499,1497,Returned,Credit Card
ORD10648,CUST1127,18-12-2022,Delhi,PROD219,3,799,2397,Shipped,PayPal
ORD10649,CUST4635,08-02-2025,Indore,PROD178,3,1299,3897,Returned,Cash on Delivery
ORD10650,CUST1649,30-08-2022,Bangalore,PROD199,2,1299,2598,Returned,Credit Card
ORD10651,CUST5077,17-02-2024,Hyderabad,PROD118,1,2999,2999,Pending,Credit Card
ORD10652,CUST2273,26-01-2025,Lucknow,PROD193,3,1499,4497,Pending,Cash on Delivery
ORD10653,CUST4404,07-01-2024,Nagpur,PROD195,1,4499,4499,Shipped,Cash on Delivery
ORD10654,CUST4907,25-07-2023,Indore,PROD214,3,499,1497,Delivered,Credit Card
ORD10655,CUST4383,03-07-2024,Kolkata,PROD123,3,449,1347,Delivered,Credit Card
ORD10656,CUST3558,12-04-2025,Nagpur,PROD167,1,3499,3499,Delivered,Cash on Delivery
ORD10657,CUST2037,14-11-2024,Delhi,PROD203,2,1999,3998,Shipped,PayPal
ORD10658,CUST3998,09-08-2024,Gurgaon,PROD187,1,4999,4999,Delivered,PayPal
ORD10659,CUST4550,22-12-2022,Chennai,PROD136,2,499,998,Delivered,PayPal
ORD10660,CUST3722,05-06-2023,Bangalore,PROD112,3,1699,5097,Shipped,PayPal
ORD10661,CUST1231,06-01-2025,Lucknow,PROD169,2,1899,3798,Shipped,Cash on Delivery
ORD10662,CUST1211,29-11-2024,Pune,PROD218,3,299,897,Pending,PayPal
ORD10663,CUST1534,28-11-2022,Pune,PROD186,1,3499,3499,Shipped,Cash on Delivery
ORD10664,CUST2083,18-11-2023,Pune,PROD217,2,999,1998,Shipped,Credit Card
ORD10665,CUST4769,25-10-2024,Mumbai,PROD125,3,549,1647,Delivered,PayPal
ORD10666,CUST1240,31-01-2023,Kochi,PROD193,2,1499,2998,Shipped,Credit Card
ORD10667,CUST1502,05-06-2024,Kolkata,PROD113,3,1499,4497,Returned,PayPal
ORD10668,CUST2767,25-11-2023,Bangalore,PROD113,3,1499,4497,Shipped,Credit Card
ORD10669,CUST1700,10-12-2023,Kolkata,PROD210,1,2499,2499,Cancelled,Cash on Delivery
ORD10670,CUST1324,06-01-2023,Bangalore,PROD174,3,899,2697,Cancelled,Credit Card
ORD10671,CUST4326,12-02-2025,Kochi,PROD201,2,799,1598,Delivered,Credit Card
ORD10672,CUST1057,11-11-2022,Lucknow,PROD121,2,499,998,Cancelled,Cash on Delivery
ORD10673,CUST5131,02-11-2023,Hyderabad,PROD146,1,34999,34999,Pending,Cash on Delivery
ORD10674,CUST3731,29-03-2023,Delhi,PROD120,2,599,1198,Pending,Credit Card
ORD10675,CUST1450,27-02-2025,Chandigarh,PROD115,1,2499,2499,Shipped,Cash on Delivery
ORD10676,CUST3432,23-06-2023,Bangalore,PROD185,2,1499,2998,Shipped,PayPal
ORD10677,CUST2036,21-02-2025,Mumbai,PROD219,3,799,2397,Cancelled,Credit Card
ORD10678,CUST1905,23-06-2023,Pune,PROD191,2,1999,3998,Pending,Cash on Delivery
ORD10679,CUST3662,31-05-2025,Chennai,PROD151,1,49999,49999,Shipped,PayPal
ORD10680,CUST1308,07-04-2024,Pune,PROD121,2,499,998,Delivered,Credit Card
ORD10681,CUST5191,31-05-2024,Delhi,PROD146,1,34999,34999,Delivered,PayPal
ORD10682,CUST3986,13-06-2025,Chandigarh,PROD126,3,299,897,Delivered,PayPal
ORD10683,CUST1423,16-03-2025,Noida,PROD161,3,1499,4497,Shipped,PayPal
ORD10684,CUST3887,15-12-2023,Mumbai,PROD159,1,4499,4499,Delivered,PayPal
ORD10685,CUST5143,26-05-2023,Mumbai,PROD183,2,999,1998,Cancelled,Cash on Delivery
ORD10686,CUST2855,13-11-2022,Chennai,PROD150,1,42999,42999,Cancelled,Cash on Delivery
ORD10687,CUST1302,13-07-2025,Ahmedabad,PROD219,3,799,2397,Returned,Cash on Delivery
ORD10688,CUST4494,21-11-2022,Noida,PROD146,1,34999,34999,Pending,Cash on Delivery
ORD10689,CUST3754,17-12-2023,Nagpur,PROD125,2,549,1098,Cancelled,Cash on Delivery
ORD10690,CUST3794,02-04-2025,Ahmedabad,PROD202,2,1499,2998,Pending,PayPal
ORD10691,CUST4053,16-05-2024,Delhi,PROD212,1,5499,5499,Delivered,Cash on Delivery
ORD10692,CUST1279,18-04-2025,Hyderabad,PROD158,1,8995,8995,Returned,Cash on Delivery
ORD10693,CUST1269,15-10-2023,Chennai,PROD216,1,2299,2299,Shipped,Cash on Delivery
ORD10694,CUST3615,26-05-2025,Bangalore,PROD116,1,3499,3499,Shipped,PayPal
ORD10695,CUST3592,27-09-2022,Jaipur,PROD128,3,799,2397,Shipped,Credit Card
ORD10696,CUST2726,22-11-2022,Nagpur,PROD169,3,1899,5697,Shipped,Credit Card
ORD10697,CUST2422,16-04-2024,Mumbai,PROD108,3,1499,4497,Returned,Cash on Delivery
ORD10698,CUST4872,18-11-2024,Mumbai,PROD168,3,1299,3897,Returned,Credit Card
ORD10699,CUST3839,23-10-2023,Surat,PROD116,1,3499,3499,Cancelled,Cash on Delivery
ORD10700,CUST2625,21-04-2025,Chennai,PROD142,1,59999,59999,Delivered,Credit Card
ORD10701,CUST1770,16-02-2025,Kolkata,PROD128,3,799,2397,Returned,Cash on Delivery
ORD10702,CUST1382,27-12-2024,Jaipur,PROD110,1,2999,2999,Pending,Cash on Delivery
ORD10703,CUST4052,29-06-2025,Kochi,PROD154,1,71990,71990,Pending,PayPal
ORD10704,CUST1684,17-06-2025,Chennai,PROD202,3,1499,4497,Returned,PayPal
ORD10705,CUST3504,23-07-2023,Patna,PROD162,1,3299,3299,Cancelled,Cash on Delivery
ORD10706,CUST1139,01-04-2025,Chennai,PROD136,3,499,1497,Shipped,Credit Card
ORD10707,CUST5184,26-04-2025,Kochi,PROD172,1,3999,3999,Pending,Cash on Delivery
ORD10708,CUST1215,08-11-2024,Kolkata,PROD104,1,4499,4499,Delivered,Credit Card
ORD10709,CUST3307,20-03-2024,Delhi,PROD145,1,62990,62990,Delivered,Credit Card
ORD10710,CUST5224,26-12-2022,Kochi,PROD171,1,6999,6999,Pending,Credit Card
ORD10711,CUST1315,22-10-2022,Kochi,PROD122,3,399,1197,Cancelled,Cash on Delivery
ORD10712,CUST3282,10-06-2024,Hyderabad,PROD205,3,399,1197,Returned,Credit Card
ORD10713,CUST4497,07-11-2022,Surat,PROD157,1,14999,14999,Shipped,PayPal
ORD10714,CUST5060,17-05-2023,Bhubaneswar,PROD177,3,1599,4797,Cancelled,Credit Card
ORD10715,CUST1705,28-11-2024,Chennai,PROD135,3,350,1050,Returned,Cash on Delivery
ORD10716,CUST3771,12-12-2023,Bangalore,PROD122,3,399,1197,Returned,PayPal
ORD10717,CUST2502,08-12-2024,Ahmedabad,PROD137,2,599,1198,Delivered,Cash on Delivery
ORD10718,CUST2914,01-05-2023,Pune,PROD130,3,599,1797,Shipped,Cash on Delivery
ORD10719,CUST3664,13-10-2024,Chennai,PROD111,2,1899,3798,Pending,Credit Card
ORD10720,CUST4992,01-05-2023,Kolkata,PROD149,2,1499,2998,Shipped,Credit Card
ORD10721,CUST4172,24-10-2024,Nagpur,PROD215,2,1799,3598,Pending,PayPal
ORD10722,CUST2662,01-12-2024,Mumbai,PROD182,3,1899,5697,Returned,Cash on Delivery
ORD10723,CUST4377,24-05-2025,Ahmedabad,PROD181,2,1299,2598,Delivered,Credit Card
ORD10724,CUST5209,18-11-2024,Bangalore,PROD213,3,1999,5997,Returned,PayPal
ORD10725,CUST1906,23-11-2023,Noida,PROD213,2,1999,3998,Delivered,Credit Card
ORD10726,CUST4048,10-08-2025,Mumbai,PROD111,2,1899,3798,Returned,Cash on Delivery
ORD10727,CUST3877,21-03-2024,Hyderabad,PROD180,1,2499,2499,Delivered,PayPal
ORD10728,CUST2773,24-11-2022,Delhi,PROD150,1,42999,42999,Pending,PayPal
ORD10729,CUST3739,13-02-2023,Hyderabad,PROD154,1,71990,71990,Delivered,Credit Card
ORD10730,CUST2683,14-04-2025,Delhi,PROD121,2,499,998,Pending,Credit Card
ORD10731,CUST1716,13-07-2024,Delhi,PROD122,2,399,798,Cancelled,Cash on Delivery
ORD10732,CUST2840,03-01-2024,Noida,PROD181,2,1299,2598,Pending,Cash on Delivery
ORD10733,CUST4205,27-11-2022,Chandigarh,PROD142,1,59999,59999,Delivered,Credit Card
ORD10734,CUST1614,11-10-2024,Delhi,PROD111,2,1899,3798,Pending,Credit Card
ORD10735,CUST3985,04-04-2023,Pune,PROD166,1,9499,9499,Delivered,PayPal
ORD10736,CUST4095,23-03-2024,Bangalore,PROD206,2,699,1398,Delivered,Cash on Delivery
ORD10737,CUST5131,19-02-2024,Indore,PROD124,3,699,2097,Delivered,PayPal
ORD10738,CUST2384,15-01-2025,Bangalore,PROD148,1,6499,6499,Returned,Credit Card
ORD10739,CUST1707,24-12-2024,Chennai,PROD181,2,1299,2598,Shipped,Credit Card
ORD10740,CUST2021,30-09-2023,Noida,PROD113,3,1499,4497,Returned,Credit Card
ORD10741,CUST1392,06-08-2024,Delhi,PROD153,1,62990,62990,Delivered,Credit Card
ORD10742,CUST3477,12-02-2023,Chennai,PROD133,3,299,897,Shipped,Cash on Delivery
ORD10743,CUST4450,31-08-2023,Kolkata,PROD188,2,499,998,Cancelled,Cash on Delivery
ORD10744,CUST3054,08-10-2023,Pune,PROD133,2,299,598,Shipped,Cash on Delivery
ORD10745,CUST4172,09-11-2022,Delhi,PROD210,1,2499,2499,Cancelled,Credit Card
ORD10746,CUST1398,02-02-2025,Hyderabad,PROD152,1,39999,39999,Returned,Credit Card
ORD10747,CUST1605,27-04-2025,Indore,PROD121,2,499,998,Delivered,PayPal
ORD10748,CUST3673,19-02-2025,Bangalore,PROD216,1,2299,2299,Pending,Cash on Delivery
ORD10749,CUST1615,19-10-2022,Gurgaon,PROD214,3,499,1497,Delivered,Credit Card
ORD10750,CUST2478,05-06-2024,Chennai,PROD182,2,1899,3798,Pending,PayPal
ORD10751,CUST4332,01-12-2023,Kolkata,PROD193,3,1499,4497,Pending,Cash on Delivery
ORD10752,CUST3569,02-08-2023,Hyderabad,PROD148,1,6499,6499,Returned,Cash on Delivery
ORD10753,CUST5317,06-07-2023,Surat,PROD193,3,1499,4497,Delivered,Credit Card
ORD10754,CUST1869,09-07-2024,Kolkata,PROD156,1,29990,29990,Shipped,Credit Card
ORD10755,CUST4624,18-09-2022,Kolkata,PROD175,3,1499,4497,Pending,Cash on Delivery
ORD10756,CUST5014,18-06-2025,Pune,PROD215,2,1799,3598,Delivered,PayPal
ORD10757,CUST3894,23-04-2024,Chennai,PROD192,1,4999,4999,Shipped,Cash on Delivery
ORD10758,CUST1221,15-03-2024,Delhi,PROD111,3,1899,5697,Pending,Credit Card
ORD10759,CUST3689,14-06-2024,Mumbai,PROD212,1,5499,5499,Shipped,PayPal
ORD10760,CUST1220,14-03-2024,Lucknow,PROD169,2,1899,3798,Shipped,PayPal
ORD10761,CUST2878,29-05-2024,Hyderabad,PROD178,2,1299,2598,Shipped,Credit Card
ORD10762,CUST5226,29-09-2024,Kolkata,PROD127,3,899,2697,Shipped,PayPal
ORD10763,CUST2290,05-05-2024,Pune,PROD186,1,3499,3499,Pending,PayPal
ORD10764,CUST1901,14-04-2024,Nagpur,PROD204,1,2299,2299,Cancelled,PayPal
ORD10765,CUST2171,03-07-2024,Jaipur,PROD128,2,799,1598,Pending,Credit Card
ORD10766,CUST3479,06-11-2023,Kochi,PROD108,2,1499,2998,Pending,Cash on Delivery
ORD10767,CUST1344,14-10-2024,Hyderabad,PROD184,1,2999,2999,Delivered,Cash on Delivery
ORD10768,CUST4521,17-07-2025,Visakhapatnam,PROD156,1,29990,29990,Shipped,PayPal
ORD10769,CUST3970,04-05-2024,Bangalore,PROD125,2,549,1098,Shipped,Cash on Delivery
ORD10770,CUST4462,14-04-2025,Patna,PROD201,3,799,2397,Cancelled,Credit Card
ORD10771,CUST1536,08-07-2023,Chennai,PROD178,2,1299,2598,Cancelled,Credit Card
ORD10772,CUST1132,07-05-2025,Mumbai,PROD168,3,1299,3897,Returned,Cash on Delivery
ORD10773,CUST5131,29-10-2023,Chandigarh,PROD137,2,599,1198,Shipped,Credit Card
ORD10774,CUST1875,31-12-2023,Bangalore,PROD146,1,34999,34999,Returned,Cash on Delivery
ORD10775,CUST1189,27-02-2024,Chennai,PROD196,2,899,1798,Returned,Cash on Delivery
ORD10776,CUST1261,31-07-2025,Bhubaneswar,PROD197,1,5999,5999,Shipped,PayPal
ORD10777,CUST5209,10-03-2025,Kolkata,PROD171,1,6999,6999,Pending,Credit Card
ORD10778,CUST5037,22-08-2024,Hyderabad,PROD109,1,2399,2399,Delivered,PayPal
ORD10779,CUST3910,05-10-2022,Bhubaneswar,PROD213,2,1999,3998,Delivered,Cash on Delivery
ORD10780,CUST3735,24-09-2024,Kochi,PROD164,3,1199,3597,Returned,Credit Card
ORD10781,CUST3672,19-05-2024,Chennai,PROD202,3,1499,4497,Shipped,Credit Card
ORD10782,CUST4804,07-01-2023,Pune,PROD191,2,1999,3998,Delivered,Cash on Delivery
ORD10783,CUST3863,05-01-2023,Nagpur,PROD213,2,1999,3998,Delivered,Credit Card
ORD10784,CUST1195,03-02-2023,Hyderabad,PROD214,2,499,998,Delivered,Cash on Delivery
ORD10785,CUST1137,15-02-2024,Bangalore,PROD127,3,899,2697,Cancelled,Credit Card
ORD10786,CUST4737,22-06-2025,Hyderabad,PROD183,2,999,1998,Delivered,PayPal
ORD10787,CUST2501,30-10-2022,Visakhapatnam,PROD101,1,6499,6499,Cancelled,Credit Card
ORD10788,CUST1579,09-04-2025,Hyderabad,PROD152,1,39999,39999,Pending,Cash on Delivery
ORD10789,CUST4035,09-09-2023,Mumbai,PROD106,1,5999,5999,Delivered,Cash on Delivery
ORD10790,CUST1870,23-12-2023,Delhi,PROD187,1,4999,4999,Delivered,Cash on Delivery
ORD10791,CUST3240,03-11-2024,Chennai,PROD160,1,5999,5999,Returned,PayPal
ORD10792,CUST5009,09-04-2024,Ahmedabad,PROD129,3,349,1047,Shipped,PayPal
ORD10793,CUST1950,11-07-2025,Pune,PROD192,1,4999,4999,Cancelled,Cash on Delivery
ORD10794,CUST4800,23-08-2024,Mumbai,PROD130,3,599,1797,Shipped,Credit Card
ORD10795,CUST3984,30-11-2023,Mumbai,PROD166,1,9499,9499,Cancelled,PayPal
ORD10796,CUST1031,10-02-2023,Noida,PROD112,2,1699,3398,Shipped,Cash on Delivery
ORD10797,CUST4309,21-10-2023,Lucknow,PROD195,1,4499,4499,Cancelled,Credit Card
ORD10798,CUST2211,05-07-2024,Ahmedabad,PROD156,1,29990,29990,Delivered,PayPal
ORD10799,CUST2067,21-04-2023,Mumbai,PROD129,3,349,1047,Shipped,Credit Card
ORD10800,CUST3587,16-10-2024,Mumbai,PROD153,1,62990,62990,Delivered,Credit Card
ORD10801,CUST1139,11-11-2022,Bhubaneswar,PROD132,2,399,798,Shipped,PayPal
ORD10802,CUST4325,25-02-2024,Delhi,PROD129,2,349,698,Shipped,Cash on Delivery
ORD10803,CUST2217,17-03-2024,Bangalore,PROD216,1,2299,2299,Pending,Cash on Delivery
ORD10804,CUST1499,08-07-2023,Chandigarh,PROD167,1,3499,3499,Returned,PayPal
ORD10805,CUST5199,05-07-2023,Kolkata,PROD202,2,1499,2998,Cancelled,Credit Card
ORD10806,CUST3414,20-11-2022,Indore,PROD194,2,999,1998,Pending,PayPal
ORD10807,CUST3143,16-01-2023,Delhi,PROD202,2,1499,2998,Delivered,PayPal
ORD10808,CUST5156,15-11-2024,Bangalore,PROD126,3,299,897,Returned,PayPal
ORD10809,CUST4163,13-11-2024,Bhubaneswar,PROD133,2,299,598,Returned,Credit Card
ORD10810,CUST1623,14-03-2024,Hyderabad,PROD104,1,4499,4499,Pending,Cash on Delivery
ORD10811,CUST1645,11-08-2023,Chennai,PROD178,2,1299,2598,Returned,Cash on Delivery
ORD10812,CUST4859,08-01-2024,Hyderabad,PROD212,1,5499,5499,Returned,PayPal
ORD10813,CUST5194,20-05-2024,Pune,PROD203,2,1999,3998,Returned,Credit Card
ORD10814,CUST4373,11-09-2024,Bangalore,PROD131,2,499,998,Pending,Cash on Delivery
ORD10815,CUST1734,13-09-2022,Pune,PROD154,1,71990,71990,Returned,Cash on Delivery
ORD10816,CUST1606,12-01-2024,Mumbai,PROD208,3,899,2697,Pending,Credit Card
ORD10817,CUST2783,19-04-2024,Mumbai,PROD186,1,3499,3499,Pending,Credit Card
ORD10818,CUST4956,28-07-2024,Mumbai,PROD139,3,499,1497,Returned,Cash on Delivery
ORD10819,CUST5240,20-03-2025,Ahmedabad,PROD106,1,5999,5999,Shipped,PayPal
ORD10820,CUST3020,07-04-2023,Pune,PROD103,1,2999,2999,Returned,Cash on Delivery
ORD10821,CUST4458,25-03-2023,Bangalore,PROD188,3,499,1497,Delivered,Cash on Delivery
ORD10822,CUST2223,14-09-2023,Chennai,PROD144,1,58499,58499,Shipped,PayPal
ORD10823,CUST5275,23-02-2023,Delhi,PROD180,1,2499,2499,Returned,PayPal
ORD10824,CUST3078,11-08-2024,Surat,PROD115,1,2499,2499,Returned,PayPal
ORD10825,CUST2908,29-07-2024,Kolkata,PROD136,2,499,998,Shipped,Credit Card
ORD10826,CUST4499,06-01-2025,Kochi,PROD117,1,2299,2299,Returned,PayPal
ORD10827,CUST1483,29-10-2024,Mumbai,PROD182,3,1899,5697,Delivered,PayPal
ORD10828,CUST1056,28-09-2023,Kolkata,PROD109,1,2399,2399,Delivered,PayPal
ORD10829,CUST2234,28-08-2022,Kolkata,PROD134,3,450,1350,Delivered,Cash on Delivery
ORD10830,CUST1986,17-01-2025,Patna,PROD181,3,1299,3897,Pending,Credit Card
ORD10831,CUST1048,20-04-2025,Indore,PROD110,1,2999,2999,Pending,Credit Card
ORD10832,CUST2807,11-08-2023,Hyderabad,PROD194,2,999,1998,Cancelled,Credit Card
ORD10833,CUST1595,20-02-2025,Pune,PROD202,3,1499,4497,Pending,PayPal
ORD10834,CUST4368,05-04-2023,Pune,PROD173,2,1299,2598,Pending,Cash on Delivery
ORD10835,CUST4717,11-05-2024,Surat,PROD179,3,1799,5397,Shipped,PayPal
ORD10836,CUST3525,19-05-2024,Delhi,PROD209,2,1799,3598,Cancelled,PayPal
ORD10837,CUST3384,27-12-2022,Kolkata,PROD206,3,699,2097,Cancelled,PayPal
ORD10838,CUST1185,13-12-2024,Kolkata,PROD194,3,999,2997,Shipped,Cash on Delivery
ORD10839,CUST4706,27-06-2023,Mumbai,PROD118,1,2999,2999,Pending,Credit Card
ORD10840,CUST2805,28-12-2022,Bhubaneswar,PROD117,1,2299,2299,Delivered,Credit Card
ORD10841,CUST2545,09-12-2022,Kochi,PROD174,3,899,2697,Cancelled,Cash on Delivery
ORD10842,CUST3309,27-07-2023,Gurgaon,PROD169,2,1899,3798,Cancelled,Cash on Delivery
ORD10843,CUST2015,15-08-2023,Bhubaneswar,PROD213,2,1999,3998,Delivered,Credit Card
ORD10844,CUST4007,11-07-2025,Surat,PROD172,1,3999,3999,Pending,PayPal
ORD10845,CUST1033,04-01-2023,Bangalore,PROD167,1,3499,3499,Cancelled,PayPal
ORD10846,CUST4556,26-02-2023,Indore,PROD212,1,5499,5499,Returned,Credit Card
ORD10847,CUST1688,18-02-2024,Hyderabad,PROD178,2,1299,2598,Pending,Cash on Delivery
ORD10848,CUST4990,03-09-2022,Hyderabad,PROD155,1,34999,34999,Shipped,PayPal
ORD10849,CUST1867,01-11-2023,Lucknow,PROD145,1,62990,62990,Returned,PayPal
ORD10850,CUST2204,13-09-2024,Ahmedabad,PROD103,1,2999,2999,Cancelled,Credit Card
ORD10851,CUST4606,15-05-2023,Delhi,PROD189,3,899,2697,Shipped,Credit Card
ORD10852,CUST4121,13-11-2023,Bangalore,PROD146,1,34999,34999,Shipped,Cash on Delivery
ORD10853,CUST2387,22-06-2023,Hyderabad,PROD215,2,1799,3598,Shipped,Credit Card
ORD10854,CUST4143,02-09-2024,Bangalore,PROD145,1,62990,62990,Delivered,PayPal
ORD10855,CUST2802,31-03-2023,Pune,PROD216,1,2299,2299,Pending,PayPal
ORD10856,CUST2344,11-06-2024,Delhi,PROD140,1,69999,69999,Returned,PayPal
ORD10857,CUST2146,01-04-2025,Surat,PROD157,1,14999,14999,Cancelled,Cash on Delivery
ORD10858,CUST1151,03-08-2024,Bangalore,PROD183,2,999,1998,Pending,Cash on Delivery
ORD10859,CUST1806,20-11-2023,Kolkata,PROD155,1,34999,34999,Cancelled,Cash on Delivery
ORD10860,CUST1378,06-02-2025,Pune,PROD126,3,299,897,Returned,Cash on Delivery
ORD10861,CUST2738,21-11-2023,Pune,PROD130,2,599,1198,Cancelled,Cash on Delivery
ORD10862,CUST2305,01-02-2023,Mumbai,PROD217,2,999,1998,Delivered,PayPal
ORD10863,CUST3670,06-08-2023,Chandigarh,PROD188,2,499,998,Delivered,Cash on Delivery
ORD10864,CUST1380,10-07-2024,Bhubaneswar,PROD206,2,699,1398,Cancelled,Credit Card
ORD10865,CUST2931,03-08-2023,Bangalore,PROD201,3,799,2397,Delivered,Credit Card
ORD10866,CUST3309,13-02-2023,Patna,PROD155,1,34999,34999,Pending,Cash on Delivery
ORD10867,CUST2718,11-10-2022,Chandigarh,PROD146,1,34999,34999,Cancelled,Cash on Delivery
ORD10868,CUST1710,05-03-2024,Hyderabad,PROD214,3,499,1497,Delivered,PayPal
ORD10869,CUST3560,31-10-2023,Surat,PROD136,2,499,998,Shipped,Credit Card
ORD10870,CUST4429,17-05-2024,Bhubaneswar,PROD163,1,4999,4999,Pending,PayPal
ORD10871,CUST5052,17-02-2025,Surat,PROD147,1,29990,29990,Shipped,Cash on Delivery
ORD10872,CUST4884,08-08-2023,Mumbai,PROD176,1,3499,3499,Delivered,PayPal
ORD10873,CUST4589,05-09-2024,Delhi,PROD165,2,1799,3598,Returned,Cash on Delivery
ORD10874,CUST1506,18-03-2025,Lucknow,PROD116,1,3499,3499,Pending,Cash on Delivery
ORD10875,CUST4114,24-04-2025,Indore,PROD179,3,1799,5397,Cancelled,PayPal
ORD10876,CUST1735,30-05-2024,Kochi,PROD205,2,399,798,Shipped,Cash on Delivery
ORD10877,CUST1323,07-02-2024,Delhi,PROD162,1,3299,3299,Cancelled,Cash on Delivery
ORD10878,CUST2127,16-06-2024,Visakhapatnam,PROD137,2,599,1198,Shipped,PayPal
ORD10879,CUST2308,30-09-2024,Visakhapatnam,PROD120,3,599,1797,Pending,PayPal
ORD10880,CUST1357,04-06-2025,Chennai,PROD136,3,499,1497,Shipped,PayPal
ORD10881,CUST2798,18-10-2022,Bangalore,PROD161,3,1499,4497,Pending,Credit Card
ORD10882,CUST3754,13-09-2022,Chennai,PROD169,2,1899,3798,Pending,Cash on Delivery
ORD10883,CUST3442,15-03-2024,Pune,PROD199,2,1299,2598,Cancelled,Cash on Delivery
ORD10884,CUST2310,19-05-2024,Kolkata,PROD151,1,49999,49999,Cancelled,Credit Card
ORD10885,CUST2676,13-10-2024,Bangalore,PROD181,2,1299,2598,Shipped,Cash on Delivery
ORD10886,CUST2225,18-01-2024,Pune,PROD194,2,999,1998,Cancelled,Credit Card
ORD10887,CUST2277,16-10-2023,Mumbai,PROD155,1,34999,34999,Returned,Cash on Delivery
ORD10888,CUST2598,11-11-2022,Chennai,PROD209,2,1799,3598,Pending,PayPal
ORD10889,CUST2232,04-12-2022,Patna,PROD199,2,1299,2598,Shipped,Cash on Delivery
ORD10890,CUST3441,01-06-2025,Pune,PROD218,3,299,897,Returned,PayPal
ORD10891,CUST1599,20-07-2024,Bangalore,PROD173,3,1299,3897,Pending,Cash on Delivery
ORD10892,CUST4259,01-05-2025,Mumbai,PROD194,2,999,1998,Cancelled,Cash on Delivery
ORD10893,CUST2345,15-08-2025,Noida,PROD102,2,1799,3598,Returned,PayPal
ORD10894,CUST2139,12-10-2024,Ahmedabad,PROD204,1,2299,2299,Delivered,PayPal
ORD10895,CUST2610,20-02-2024,Gurgaon,PROD188,2,499,998,Pending,PayPal
ORD10896,CUST2223,03-12-2024,Mumbai,PROD160,1,5999,5999,Pending,Credit Card
ORD10897,CUST3008,18-01-2023,Kolkata,PROD197,1,5999,5999,Delivered,PayPal
ORD10898,CUST1061,25-04-2023,Mumbai,PROD212,1,5499,5499,Shipped,Cash on Delivery
ORD10899,CUST1376,25-04-2024,Indore,PROD125,2,549,1098,Cancelled,Credit Card
ORD10900,CUST1874,25-02-2025,Nagpur,PROD207,2,1299,2598,Delivered,PayPal
ORD10901,CUST4037,06-02-2023,Kolkata,PROD162,1,3299,3299,Cancelled,Cash on Delivery
ORD10902,CUST4760,07-01-2024,Pune,PROD147,1,29990,29990,Shipped,PayPal
ORD10903,CUST5316,30-06-2025,Gurgaon,PROD134,2,450,900,Pending,Credit Card
ORD10904,CUST3034,29-03-2023,Indore,PROD149,2,1499,2998,Pending,PayPal
ORD10905,CUST4058,27-04-2025,Hyderabad,PROD143,1,89999,89999,Pending,PayPal
ORD10906,CUST1758,16-12-2022,Pune,PROD180,1,2499,2499,Cancelled,Cash on Delivery
ORD10907,CUST3849,27-07-2023,Jaipur,PROD173,2,1299,2598,Returned,PayPal
ORD10908,CUST4568,18-10-2024,Bangalore,PROD108,3,1499,4497,Shipped,Cash on Delivery
ORD10909,CUST1769,31-05-2025,Kolkata,PROD206,2,699,1398,Returned,PayPal
ORD10910,CUST2356,21-09-2023,Delhi,PROD198,1,6999,6999,Shipped,Cash on Delivery
ORD10911,CUST3928,25-08-2024,Mumbai,PROD179,3,1799,5397,Cancelled,Cash on Delivery
ORD10912,CUST3778,04-02-2025,Bangalore,PROD149,2,1499,2998,Shipped,Credit Card
ORD10913,CUST3483,16-11-2022,Pune,PROD121,3,499,1497,Delivered,Cash on Delivery
ORD10914,CUST2910,17-03-2025,Delhi,PROD110,1,2999,2999,Returned,PayPal
ORD10915,CUST1545,02-11-2022,Kolkata,PROD197,1,5999,5999,Delivered,Credit Card
ORD10916,CUST1095,14-08-2024,Kochi,PROD110,1,2999,2999,Shipped,Cash on Delivery
ORD10917,CUST2912,13-08-2023,Nagpur,PROD109,1,2399,2399,Cancelled,PayPal
ORD10918,CUST4794,05-02-2023,Pune,PROD160,1,5999,5999,Cancelled,Cash on Delivery
ORD10919,CUST1970,11-01-2023,Hyderabad,PROD126,2,299,598,Pending,PayPal
ORD10920,CUST2784,10-08-2024,Kolkata,PROD190,1,2499,2499,Cancelled,Cash on Delivery
ORD10921,CUST4333,20-08-2024,Hyderabad,PROD134,2,450,900,Delivered,Cash on Delivery
ORD10922,CUST4013,22-11-2024,Chennai,PROD164,3,1199,3597,Shipped,Cash on Delivery
ORD10923,CUST2046,21-10-2024,Kolkata,PROD170,1,2499,2499,Delivered,PayPal
ORD10924,CUST3913,08-07-2025,Hyderabad,PROD132,2,399,798,Cancelled,Cash on Delivery
ORD10925,CUST5326,22-10-2023,Delhi,PROD114,3,1999,5997,Delivered,PayPal
ORD10926,CUST4216,12-03-2025,Surat,PROD217,3,999,2997,Returned,Cash on Delivery
ORD10927,CUST3445,03-08-2025,Noida,PROD110,1,2999,2999,Shipped,Credit Card
ORD10928,CUST1793,31-07-2024,Kolkata,PROD174,2,899,1798,Delivered,Credit Card
ORD10929,CUST3220,24-05-2023,Chennai,PROD150,1,42999,42999,Returned,Credit Card
ORD10930,CUST1825,29-05-2024,Chennai,PROD121,3,499,1497,Returned,PayPal
ORD10931,CUST4668,21-05-2023,Delhi,PROD191,2,1999,3998,Returned,Credit Card
ORD10932,CUST3309,10-01-2025,Kolkata,PROD210,1,2499,2499,Returned,PayPal
ORD10933,CUST5157,30-11-2024,Mumbai,PROD147,1,29990,29990,Shipped,Credit Card
ORD10934,CUST2825,11-03-2024,Visakhapatnam,PROD196,2,899,1798,Returned,Cash on Delivery
ORD10935,CUST1817,22-01-2025,Mumbai,PROD160,1,5999,5999,Returned,Credit Card
ORD10936,CUST2328,30-11-2022,Hyderabad,PROD154,1,71990,71990,Pending,PayPal
ORD10937,CUST2157,24-03-2025,Hyderabad,PROD127,2,899,1798,Delivered,Credit Card
ORD10938,CUST1907,15-09-2022,Gurgaon,PROD114,3,1999,5997,Cancelled,Credit Card
ORD10939,CUST1509,06-11-2022,Mumbai,PROD189,3,899,2697,Pending,PayPal
ORD10940,CUST5206,05-10-2022,Chandigarh,PROD214,3,499,1497,Returned,Credit Card
ORD10941,CUST1518,04-02-2023,Pune,PROD165,3,1799,5397,Delivered,PayPal
ORD10942,CUST1655,14-11-2023,Bangalore,PROD219,2,799,1598,Returned,Credit Card
ORD10943,CUST3817,13-08-2024,Bangalore,PROD178,3,1299,3897,Cancelled,Credit Card
ORD10944,CUST5022,18-10-2024,Surat,PROD163,1,4999,4999,Delivered,PayPal
ORD10945,CUST4515,23-06-2025,Pune,PROD213,3,1999,5997,Delivered,Credit Card
ORD10946,CUST2981,02-06-2024,Delhi,PROD122,2,399,798,Returned,PayPal
ORD10947,CUST4387,22-07-2024,Delhi,PROD212,1,5499,5499,Cancelled,Cash on Delivery
ORD10948,CUST3761,20-10-2022,Pune,PROD217,2,999,1998,Returned,PayPal
ORD10949,CUST3501,09-09-2024,Kolkata,PROD125,3,549,1647,Delivered,Cash on Delivery
ORD10950,CUST5143,18-08-2024,Delhi,PROD124,2,699,1398,Shipped,Cash on Delivery
ORD10951,CUST1559,14-01-2023,Chandigarh,PROD147,1,29990,29990,Shipped,Credit Card
ORD10952,CUST5103,17-01-2023,Delhi,PROD187,1,4999,4999,Pending,PayPal
ORD10953,CUST4528,11-05-2023,Pune,PROD207,3,1299,3897,Pending,Cash on Delivery
ORD10954,CUST3644,07-12-2024,Kolkata,PROD211,2,1799,3598,Delivered,PayPal
ORD10955,CUST5019,21-11-2023,Hyderabad,PROD192,1,4999,4999,Shipped,PayPal
ORD10956,CUST3429,02-05-2025,Pune,PROD181,3,1299,3897,Returned,Cash on Delivery
ORD10957,CUST4859,24-09-2022,Bangalore,PROD132,3,399,1197,Pending,Cash on Delivery
ORD10958,CUST3403,01-02-2023,Mumbai,PROD104,1,4499,4499,Cancelled,Credit Card
ORD10959,CUST3561,04-07-2025,Delhi,PROD110,1,2999,2999,Cancelled,PayPal
ORD10960,CUST3699,08-02-2025,Pune,PROD214,2,499,998,Cancelled,Cash on Delivery
ORD10961,CUST2540,07-06-2023,Bangalore,PROD144,1,58499,58499,Shipped,PayPal
ORD10962,CUST3199,20-10-2024,Hyderabad,PROD217,2,999,1998,Cancelled,Cash on Delivery
ORD10963,CUST4014,27-05-2025,Surat,PROD152,1,39999,39999,Delivered,Cash on Delivery
ORD10964,CUST4332,11-02-2024,Bangalore,PROD167,1,3499,3499,Shipped,Credit Card
ORD10965,CUST2722,09-02-2024,Hyderabad,PROD123,3,449,1347,Shipped,Credit Card
ORD10966,CUST4275,19-04-2025,Hyderabad,PROD107,2,1299,2598,Shipped,PayPal
ORD10967,CUST2157,13-10-2023,Gurgaon,PROD153,1,62990,62990,Returned,Credit Card
ORD10968,CUST4530,05-10-2023,Hyderabad,PROD216,1,2299,2299,Shipped,Cash on Delivery
ORD10969,CUST4207,21-07-2024,Kolkata,PROD126,3,299,897,Shipped,PayPal
ORD10970,CUST1815,13-11-2022,Hyderabad,PROD107,3,1299,3897,Pending,Credit Card
ORD10971,CUST4278,06-07-2024,Hyderabad,PROD150,1,42999,42999,Delivered,PayPal
ORD10972,CUST3113,10-06-2024,Noida,PROD101,1,6499,6499,Cancelled,Credit Card
ORD10973,CUST1598,19-09-2022,Delhi,PROD180,1,2499,2499,Pending,Cash on Delivery
ORD10974,CUST3422,15-11-2022,Bangalore,PROD195,1,4499,4499,Pending,Cash on Delivery
ORD10975,CUST1321,23-09-2022,Mumbai,PROD157,1,14999,14999,Returned,Credit Card
ORD10976,CUST4280,21-09-2023,Bangalore,PROD132,2,399,798,Delivered,Cash on Delivery
ORD10977,CUST5228,27-07-2023,Surat,PROD215,2,1799,3598,Returned,PayPal
ORD10978,CUST4469,24-05-2023,Chennai,PROD110,1,2999,2999,Delivered,Cash on Delivery
ORD10979,CUST1184,13-03-2023,Gurgaon,PROD170,1,2499,2499,Delivered,Credit Card
ORD10980,CUST4385,16-09-2024,Kochi,PROD159,1,4499,4499,Delivered,PayPal
ORD10981,CUST4560,22-09-2023,Mumbai,PROD209,3,1799,5397,Pending,Credit Card
ORD10982,CUST3712,07-12-2022,Gurgaon,PROD150,1,42999,42999,Pending,Cash on Delivery
ORD10983,CUST4136,04-10-2023,Kolkata,PROD138,2,799,1598,Shipped,Cash on Delivery
ORD10984,CUST1747,15-12-2023,Kolkata,PROD190,1,2499,2499,Delivered,Credit Card
ORD10985,CUST1943,22-11-2022,Bangalore,PROD110,1,2999,2999,Cancelled,PayPal
ORD10986,CUST5254,15-01-2023,Mumbai,PROD148,1,6499,6499,Delivered,Credit Card
ORD10987,CUST4546,28-03-2024,Bangalore,PROD172,1,3999,3999,Shipped,Credit Card
ORD10988,CUST1772,13-06-2025,Kolkata,PROD179,3,1799,5397,Pending,Credit Card
ORD10989,CUST2495,24-08-2024,Bangalore,PROD214,2,499,998,Pending,Credit Card
ORD10990,CUST3639,13-08-2023,Pune,PROD114,2,1999,3998,Delivered,PayPal
ORD10991,CUST3056,03-11-2024,Ahmedabad,PROD181,2,1299,2598,Returned,PayPal
ORD10992,CUST2585,12-03-2023,Bangalore,PROD115,1,2499,2499,Pending,Cash on Delivery
ORD10993,CUST4299,04-05-2025,Delhi,PROD177,3,1599,4797,Cancelled,PayPal
ORD10994,CUST4536,15-11-2024,Hyderabad,PROD206,3,699,2097,Delivered,Credit Card
ORD10995,CUST4197,10-02-2025,Gurgaon,PROD180,1,2499,2499,Pending,Credit Card
ORD10996,CUST1971,20-10-2024,Kolkata,PROD120,2,599,1198,Cancelled,Cash on Delivery
ORD10997,CUST2053,23-09-2023,Surat,PROD121,2,499,998,Returned,Credit Card
ORD10998,CUST2928,06-05-2025,Bhubaneswar,PROD217,3,999,2997,Returned,Credit Card
ORD10999,CUST1692,05-02-2025,Kolkata,PROD122,2,399,798,Shipped,Cash on Delivery
ORD11000,CUST1044,15-05-2023,Kolkata,PROD216,1,2299,2299,Shipped,PayPal
ORD11001,CUST2898,21-07-2025,Pune,PROD167,1,3499,3499,Pending,PayPal
ORD11002,CUST1518,31-07-2023,Visakhapatnam,PROD167,1,3499,3499,Shipped,Credit Card
ORD11003,CUST2169,19-08-2023,Chennai,PROD213,3,1999,5997,Delivered,PayPal
ORD11004,CUST3049,20-12-2024,Patna,PROD178,2,1299,2598,Cancelled,PayPal
ORD11005,CUST2901,18-02-2024,Delhi,PROD189,2,899,1798,Cancelled,Credit Card
ORD11006,CUST1755,29-12-2024,Hyderabad,PROD129,3,349,1047,Cancelled,Credit Card
ORD11007,CUST3309,27-08-2024,Bangalore,PROD170,1,2499,2499,Pending,PayPal
ORD11008,CUST4680,12-01-2025,Delhi,PROD207,2,1299,2598,Pending,PayPal
ORD11009,CUST3194,12-01-2023,Chennai,PROD139,2,499,998,Returned,PayPal
ORD11010,CUST1637,01-04-2024,Pune,PROD219,3,799,2397,Delivered,PayPal
ORD11011,CUST3669,14-04-2023,Bangalore,PROD178,2,1299,2598,Pending,Cash on Delivery
ORD11012,CUST3581,20-11-2023,Nagpur,PROD154,1,71990,71990,Shipped,Credit Card
ORD11013,CUST5256,03-11-2022,Bangalore,PROD132,3,399,1197,Delivered,Cash on Delivery
ORD11014,CUST1978,16-02-2024,Mumbai,PROD163,1,4999,4999,Returned,Credit Card
ORD11015,CUST1318,28-12-2022,Kochi,PROD160,1,5999,5999,Delivered,Credit Card
ORD11016,CUST2031,26-04-2024,Bangalore,PROD119,3,1799,5397,Returned,PayPal
ORD11017,CUST5057,09-04-2024,Kolkata,PROD169,2,1899,3798,Delivered,Credit Card
ORD11018,CUST4703,02-11-2024,Chennai,PROD100,1,2799,2799,Delivered,PayPal
ORD11019,CUST3923,05-11-2022,Mumbai,PROD140,1,69999,69999,Cancelled,PayPal
ORD11020,CUST2171,12-08-2024,Kochi,PROD122,3,399,1197,Cancelled,Cash on Delivery
ORD11021,CUST4574,17-07-2024,Kolkata,PROD195,1,4499,4499,Shipped,PayPal
ORD11022,CUST1337,12-04-2023,Noida,PROD119,2,1799,3598,Returned,Cash on Delivery
ORD11023,CUST4604,28-08-2023,Chennai,PROD208,2,899,1798,Delivered,Credit Card
ORD11024,CUST1582,03-03-2023,Delhi,PROD104,1,4499,4499,Returned,Cash on Delivery
ORD11025,CUST3762,16-12-2022,Delhi,PROD169,3,1899,5697,Returned,Credit Card
ORD11026,CUST4075,04-03-2025,Pune,PROD152,1,39999,39999,Delivered,Cash on Delivery
ORD11027,CUST3666,18-11-2022,Mumbai,PROD211,3,1799,5397,Delivered,Credit Card
ORD11028,CUST2615,25-11-2023,Hyderabad,PROD196,3,899,2697,Delivered,PayPal
ORD11029,CUST3590,10-09-2022,Kolkata,PROD149,2,1499,2998,Pending,PayPal
ORD11030,CUST2109,03-05-2023,Bangalore,PROD141,1,64999,64999,Pending,PayPal
ORD11031,CUST4171,04-11-2023,Bhubaneswar,PROD213,3,1999,5997,Cancelled,Credit Card
ORD11032,CUST3777,28-11-2024,Mumbai,PROD200,1,2499,2499,Pending,Cash on Delivery
ORD11033,CUST1380,25-06-2024,Kolkata,PROD130,3,599,1797,Shipped,Cash on Delivery
ORD11034,CUST2987,20-11-2024,Kolkata,PROD204,1,2299,2299,Pending,Cash on Delivery
ORD11035,CUST4458,16-03-2023,Hyderabad,PROD119,3,1799,5397,Delivered,PayPal
ORD11036,CUST3291,10-08-2025,Nagpur,PROD121,3,499,1497,Cancelled,Credit Card
ORD11037,CUST1027,01-07-2024,Kolkata,PROD176,1,3499,3499,Pending,Cash on Delivery
ORD11038,CUST3709,09-01-2023,Chennai,PROD150,1,42999,42999,Pending,Credit Card
ORD11039,CUST2844,12-10-2023,Pune,PROD171,1,6999,6999,Shipped,PayPal
ORD11040,CUST1587,22-06-2024,Pune,PROD118,1,2999,2999,Shipped,PayPal
ORD11041,CUST3401,22-01-2023,Pune,PROD203,3,1999,5997,Pending,Credit Card
ORD11042,CUST4245,08-04-2024,Chandigarh,PROD149,3,1499,4497,Delivered,Credit Card
ORD11043,CUST2846,13-10-2022,Chennai,PROD170,1,2499,2499,Pending,Credit Card
ORD11044,CUST4824,19-11-2024,Delhi,PROD113,3,1499,4497,Shipped,Credit Card
ORD11045,CUST3987,09-11-2024,Kochi,PROD174,3,899,2697,Pending,PayPal
ORD11046,CUST4535,16-06-2025,Jaipur,PROD192,1,4999,4999,Delivered,Cash on Delivery
ORD11047,CUST4275,02-10-2024,Kolkata,PROD180,1,2499,2499,Shipped,Credit Card
ORD11048,CUST4610,25-11-2022,Kolkata,PROD159,1,4499,4499,Cancelled,Credit Card
ORD11049,CUST2267,20-03-2023,Chennai,PROD118,1,2999,2999,Cancelled,Credit Card
ORD11050,CUST2825,29-03-2023,Kolkata,PROD106,1,5999,5999,Pending,Credit Card
ORD11051,CUST3045,28-05-2023,Delhi,PROD215,2,1799,3598,Delivered,Cash on Delivery
ORD11052,CUST4994,07-04-2025,Delhi,PROD178,2,1299,2598,Pending,PayPal
ORD11053,CUST1997,13-01-2023,Hyderabad,PROD136,3,499,1497,Pending,Cash on Delivery
ORD11054,CUST2701,18-10-2022,Jaipur,PROD118,1,2999,2999,Returned,PayPal
ORD11055,CUST4734,06-06-2024,Ahmedabad,PROD129,3,349,1047,Delivered,Cash on Delivery
ORD11056,CUST4883,20-10-2023,Hyderabad,PROD123,2,449,898,Shipped,Credit Card
ORD11057,CUST2534,17-10-2024,Hyderabad,PROD143,1,89999,89999,Delivered,Credit Card
ORD11058,CUST4837,09-07-2024,Gurgaon,PROD181,3,1299,3897,Shipped,Credit Card
ORD11059,CUST4272,05-04-2024,Kolkata,PROD215,3,1799,5397,Returned,Credit Card
ORD11060,CUST1149,23-07-2024,Bangalore,PROD184,1,2999,2999,Delivered,Cash on Delivery
ORD11061,CUST2042,01-01-2024,Kolkata,PROD123,2,449,898,Shipped,PayPal
ORD11062,CUST1931,15-12-2024,Pune,PROD200,1,2499,2499,Returned,Credit Card
ORD11063,CUST3992,10-07-2024,Chennai,PROD112,2,1699,3398,Pending,Cash on Delivery
ORD11064,CUST1523,05-09-2024,Ahmedabad,PROD157,1,14999,14999,Delivered,PayPal
ORD11065,CUST2891,18-03-2024,Surat,PROD155,1,34999,34999,Pending,Credit Card
ORD11066,CUST1433,26-05-2023,Chennai,PROD136,2,499,998,Shipped,Cash on Delivery
ORD11067,CUST1507,27-04-2024,Delhi,PROD101,1,6499,6499,Cancelled,Credit Card
ORD11068,CUST4094,19-11-2023,Bangalore,PROD202,3,1499,4497,Shipped,Credit Card
ORD11069,CUST2100,02-06-2024,Pune,PROD200,1,2499,2499,Pending,Credit Card
ORD11070,CUST4271,22-06-2024,Kolkata,PROD214,3,499,1497,Cancelled,Cash on Delivery
ORD11071,CUST1813,24-01-2024,Kolkata,PROD186,1,3499,3499,Delivered,Credit Card
ORD11072,CUST1136,27-03-2024,Ahmedabad,PROD117,1,2299,2299,Returned,Credit Card
ORD11073,CUST1376,11-06-2023,Mumbai,PROD155,1,34999,34999,Shipped,Cash on Delivery
ORD11074,CUST4153,24-08-2024,Chennai,PROD183,2,999,1998,Cancelled,PayPal
ORD11075,CUST4515,30-09-2023,Chandigarh,PROD161,3,1499,4497,Returned,Credit Card
ORD11076,CUST4215,18-07-2024,Indore,PROD132,3,399,1197,Returned,Credit Card
ORD11077,CUST4068,28-09-2024,Kolkata,PROD175,3,1499,4497,Shipped,Cash on Delivery
ORD11078,CUST1396,17-12-2022,Chennai,PROD208,3,899,2697,Pending,Cash on Delivery
ORD11079,CUST4202,05-06-2023,Hyderabad,PROD197,1,5999,5999,Pending,PayPal
ORD11080,CUST2093,02-12-2023,Hyderabad,PROD143,1,89999,89999,Cancelled,Cash on Delivery
ORD11081,CUST2094,03-03-2023,Nagpur,PROD143,1,89999,89999,Pending,Cash on Delivery
ORD11082,CUST3698,31-01-2025,Patna,PROD133,3,299,897,Pending,PayPal
ORD11083,CUST2837,28-10-2023,Delhi,PROD157,1,14999,14999,Delivered,Cash on Delivery
ORD11084,CUST1892,21-04-2024,Hyderabad,PROD123,2,449,898,Shipped,Cash on Delivery
ORD11085,CUST2993,31-12-2024,Pune,PROD113,3,1499,4497,Delivered,Cash on Delivery
ORD11086,CUST4484,14-03-2024,Pune,PROD188,3,499,1497,Shipped,Cash on Delivery
ORD11087,CUST4425,21-04-2025,Mumbai,PROD189,3,899,2697,Returned,Credit Card
ORD11088,CUST1739,13-08-2024,Delhi,PROD177,2,1599,3198,Pending,PayPal
ORD11089,CUST4650,20-01-2023,Pune,PROD108,3,1499,4497,Cancelled,Credit Card
ORD11090,CUST3921,28-07-2024,Delhi,PROD130,3,599,1797,Delivered,Cash on Delivery
ORD11091,CUST5318,29-07-2023,Mumbai,PROD118,1,2999,2999,Returned,Credit Card
ORD11092,CUST4304,17-12-2024,Kolkata,PROD121,2,499,998,Shipped,Credit Card
ORD11093,CUST3042,14-07-2025,Mumbai,PROD139,2,499,998,Delivered,Credit Card
ORD11094,CUST2932,17-06-2025,Chandigarh,PROD105,1,2499,2499,Shipped,PayPal
ORD11095,CUST2652,13-05-2024,Chandigarh,PROD158,1,8995,8995,Delivered,Cash on Delivery
ORD11096,CUST3106,27-12-2023,Hyderabad,PROD192,1,4999,4999,Returned,PayPal
ORD11097,CUST4977,19-04-2025,Mumbai,PROD206,3,699,2097,Pending,PayPal
ORD11098,CUST1269,25-04-2023,Bangalore,PROD179,2,1799,3598,Delivered,PayPal
ORD11099,CUST5278,23-12-2023,Mumbai,PROD210,1,2499,2499,Returned,Cash on Delivery
ORD11100,CUST3567,05-02-2023,Hyderabad,PROD129,2,349,698,Shipped,Credit Card
ORD11101,CUST5201,13-03-2023,Delhi,PROD163,1,4999,4999,Pending,Credit Card
ORD11102,CUST1681,19-10-2022,Delhi,PROD105,1,2499,2499,Cancelled,PayPal
ORD11103,CUST2668,05-10-2024,Chennai,PROD189,2,899,1798,Pending,Credit Card
ORD11104,CUST4575,14-01-2025,Delhi,PROD121,2,499,998,Cancelled,PayPal
ORD11105,CUST5193,26-03-2025,Lucknow,PROD125,2,549,1098,Pending,Cash on Delivery
ORD11106,CUST4251,08-04-2024,Mumbai,PROD120,3,599,1797,Shipped,Credit Card
ORD11107,CUST2814,09-08-2025,Ahmedabad,PROD203,3,1999,5997,Cancelled,Cash on Delivery
ORD11108,CUST3933,20-03-2024,Kolkata,PROD144,1,58499,58499,Delivered,PayPal
ORD11109,CUST3381,08-05-2025,Chandigarh,PROD127,2,899,1798,Pending,Cash on Delivery
ORD11110,CUST1034,07-09-2023,Nagpur,PROD103,1,2999,2999,Returned,PayPal
ORD11111,CUST1266,23-10-2024,Chennai,PROD211,3,1799,5397,Pending,Credit Card
ORD11112,CUST3721,28-02-2025,Visakhapatnam,PROD117,1,2299,2299,Delivered,Credit Card
ORD11113,CUST3444,07-01-2024,Ahmedabad,PROD107,3,1299,3897,Pending,PayPal
ORD11114,CUST4394,31-10-2022,Noida,PROD103,1,2999,2999,Pending,Cash on Delivery
ORD11115,CUST4671,11-12-2023,Ahmedabad,PROD150,1,42999,42999,Pending,Credit Card
ORD11116,CUST3309,24-07-2025,Mumbai,PROD133,3,299,897,Shipped,PayPal
ORD11117,CUST1941,27-11-2023,Mumbai,PROD158,1,8995,8995,Cancelled,PayPal
ORD11118,CUST4171,01-06-2023,Hyderabad,PROD130,2,599,1198,Cancelled,Credit Card
ORD11119,CUST2084,22-08-2023,Chennai,PROD218,2,299,598,Delivered,Credit Card
ORD11120,CUST1343,30-09-2023,Pune,PROD191,2,1999,3998,Cancelled,Cash on Delivery
ORD11121,CUST4846,09-07-2023,Chennai,PROD104,1,4499,4499,Shipped,Cash on Delivery
ORD11122,CUST2400,25-06-2024,Bangalore,PROD136,3,499,1497,Returned,Credit Card
ORD11123,CUST2311,20-09-2022,Pune,PROD198,1,6999,6999,Cancelled,Credit Card
ORD11124,CUST2439,22-06-2023,Hyderabad,PROD143,1,89999,89999,Pending,Cash on Delivery
ORD11125,CUST1738,14-04-2024,Hyderabad,PROD143,1,89999,89999,Delivered,Cash on Delivery
ORD11126,CUST1188,29-09-2022,Hyderabad,PROD111,2,1899,3798,Shipped,Credit Card
ORD11127,CUST4935,14-11-2024,Chennai,PROD150,1,42999,42999,Shipped,Credit Card
ORD11128,CUST3153,07-08-2024,Hyderabad,PROD193,2,1499,2998,Returned,Credit Card
ORD11129,CUST1351,26-09-2024,Visakhapatnam,PROD140,1,69999,69999,Cancelled,Credit Card
ORD11130,CUST2308,28-03-2023,Bhubaneswar,PROD199,2,1299,2598,Pending,Credit Card
ORD11131,CUST1341,07-03-2023,Delhi,PROD108,3,1499,4497,Shipped,Cash on Delivery
ORD11132,CUST2182,14-11-2024,Bhubaneswar,PROD119,2,1799,3598,Delivered,Cash on Delivery
ORD11133,CUST3843,21-11-2023,Bangalore,PROD195,1,4499,4499,Returned,Cash on Delivery
ORD11134,CUST4146,09-06-2023,Pune,PROD142,1,59999,59999,Returned,PayPal
ORD11135,CUST1944,13-05-2025,Lucknow,PROD210,1,2499,2499,Pending,Credit Card
ORD11136,CUST3079,10-12-2022,Surat,PROD141,1,64999,64999,Shipped,PayPal
ORD11137,CUST3717,21-07-2025,Patna,PROD132,3,399,1197,Shipped,PayPal
ORD11138,CUST2942,20-03-2024,Patna,PROD113,2,1499,2998,Delivered,PayPal
ORD11139,CUST2196,08-02-2025,Chandigarh,PROD123,3,449,1347,Delivered,Cash on Delivery
ORD11140,CUST2821,26-12-2023,Mumbai,PROD159,1,4499,4499,Pending,Cash on Delivery
ORD11141,CUST3206,08-07-2025,Bhubaneswar,PROD139,3,499,1497,Shipped,Cash on Delivery
ORD11142,CUST1947,03-01-2025,Pune,PROD141,1,64999,64999,Returned,Credit Card
ORD11143,CUST2752,05-12-2024,Mumbai,PROD122,2,399,798,Returned,PayPal
ORD11144,CUST2885,16-12-2022,Mumbai,PROD183,2,999,1998,Shipped,Cash on Delivery
ORD11145,CUST5031,14-01-2023,Kolkata,PROD106,1,5999,5999,Cancelled,PayPal
ORD11146,CUST2539,13-12-2024,Ahmedabad,PROD123,3,449,1347,Delivered,Cash on Delivery
ORD11147,CUST3518,19-04-2023,Nagpur,PROD214,3,499,1497,Cancelled,PayPal
ORD11148,CUST2778,30-11-2023,Lucknow,PROD105,1,2499,2499,Pending,Credit Card
ORD11149,CUST3137,31-03-2023,Kolkata,PROD178,3,1299,3897,Delivered,PayPal
ORD11150,CUST2256,20-12-2024,Nagpur,PROD189,2,899,1798,Shipped,Credit Card
ORD11151,CUST1076,09-11-2023,Visakhapatnam,PROD112,2,1699,3398,Cancelled,Credit Card
ORD11152,CUST3309,17-12-2023,Ahmedabad,PROD173,3,1299,3897,Cancelled,Cash on Delivery
ORD11153,CUST4205,08-08-2023,Ahmedabad,PROD206,2,699,1398,Pending,Cash on Delivery
ORD11154,CUST5050,19-11-2022,Chandigarh,PROD116,1,3499,3499,Delivered,Cash on Delivery
ORD11155,CUST2253,18-07-2025,Pune,PROD108,3,1499,4497,Returned,Credit Card
ORD11156,CUST1841,15-07-2023,Delhi,PROD209,3,1799,5397,Delivered,PayPal
ORD11157,CUST4398,29-12-2023,Hyderabad,PROD129,3,349,1047,Shipped,Credit Card
ORD11158,CUST4272,07-12-2024,Visakhapatnam,PROD149,2,1499,2998,Cancelled,Credit Card
ORD11159,CUST4353,13-05-2024,Pune,PROD182,2,1899,3798,Cancelled,Credit Card
ORD11160,CUST2098,30-01-2024,Hyderabad,PROD131,2,499,998,Shipped,Cash on Delivery
ORD11161,CUST3278,21-03-2024,Bhubaneswar,PROD103,1,2999,2999,Cancelled,PayPal
ORD11162,CUST3361,04-07-2025,Hyderabad,PROD168,3,1299,3897,Cancelled,PayPal
ORD11163,CUST5173,24-01-2023,Patna,PROD169,2,1899,3798,Shipped,Credit Card
ORD11164,CUST5312,15-09-2023,Hyderabad,PROD169,2,1899,3798,Pending,PayPal
ORD11165,CUST4988,03-10-2024,Kolkata,PROD210,1,2499,2499,Cancelled,Cash on Delivery
ORD11166,CUST2371,18-08-2024,Visakhapatnam,PROD156,1,29990,29990,Cancelled,Credit Card
ORD11167,CUST1647,25-09-2023,Bangalore,PROD159,1,4499,4499,Pending,Credit Card
ORD11168,CUST2643,05-02-2025,Nagpur,PROD162,1,3299,3299,Pending,Credit Card
ORD11169,CUST2375,02-05-2025,Ahmedabad,PROD217,3,999,2997,Delivered,Credit Card
ORD11170,CUST1240,16-06-2025,Delhi,PROD181,3,1299,3897,Delivered,Credit Card
ORD11171,CUST2452,12-09-2024,Delhi,PROD193,2,1499,2998,Returned,PayPal
ORD11172,CUST2330,11-12-2023,Noida,PROD199,2,1299,2598,Cancelled,Credit Card
ORD11173,CUST2135,19-06-2025,Kochi,PROD108,3,1499,4497,Pending,Credit Card
ORD11174,CUST2603,13-05-2025,Indore,PROD108,2,1499,2998,Pending,PayPal
ORD11175,CUST4710,15-07-2025,Delhi,PROD187,1,4999,4999,Returned,Cash on Delivery
ORD11176,CUST1572,22-08-2024,Chandigarh,PROD163,1,4999,4999,Returned,PayPal
ORD11177,CUST1610,31-01-2023,Bangalore,PROD156,1,29990,29990,Shipped,Cash on Delivery
ORD11178,CUST4468,07-03-2024,Lucknow,PROD146,1,34999,34999,Returned,Cash on Delivery
ORD11179,CUST4348,20-09-2022,Bhubaneswar,PROD140,1,69999,69999,Cancelled,Credit Card
ORD11180,CUST1636,25-04-2025,Bangalore,PROD175,2,1499,2998,Cancelled,Credit Card
ORD11181,CUST4651,04-02-2025,Delhi,PROD216,1,2299,2299,Cancelled,PayPal
ORD11182,CUST3298,09-08-2024,Kochi,PROD147,1,29990,29990,Cancelled,Credit Card
ORD11183,CUST3676,13-11-2023,Pune,PROD102,2,1799,3598,Shipped,Credit Card
ORD11184,CUST2791,23-09-2023,Pune,PROD119,2,1799,3598,Pending,Credit Card
ORD11185,CUST4545,11-10-2022,Noida,PROD102,3,1799,5397,Cancelled,PayPal
ORD11186,CUST1846,07-05-2025,Bangalore,PROD160,1,5999,5999,Pending,Cash on Delivery
ORD11187,CUST1877,08-03-2024,Chennai,PROD199,2,1299,2598,Shipped,PayPal
ORD11188,CUST3688,23-08-2023,Kolkata,PROD157,1,14999,14999,Shipped,Credit Card
ORD11189,CUST1684,31-10-2023,Hyderabad,PROD126,3,299,897,Returned,Cash on Delivery
ORD11190,CUST1574,06-01-2023,Mumbai,PROD120,2,599,1198,Shipped,Cash on Delivery
ORD11191,CUST1997,29-08-2024,Mumbai,PROD114,2,1999,3998,Pending,PayPal
ORD11192,CUST4005,10-04-2024,Hyderabad,PROD193,3,1499,4497,Returned,Cash on Delivery
ORD11193,CUST1013,10-11-2022,Kolkata,PROD135,3,350,1050,Cancelled,PayPal
ORD11194,CUST4246,12-11-2022,Gurgaon,PROD219,2,799,1598,Shipped,PayPal
ORD11195,CUST3615,23-06-2024,Lucknow,PROD202,2,1499,2998,Pending,Credit Card
ORD11196,CUST1601,13-04-2023,Kolkata,PROD119,2,1799,3598,Delivered,PayPal
ORD11197,CUST3260,09-06-2023,Lucknow,PROD201,3,799,2397,Cancelled,Credit Card
ORD11198,CUST4066,05-11-2024,Hyderabad,PROD138,3,799,2397,Returned,Cash on Delivery
ORD11199,CUST2561,24-11-2023,Noida,PROD101,1,6499,6499,Cancelled,Credit Card
ORD11200,CUST4112,03-07-2025,Kolkata,PROD187,1,4999,4999,Returned,PayPal
ORD11201,CUST1334,03-06-2025,Mumbai,PROD115,1,2499,2499,Pending,Credit Card
ORD11202,CUST5300,13-11-2024,Surat,PROD110,1,2999,2999,Returned,Credit Card
ORD11203,CUST2107,24-12-2022,Ahmedabad,PROD202,2,1499,2998,Cancelled,Credit Card
ORD11204,CUST3593,15-02-2025,Pune,PROD212,1,5499,5499,Shipped,Cash on Delivery
ORD11205,CUST3654,10-10-2024,Gurgaon,PROD174,2,899,1798,Pending,Credit Card
ORD11206,CUST3482,04-03-2023,Hyderabad,PROD125,3,549,1647,Returned,PayPal
ORD11207,CUST3048,28-12-2024,Visakhapatnam,PROD178,2,1299,2598,Delivered,Credit Card
ORD11208,CUST2001,12-02-2025,Delhi,PROD118,1,2999,2999,Shipped,PayPal
ORD11209,CUST2413,22-06-2023,Kolkata,PROD107,2,1299,2598,Delivered,Credit Card
ORD11210,CUST3284,12-06-2025,Visakhapatnam,PROD129,2,349,698,Cancelled,Cash on Delivery
ORD11211,CUST3460,31-12-2024,Chennai,PROD209,2,1799,3598,Shipped,PayPal
ORD11212,CUST3558,23-06-2024,Pune,PROD177,3,1599,4797,Pending,Credit Card
ORD11213,CUST3383,18-12-2024,Kolkata,PROD216,1,2299,2299,Cancelled,PayPal
ORD11214,CUST2797,30-05-2024,Delhi,PROD195,1,4499,4499,Returned,Credit Card
ORD11215,CUST4941,28-09-2022,Bangalore,PROD136,3,499,1497,Cancelled,Credit Card
ORD11216,CUST2657,17-05-2023,Gurgaon,PROD142,1,59999,59999,Returned,PayPal
ORD11217,CUST2621,15-12-2023,Kochi,PROD143,1,89999,89999,Delivered,Credit Card
ORD11218,CUST1152,23-06-2025,Pune,PROD200,1,2499,2499,Returned,Cash on Delivery
ORD11219,CUST3309,03-08-2023,Gurgaon,PROD153,1,62990,62990,Shipped,PayPal
ORD11220,CUST5136,29-06-2025,Chennai,PROD169,2,1899,3798,Pending,Cash on Delivery
ORD11221,CUST2057,01-04-2025,Chennai,PROD182,2,1899,3798,Returned,PayPal
ORD11222,CUST2157,23-12-2023,Kochi,PROD140,1,69999,69999,Shipped,Cash on Delivery
ORD11223,CUST1809,10-01-2025,Pune,PROD176,1,3499,3499,Shipped,Cash on Delivery
ORD11224,CUST4301,24-03-2023,Mumbai,PROD123,3,449,1347,Cancelled,Cash on Delivery
ORD11225,CUST4501,20-06-2024,Lucknow,PROD169,2,1899,3798,Returned,PayPal
ORD11226,CUST5298,26-04-2024,Visakhapatnam,PROD159,1,4499,4499,Pending,Credit Card
ORD11227,CUST2815,20-07-2025,Pune,PROD197,1,5999,5999,Shipped,Credit Card
ORD11228,CUST3196,21-02-2025,Kochi,PROD146,1,34999,34999,Cancelled,PayPal
ORD11229,CUST5284,17-03-2024,Chennai,PROD117,1,2299,2299,Pending,PayPal
ORD11230,CUST1004,17-02-2024,Mumbai,PROD122,2,399,798,Delivered,PayPal
ORD11231,CUST4823,25-12-2022,Visakhapatnam,PROD160,1,5999,5999,Pending,PayPal
ORD11232,CUST1779,17-03-2023,Pune,PROD200,1,2499,2499,Shipped,Cash on Delivery
ORD11233,CUST1892,12-04-2025,Hyderabad,PROD143,1,89999,89999,Shipped,Cash on Delivery
ORD11234,CUST1650,25-06-2025,Chandigarh,PROD105,1,2499,2499,Shipped,Cash on Delivery
ORD11235,CUST2291,06-06-2024,Delhi,PROD156,1,29990,29990,Shipped,Cash on Delivery
ORD11236,CUST4227,13-02-2025,Bangalore,PROD121,3,499,1497,Delivered,PayPal
ORD11237,CUST1243,02-09-2022,Ahmedabad,PROD184,1,2999,2999,Cancelled,Cash on Delivery
ORD11238,CUST5180,13-12-2022,Kolkata,PROD102,2,1799,3598,Shipped,PayPal
ORD11239,CUST2577,27-05-2023,Bhubaneswar,PROD204,1,2299,2299,Shipped,Cash on Delivery
ORD11240,CUST3577,12-03-2024,Kolkata,PROD204,1,2299,2299,Shipped,PayPal
ORD11241,CUST3653,05-04-2025,Bangalore,PROD130,3,599,1797,Cancelled,PayPal
ORD11242,CUST5036,13-02-2025,Nagpur,PROD137,3,599,1797,Returned,PayPal
ORD11243,CUST4781,06-09-2022,Mumbai,PROD208,2,899,1798,Delivered,Cash on Delivery
ORD11244,CUST1825,03-05-2025,Kochi,PROD171,1,6999,6999,Pending,Credit Card
ORD11245,CUST5292,22-08-2023,Pune,PROD182,2,1899,3798,Shipped,PayPal
ORD11246,CUST3816,23-03-2023,Chennai,PROD113,3,1499,4497,Cancelled,PayPal
ORD11247,CUST2037,29-12-2023,Kolkata,PROD103,1,2999,2999,Pending,Credit Card
ORD11248,CUST2190,20-03-2023,Mumbai,PROD157,1,14999,14999,Returned,PayPal
ORD11249,CUST2097,12-09-2024,Hyderabad,PROD104,1,4499,4499,Returned,Cash on Delivery
ORD11250,CUST1628,09-07-2025,Bangalore,PROD117,1,2299,2299,Pending,Cash on Delivery
ORD11251,CUST2781,16-06-2023,Kolkata,PROD135,3,350,1050,Delivered,PayPal
ORD11252,CUST4458,31-07-2025,Hyderabad,PROD122,3,399,1197,Pending,Cash on Delivery
ORD11253,CUST3242,24-06-2025,Pune,PROD155,1,34999,34999,Cancelled,Cash on Delivery
ORD11254,CUST2143,21-05-2024,Hyderabad,PROD176,1,3499,3499,Cancelled,Cash on Delivery
ORD11255,CUST5027,09-02-2023,Kochi,PROD164,2,1199,2398,Cancelled,Cash on Delivery
ORD11256,CUST4782,15-07-2023,Noida,PROD180,1,2499,2499,Delivered,PayPal
ORD11257,CUST3729,17-02-2025,Jaipur,PROD147,1,29990,29990,Pending,Credit Card
ORD11258,CUST3964,21-08-2025,Mumbai,PROD152,1,39999,39999,Delivered,Credit Card
ORD11259,CUST4714,18-07-2024,Delhi,PROD202,3,1499,4497,Pending,PayPal
ORD11260,CUST1013,17-09-2023,Ahmedabad,PROD168,2,1299,2598,Returned,PayPal
ORD11261,CUST4507,22-09-2022,Bangalore,PROD126,3,299,897,Cancelled,PayPal
ORD11262,CUST1278,17-03-2024,Mumbai,PROD151,1,49999,49999,Returned,Credit Card
ORD11263,CUST4331,20-09-2022,Ahmedabad,PROD147,1,29990,29990,Delivered,Credit Card
ORD11264,CUST3510,01-01-2025,Chennai,PROD159,1,4499,4499,Delivered,Cash on Delivery
ORD11265,CUST2131,06-09-2024,Mumbai,PROD168,2,1299,2598,Returned,PayPal
ORD11266,CUST1038,17-01-2024,Chennai,PROD175,3,1499,4497,Shipped,PayPal
ORD11267,CUST3083,22-10-2024,Pune,PROD182,3,1899,5697,Pending,Cash on Delivery
ORD11268,CUST3537,25-03-2025,Mumbai,PROD157,1,14999,14999,Cancelled,Credit Card
ORD11269,CUST3900,06-11-2022,Mumbai,PROD178,3,1299,3897,Delivered,Credit Card
ORD11270,CUST4360,25-06-2025,Pune,PROD213,3,1999,5997,Returned,Credit Card
ORD11271,CUST4345,20-09-2024,Kochi,PROD130,3,599,1797,Returned,Credit Card
ORD11272,CUST5165,13-01-2025,Pune,PROD181,2,1299,2598,Shipped,Cash on Delivery
ORD11273,CUST2579,28-02-2023,Patna,PROD188,2,499,998,Shipped,PayPal
ORD11274,CUST1969,18-12-2023,Pune,PROD123,3,449,1347,Shipped,Credit Card
ORD11275,CUST2820,17-03-2023,Mumbai,PROD206,3,699,2097,Returned,Cash on Delivery
ORD11276,CUST1686,07-04-2023,Bangalore,PROD138,2,799,1598,Returned,Credit Card
ORD11277,CUST5300,21-11-2023,Surat,PROD207,2,1299,2598,Delivered,PayPal
ORD11278,CUST1581,20-07-2025,Bhubaneswar,PROD134,2,450,900,Cancelled,Cash on Delivery
ORD11279,CUST1721,15-07-2024,Hyderabad,PROD136,2,499,998,Returned,Credit Card
ORD11280,CUST1344,11-12-2022,Nagpur,PROD136,2,499,998,Cancelled,Credit Card
ORD11281,CUST1228,30-11-2023,Jaipur,PROD185,3,1499,4497,Returned,Credit Card
ORD11282,CUST3449,22-09-2022,Chandigarh,PROD104,1,4499,4499,Pending,Credit Card
ORD11283,CUST5315,15-04-2025,Delhi,PROD187,1,4999,4999,Delivered,Credit Card
ORD11284,CUST4109,07-10-2024,Chennai,PROD202,3,1499,4497,Shipped,Credit Card
ORD11285,CUST2473,25-08-2023,Mumbai,PROD198,1,6999,6999,Returned,PayPal
ORD11286,CUST2243,28-07-2025,Chennai,PROD101,1,6499,6499,Pending,PayPal
ORD11287,CUST4163,01-03-2024,Hyderabad,PROD101,1,6499,6499,Returned,Cash on Delivery
ORD11288,CUST4117,01-01-2025,Chennai,PROD177,2,1599,3198,Delivered,Cash on Delivery
ORD11289,CUST4624,20-08-2024,Hyderabad,PROD166,1,9499,9499,Delivered,Cash on Delivery
ORD11290,CUST4797,02-04-2025,Chennai,PROD144,1,58499,58499,Cancelled,Credit Card
ORD11291,CUST4865,20-07-2025,Kolkata,PROD161,2,1499,2998,Delivered,PayPal
ORD11292,CUST3057,01-01-2023,Delhi,PROD192,1,4999,4999,Delivered,PayPal
ORD11293,CUST4241,25-11-2023,Lucknow,PROD213,2,1999,3998,Cancelled,Credit Card
ORD11294,CUST2826,08-09-2023,Patna,PROD121,3,499,1497,Shipped,Cash on Delivery
ORD11295,CUST1246,14-01-2025,Pune,PROD200,1,2499,2499,Returned,PayPal
ORD11296,CUST3052,22-08-2023,Indore,PROD192,1,4999,4999,Pending,PayPal
ORD11297,CUST4502,11-06-2023,Bhubaneswar,PROD209,2,1799,3598,Delivered,Cash on Delivery
ORD11298,CUST2692,26-06-2024,Bangalore,PROD159,1,4499,4499,Cancelled,PayPal
ORD11299,CUST3319,15-05-2023,Hyderabad,PROD182,3,1899,5697,Delivered,Credit Card
ORD11300,CUST4432,04-01-2023,Pune,PROD151,1,49999,49999,Returned,PayPal
ORD11301,CUST1627,22-05-2025,Visakhapatnam,PROD162,1,3299,3299,Returned,Cash on Delivery
ORD11302,CUST3075,27-09-2023,Pune,PROD139,3,499,1497,Shipped,Credit Card
ORD11303,CUST4778,23-10-2022,Chandigarh,PROD190,1,2499,2499,Delivered,Cash on Delivery
ORD11304,CUST2650,18-04-2025,Kochi,PROD166,1,9499,9499,Pending,Cash on Delivery
ORD11305,CUST2777,04-10-2023,Mumbai,PROD165,3,1799,5397,Cancelled,Credit Card
ORD11306,CUST4521,23-09-2024,Jaipur,PROD131,3,499,1497,Returned,Cash on Delivery
ORD11307,CUST4705,11-04-2025,Kolkata,PROD191,2,1999,3998,Cancelled,Cash on Delivery
ORD11308,CUST5015,08-11-2023,Bangalore,PROD108,2,1499,2998,Returned,Credit Card
ORD11309,CUST2870,04-05-2023,Mumbai,PROD199,3,1299,3897,Delivered,Cash on Delivery
ORD11310,CUST4927,08-03-2023,Bangalore,PROD216,1,2299,2299,Cancelled,PayPal
ORD11311,CUST2988,13-04-2024,Bhubaneswar,PROD119,2,1799,3598,Cancelled,Cash on Delivery
ORD11312,CUST4920,17-10-2024,Patna,PROD196,2,899,1798,Pending,PayPal
ORD11313,CUST4389,11-04-2025,Chennai,PROD131,2,499,998,Delivered,Cash on Delivery
ORD11314,CUST3512,06-04-2023,Nagpur,PROD210,1,2499,2499,Pending,Credit Card
ORD11315,CUST3309,11-10-2023,Mumbai,PROD159,1,4499,4499,Returned,Credit Card
ORD11316,CUST3050,30-08-2023,Nagpur,PROD125,2,549,1098,Shipped,PayPal
ORD11317,CUST1539,24-09-2024,Lucknow,PROD192,1,4999,4999,Pending,Credit Card
ORD11318,CUST1718,15-10-2024,Hyderabad,PROD193,2,1499,2998,Pending,Cash on Delivery
ORD11319,CUST1451,10-06-2024,Pune,PROD151,1,49999,49999,Pending,Cash on Delivery
ORD11320,CUST1209,11-11-2023,Mumbai,PROD218,3,299,897,Returned,PayPal
ORD11321,CUST3239,05-10-2022,Pune,PROD137,2,599,1198,Shipped,Cash on Delivery
ORD11322,CUST3377,30-06-2023,Lucknow,PROD107,2,1299,2598,Shipped,Credit Card
ORD11323,CUST4969,30-03-2024,Bangalore,PROD186,1,3499,3499,Pending,PayPal
ORD11324,CUST3846,24-11-2022,Hyderabad,PROD189,3,899,2697,Returned,PayPal
ORD11325,CUST3673,14-11-2024,Jaipur,PROD145,1,62990,62990,Cancelled,Cash on Delivery
ORD11326,CUST4977,27-10-2024,Nagpur,PROD136,3,499,1497,Delivered,Credit Card
ORD11327,CUST2976,08-12-2023,Gurgaon,PROD107,2,1299,2598,Delivered,PayPal
ORD11328,CUST5171,31-12-2024,Pune,PROD118,1,2999,2999,Delivered,Cash on Delivery
ORD11329,CUST1821,20-07-2024,Mumbai,PROD168,2,1299,2598,Returned,Cash on Delivery
ORD11330,CUST1091,23-06-2024,Bangalore,PROD132,3,399,1197,Pending,PayPal
ORD11331,CUST4246,25-12-2024,Nagpur,PROD173,2,1299,2598,Delivered,Credit Card
ORD11332,CUST3290,12-10-2022,Chennai,PROD169,2,1899,3798,Cancelled,Cash on Delivery
ORD11333,CUST3624,24-08-2023,Pune,PROD154,1,71990,71990,Delivered,Cash on Delivery
ORD11334,CUST2584,17-03-2025,Noida,PROD188,3,499,1497,Cancelled,Cash on Delivery
ORD11335,CUST4836,01-09-2024,Ahmedabad,PROD139,3,499,1497,Shipped,Cash on Delivery
ORD11336,CUST1673,15-12-2023,Visakhapatnam,PROD210,1,2499,2499,Returned,Cash on Delivery
ORD11337,CUST1991,12-10-2023,Surat,PROD209,2,1799,3598,Cancelled,PayPal
ORD11338,CUST1743,19-05-2023,Hyderabad,PROD157,1,14999,14999,Delivered,Credit Card
ORD11339,CUST2217,26-10-2024,Kolkata,PROD130,3,599,1797,Delivered,Cash on Delivery
ORD11340,CUST3863,26-10-2022,Kolkata,PROD156,1,29990,29990,Pending,Cash on Delivery
ORD11341,CUST2880,05-04-2024,Kolkata,PROD167,1,3499,3499,Delivered,PayPal
ORD11342,CUST3676,08-05-2023,Kochi,PROD195,1,4499,4499,Cancelled,Cash on Delivery
ORD11343,CUST1536,10-05-2025,Delhi,PROD108,2,1499,2998,Returned,PayPal
ORD11344,CUST5278,03-10-2024,Delhi,PROD166,1,9499,9499,Delivered,PayPal
ORD11345,CUST4139,15-02-2023,Kolkata,PROD211,2,1799,3598,Returned,Credit Card
ORD11346,CUST4800,07-11-2022,Mumbai,PROD199,3,1299,3897,Shipped,PayPal
ORD11347,CUST2458,21-02-2025,Ahmedabad,PROD116,1,3499,3499,Shipped,Cash on Delivery
ORD11348,CUST1709,26-05-2023,Bangalore,PROD167,1,3499,3499,Cancelled,Credit Card
ORD11349,CUST3333,22-01-2025,Chennai,PROD155,1,34999,34999,Pending,Credit Card
ORD11350,CUST5146,01-04-2023,Gurgaon,PROD128,2,799,1598,Shipped,PayPal
ORD11351,CUST4231,21-07-2025,Bhubaneswar,PROD173,2,1299,2598,Cancelled,Cash on Delivery
ORD11352,CUST1090,05-11-2023,Bangalore,PROD123,3,449,1347,Cancelled,Credit Card
ORD11353,CUST1396,02-07-2024,Jaipur,PROD182,3,1899,5697,Returned,Cash on Delivery
ORD11354,CUST1711,10-08-2024,Pune,PROD176,1,3499,3499,Pending,Cash on Delivery
ORD11355,CUST4805,23-01-2024,Bangalore,PROD192,1,4999,4999,Cancelled,PayPal
ORD11356,CUST4792,09-09-2023,Bhubaneswar,PROD153,1,62990,62990,Returned,Credit Card
ORD11357,CUST3714,26-04-2025,Chennai,PROD111,2,1899,3798,Cancelled,Cash on Delivery
ORD11358,CUST5265,04-01-2025,Chennai,PROD154,1,71990,71990,Returned,PayPal
ORD11359,CUST4662,09-12-2024,Hyderabad,PROD144,1,58499,58499,Cancelled,Cash on Delivery
ORD11360,CUST2819,24-08-2024,Mumbai,PROD147,1,29990,29990,Shipped,Credit Card
ORD11361,CUST3686,17-02-2024,Pune,PROD203,2,1999,3998,Pending,Cash on Delivery
ORD11362,CUST2118,18-10-2023,Pune,PROD219,3,799,2397,Cancelled,Credit Card
ORD11363,CUST3325,05-07-2025,Delhi,PROD219,3,799,2397,Delivered,Credit Card
ORD11364,CUST1504,07-10-2022,Ahmedabad,PROD205,3,399,1197,Returned,Cash on Delivery
ORD11365,CUST4391,09-09-2022,Mumbai,PROD173,3,1299,3897,Delivered,Credit Card
ORD11366,CUST4802,17-08-2023,Hyderabad,PROD211,3,1799,5397,Returned,PayPal
ORD11367,CUST2212,19-01-2024,Kolkata,PROD127,2,899,1798,Cancelled,Cash on Delivery
ORD11368,CUST3309,17-07-2024,Pune,PROD122,3,399,1197,Cancelled,Credit Card
ORD11369,CUST1545,08-10-2023,Bangalore,PROD167,1,3499,3499,Delivered,PayPal
ORD11370,CUST4575,09-07-2023,Chennai,PROD150,1,42999,42999,Cancelled,Credit Card
ORD11371,CUST3149,08-02-2024,Bhubaneswar,PROD152,1,39999,39999,Pending,Credit Card
ORD11372,CUST4891,09-10-2022,Nagpur,PROD174,3,899,2697,Pending,Credit Card
ORD11373,CUST3762,16-03-2024,Delhi,PROD142,1,59999,59999,Cancelled,Cash on Delivery
ORD11374,CUST4885,13-08-2023,Surat,PROD213,3,1999,5997,Shipped,PayPal
ORD11375,CUST3040,28-01-2023,Chennai,PROD144,1,58499,58499,Delivered,PayPal
ORD11376,CUST3910,07-04-2025,Mumbai,PROD138,3,799,2397,Returned,Cash on Delivery
ORD11377,CUST2656,22-05-2023,Bangalore,PROD216,1,2299,2299,Shipped,Credit Card
ORD11378,CUST5050,23-07-2025,Bhubaneswar,PROD167,1,3499,3499,Cancelled,Credit Card
ORD11379,CUST1852,19-09-2022,Pune,PROD215,2,1799,3598,Cancelled,PayPal
ORD11380,CUST4627,20-07-2023,Chennai,PROD202,3,1499,4497,Shipped,Cash on Delivery
ORD11381,CUST2429,08-01-2024,Surat,PROD143,1,89999,89999,Returned,PayPal
ORD11382,CUST1536,05-03-2024,Pune,PROD180,1,2499,2499,Pending,Credit Card
ORD11383,CUST4475,16-01-2025,Bhubaneswar,PROD170,1,2499,2499,Pending,Cash on Delivery
ORD11384,CUST1870,07-05-2023,Pune,PROD199,3,1299,3897,Returned,Cash on Delivery
ORD11385,CUST1954,17-08-2024,Chennai,PROD113,3,1499,4497,Pending,Credit Card
ORD11386,CUST3519,07-11-2022,Gurgaon,PROD161,2,1499,2998,Returned,Credit Card
ORD11387,CUST4433,04-05-2024,Chandigarh,PROD158,1,8995,8995,Shipped,Cash on Delivery
ORD11388,CUST1640,13-04-2025,Chennai,PROD127,2,899,1798,Delivered,PayPal
ORD11389,CUST2405,21-09-2022,Bangalore,PROD112,3,1699,5097,Returned,Credit Card
ORD11390,CUST1596,28-12-2022,Pune,PROD176,1,3499,3499,Cancelled,PayPal
ORD11391,CUST1181,31-01-2023,Nagpur,PROD212,1,5499,5499,Returned,PayPal
ORD11392,CUST4658,17-05-2025,Chennai,PROD147,1,29990,29990,Cancelled,PayPal
ORD11393,CUST3121,04-04-2025,Bhubaneswar,PROD172,1,3999,3999,Shipped,Cash on Delivery
ORD11394,CUST2852,14-01-2024,Pune,PROD143,1,89999,89999,Shipped,Credit Card
ORD11395,CUST2805,15-11-2023,Nagpur,PROD108,3,1499,4497,Cancelled,Cash on Delivery
ORD11396,CUST4038,28-03-2024,Pune,PROD144,1,58499,58499,Cancelled,PayPal
ORD11397,CUST3498,27-05-2024,Chennai,PROD201,2,799,1598,Returned,PayPal
ORD11398,CUST4708,08-08-2023,Mumbai,PROD208,3,899,2697,Pending,Cash on Delivery
ORD11399,CUST2323,07-08-2024,Patna,PROD162,1,3299,3299,Cancelled,PayPal
ORD11400,CUST1151,21-11-2022,Pune,PROD102,2,1799,3598,Pending,PayPal
ORD11401,CUST2992,27-07-2025,Ahmedabad,PROD186,1,3499,3499,Pending,Credit Card
ORD11402,CUST3632,24-04-2023,Indore,PROD192,1,4999,4999,Shipped,Cash on Delivery
ORD11403,CUST1364,06-05-2025,Noida,PROD110,1,2999,2999,Pending,PayPal
ORD11404,CUST2357,30-01-2024,Hyderabad,PROD101,1,6499,6499,Pending,Cash on Delivery
ORD11405,CUST5238,27-12-2024,Bangalore,PROD141,1,64999,64999,Delivered,PayPal
ORD11406,CUST2282,17-07-2025,Delhi,PROD177,3,1599,4797,Shipped,Credit Card
ORD11407,CUST1662,24-12-2023,Pune,PROD107,3,1299,3897,Shipped,Credit Card
ORD11408,CUST4053,29-06-2023,Kolkata,PROD125,2,549,1098,Cancelled,Credit Card
ORD11409,CUST2408,14-04-2025,Kochi,PROD116,1,3499,3499,Delivered,Cash on Delivery
ORD11410,CUST3275,23-11-2024,Pune,PROD148,1,6499,6499,Returned,Cash on Delivery
ORD11411,CUST2992,20-10-2024,Hyderabad,PROD197,1,5999,5999,Cancelled,PayPal
ORD11412,CUST4451,03-04-2023,Kolkata,PROD202,2,1499,2998,Cancelled,PayPal
ORD11413,CUST4262,31-07-2024,Mumbai,PROD135,2,350,700,Returned,Credit Card
ORD11414,CUST2951,11-10-2022,Bhubaneswar,PROD170,1,2499,2499,Shipped,Cash on Delivery
ORD11415,CUST1456,20-08-2025,Chandigarh,PROD188,3,499,1497,Cancelled,Credit Card
ORD11416,CUST1155,30-04-2023,Bhubaneswar,PROD141,1,64999,64999,Pending,Cash on Delivery
ORD11417,CUST5143,27-05-2025,Patna,PROD147,1,29990,29990,Pending,Cash on Delivery
ORD11418,CUST2106,14-02-2023,Noida,PROD197,1,5999,5999,Returned,Cash on Delivery
ORD11419,CUST3437,04-07-2024,Ahmedabad,PROD105,1,2499,2499,Shipped,PayPal
ORD11420,CUST1586,15-03-2024,Pune,PROD159,1,4499,4499,Delivered,Credit Card
ORD11421,CUST4113,09-06-2025,Pune,PROD146,1,34999,34999,Cancelled,Credit Card
ORD11422,CUST2740,17-06-2023,Visakhapatnam,PROD177,2,1599,3198,Shipped,Credit Card
ORD11423,CUST4373,20-02-2025,Chandigarh,PROD174,2,899,1798,Pending,PayPal
ORD11424,CUST4734,19-03-2025,Chandigarh,PROD114,2,1999,3998,Delivered,Credit Card
ORD11425,CUST2022,24-11-2023,Chandigarh,PROD189,3,899,2697,Delivered,Cash on Delivery
ORD11426,CUST2957,14-09-2022,Hyderabad,PROD133,3,299,897,Delivered,Cash on Delivery
ORD11427,CUST2065,08-11-2022,Delhi,PROD127,3,899,2697,Cancelled,Cash on Delivery
ORD11428,CUST4286,11-12-2023,Chennai,PROD168,3,1299,3897,Returned,Cash on Delivery
ORD11429,CUST4441,18-10-2022,Chennai,PROD185,2,1499,2998,Cancelled,Credit Card
ORD11430,CUST1204,18-06-2024,Mumbai,PROD211,2,1799,3598,Pending,Cash on Delivery
ORD11431,CUST2892,06-04-2023,Chennai,PROD216,1,2299,2299,Delivered,Credit Card
ORD11432,CUST4999,10-10-2024,Mumbai,PROD181,2,1299,2598,Shipped,Cash on Delivery
ORD11433,CUST1025,16-03-2025,Nagpur,PROD184,1,2999,2999,Cancelled,Cash on Delivery
ORD11434,CUST3036,26-03-2024,Kochi,PROD217,2,999,1998,Delivered,Credit Card
ORD11435,CUST2042,26-10-2022,Pune,PROD163,1,4999,4999,Cancelled,Cash on Delivery
ORD11436,CUST5014,07-10-2023,Hyderabad,PROD186,1,3499,3499,Returned,Cash on Delivery
ORD11437,CUST4669,22-03-2025,Bangalore,PROD133,3,299,897,Shipped,PayPal
ORD11438,CUST3309,27-04-2023,Mumbai,PROD182,3,1899,5697,Shipped,Cash on Delivery
ORD11439,CUST4779,05-01-2024,Mumbai,PROD121,2,499,998,Returned,Credit Card
ORD11440,CUST3147,15-12-2024,Noida,PROD198,1,6999,6999,Shipped,Credit Card
ORD11441,CUST3856,11-09-2022,Chennai,PROD118,1,2999,2999,Cancelled,Credit Card
ORD11442,CUST2562,20-04-2023,Delhi,PROD219,2,799,1598,Shipped,Cash on Delivery
ORD11443,CUST2193,06-01-2023,Kochi,PROD186,1,3499,3499,Delivered,Credit Card
ORD11444,CUST1701,03-01-2025,Mumbai,PROD153,1,62990,62990,Pending,PayPal
ORD11445,CUST4610,15-03-2024,Visakhapatnam,PROD183,2,999,1998,Cancelled,Credit Card
ORD11446,CUST3724,11-07-2025,Kolkata,PROD190,1,2499,2499,Shipped,Cash on Delivery
ORD11447,CUST4064,25-01-2025,Kolkata,PROD131,2,499,998,Delivered,PayPal
ORD11448,CUST3224,11-02-2023,Mumbai,PROD125,2,549,1098,Returned,Cash on Delivery
ORD11449,CUST2729,02-08-2023,Pune,PROD183,2,999,1998,Pending,Cash on Delivery
ORD11450,CUST3844,01-02-2025,Kochi,PROD195,1,4499,4499,Delivered,Credit Card
ORD11451,CUST2481,07-02-2024,Visakhapatnam,PROD164,2,1199,2398,Cancelled,Cash on Delivery
ORD11452,CUST4165,13-10-2023,Delhi,PROD142,1,59999,59999,Delivered,PayPal
ORD11453,CUST2756,13-06-2023,Pune,PROD104,1,4499,4499,Pending,Credit Card
ORD11454,CUST4261,21-06-2023,Nagpur,PROD199,2,1299,2598,Cancelled,Credit Card
ORD11455,CUST3112,12-01-2023,Bangalore,PROD214,2,499,998,Cancelled,Cash on Delivery
ORD11456,CUST3846,17-09-2022,Kochi,PROD216,1,2299,2299,Pending,PayPal
ORD11457,CUST2732,24-07-2024,Hyderabad,PROD108,3,1499,4497,Shipped,PayPal
ORD11458,CUST2814,18-03-2025,Mumbai,PROD174,3,899,2697,Returned,Credit Card
ORD11459,CUST2853,01-08-2025,Chennai,PROD109,1,2399,2399,Cancelled,Cash on Delivery
ORD11460,CUST1815,20-10-2022,Kolkata,PROD109,1,2399,2399,Pending,PayPal
ORD11461,CUST2104,24-08-2025,Delhi,PROD182,3,1899,5697,Delivered,Credit Card
ORD11462,CUST1938,07-06-2023,Pune,PROD176,1,3499,3499,Delivered,Cash on Delivery
ORD11463,CUST4189,26-03-2024,Kolkata,PROD102,3,1799,5397,Pending,Cash on Delivery
ORD11464,CUST3533,29-12-2023,Lucknow,PROD185,2,1499,2998,Cancelled,Credit Card
ORD11465,CUST2827,01-05-2025,Mumbai,PROD133,2,299,598,Returned,PayPal
ORD11466,CUST1740,29-05-2023,Visakhapatnam,PROD202,3,1499,4497,Cancelled,PayPal
ORD11467,CUST5038,01-06-2025,Chennai,PROD177,3,1599,4797,Delivered,PayPal
ORD11468,CUST2550,30-07-2025,Delhi,PROD111,2,1899,3798,Delivered,PayPal
ORD11469,CUST3216,29-07-2023,Jaipur,PROD151,1,49999,49999,Shipped,Cash on Delivery
ORD11470,CUST2801,16-10-2022,Hyderabad,PROD160,1,5999,5999,Pending,Credit Card
ORD11471,CUST4255,27-09-2023,Bangalore,PROD104,1,4499,4499,Returned,PayPal
ORD11472,CUST3942,27-08-2024,Delhi,PROD218,2,299,598,Cancelled,Credit Card
ORD11473,CUST3251,08-10-2022,Chennai,PROD140,1,69999,69999,Pending,Credit Card
ORD11474,CUST2341,14-05-2024,Gurgaon,PROD170,1,2499,2499,Shipped,PayPal
ORD11475,CUST2694,19-03-2025,Hyderabad,PROD128,2,799,1598,Shipped,Cash on Delivery
ORD11476,CUST4740,09-10-2022,Chandigarh,PROD204,1,2299,2299,Pending,Cash on Delivery
ORD11477,CUST2281,13-09-2023,Chandigarh,PROD114,3,1999,5997,Cancelled,PayPal
ORD11478,CUST1504,29-05-2025,Chennai,PROD146,1,34999,34999,Shipped,Cash on Delivery
ORD11479,CUST3182,15-09-2023,Noida,PROD182,3,1899,5697,Pending,Cash on Delivery
ORD11480,CUST2022,27-05-2024,Chennai,PROD157,1,14999,14999,Cancelled,PayPal
ORD11481,CUST4396,07-08-2025,Bangalore,PROD108,2,1499,2998,Returned,Cash on Delivery
ORD11482,CUST5006,21-05-2025,Pune,PROD150,1,42999,42999,Cancelled,PayPal
ORD11483,CUST2393,09-07-2025,Bangalore,PROD189,3,899,2697,Cancelled,Credit Card
ORD11484,CUST1695,21-09-2024,Chandigarh,PROD163,1,4999,4999,Cancelled,Cash on Delivery
ORD11485,CUST3116,04-04-2024,Kochi,PROD102,2,1799,3598,Returned,Cash on Delivery
ORD11486,CUST3303,21-05-2025,Kolkata,PROD108,2,1499,2998,Delivered,Cash on Delivery
ORD11487,CUST4254,13-04-2023,Pune,PROD196,2,899,1798,Pending,PayPal
ORD11488,CUST4455,07-05-2025,Nagpur,PROD210,1,2499,2499,Cancelled,Cash on Delivery
ORD11489,CUST5310,20-10-2024,Chennai,PROD146,1,34999,34999,Delivered,PayPal
ORD11490,CUST2684,10-07-2023,Delhi,PROD139,2,499,998,Shipped,PayPal
ORD11491,CUST2745,25-12-2024,Kolkata,PROD134,3,450,1350,Cancelled,Cash on Delivery
ORD11492,CUST5069,31-10-2024,Visakhapatnam,PROD181,2,1299,2598,Delivered,Credit Card
ORD11493,CUST2407,11-05-2023,Jaipur,PROD169,3,1899,5697,Pending,Cash on Delivery
ORD11494,CUST3504,05-11-2023,Kolkata,PROD112,2,1699,3398,Delivered,Credit Card
ORD11495,CUST3524,08-06-2024,Surat,PROD218,3,299,897,Shipped,PayPal
ORD11496,CUST2357,10-01-2024,Kolkata,PROD148,1,6499,6499,Shipped,Credit Card
ORD11497,CUST2029,25-07-2023,Mumbai,PROD153,1,62990,62990,Delivered,Cash on Delivery
ORD11498,CUST1836,08-12-2024,Pune,PROD157,1,14999,14999,Delivered,Credit Card
ORD11499,CUST1107,07-11-2022,Jaipur,PROD142,1,59999,59999,Cancelled,Credit Card
ORD11500,CUST5159,13-11-2022,Chennai,PROD210,1,2499,2499,Pending,Credit Card
ORD11501,CUST2179,24-12-2024,Delhi,PROD171,1,6999,6999,Shipped,Credit Card
ORD11502,CUST1547,29-02-2024,Mumbai,PROD119,2,1799,3598,Delivered,PayPal
ORD11503,CUST3485,26-06-2024,Pune,PROD150,1,42999,42999,Shipped,PayPal
ORD11504,CUST1591,02-09-2024,Ahmedabad,PROD153,1,62990,62990,Pending,Credit Card
ORD11505,CUST2316,01-04-2024,Bangalore,PROD171,1,6999,6999,Delivered,Credit Card
ORD11506,CUST3962,02-12-2023,Delhi,PROD155,1,34999,34999,Returned,PayPal
ORD11507,CUST3341,03-11-2022,Hyderabad,PROD150,1,42999,42999,Cancelled,PayPal
ORD11508,CUST3309,21-03-2023,Nagpur,PROD138,2,799,1598,Pending,PayPal
ORD11509,CUST3040,18-07-2023,Hyderabad,PROD197,1,5999,5999,Shipped,Cash on Delivery
ORD11510,CUST4081,04-03-2025,Chennai,PROD122,3,399,1197,Shipped,Credit Card
ORD11511,CUST5129,05-04-2024,Ahmedabad,PROD163,1,4999,4999,Delivered,PayPal
ORD11512,CUST3793,03-02-2025,Kolkata,PROD191,2,1999,3998,Returned,PayPal
ORD11513,CUST4702,17-09-2024,Delhi,PROD134,2,450,900,Pending,PayPal
ORD11514,CUST1307,24-06-2024,Chennai,PROD196,2,899,1798,Delivered,PayPal
ORD11515,CUST4322,30-05-2025,Gurgaon,PROD130,3,599,1797,Returned,Cash on Delivery
ORD11516,CUST4800,25-01-2024,Mumbai,PROD202,2,1499,2998,Returned,Credit Card
ORD11517,CUST1444,28-02-2024,Mumbai,PROD202,3,1499,4497,Returned,PayPal
ORD11518,CUST4901,19-05-2024,Kolkata,PROD176,1,3499,3499,Shipped,Cash on Delivery
ORD11519,CUST4669,21-10-2024,Pune,PROD101,1,6499,6499,Returned,Credit Card
ORD11520,CUST3953,08-04-2023,Chennai,PROD202,2,1499,2998,Cancelled,Cash on Delivery
ORD11521,CUST2769,31-10-2024,Pune,PROD144,1,58499,58499,Shipped,PayPal
ORD11522,CUST2676,22-12-2024,Delhi,PROD121,3,499,1497,Shipped,Cash on Delivery
ORD11523,CUST1426,08-04-2025,Surat,PROD172,1,3999,3999,Pending,Cash on Delivery
ORD11524,CUST1788,01-08-2025,Hyderabad,PROD135,3,350,1050,Shipped,Credit Card
ORD11525,CUST3850,09-07-2025,Mumbai,PROD179,3,1799,5397,Returned,PayPal
ORD11526,CUST2743,25-01-2024,Pune,PROD218,3,299,897,Cancelled,Credit Card
ORD11527,CUST5194,09-05-2025,Bangalore,PROD201,3,799,2397,Shipped,Credit Card
ORD11528,CUST2605,28-03-2025,Bangalore,PROD216,1,2299,2299,Shipped,Credit Card
ORD11529,CUST3633,18-08-2023,Nagpur,PROD130,2,599,1198,Pending,Credit Card
ORD11530,CUST2156,15-09-2022,Noida,PROD103,1,2999,2999,Delivered,Cash on Delivery
ORD11531,CUST3546,10-05-2024,Bangalore,PROD158,1,8995,8995,Shipped,Credit Card
ORD11532,CUST2380,21-06-2023,Chennai,PROD101,1,6499,6499,Pending,PayPal
ORD11533,CUST1269,29-04-2024,Bangalore,PROD123,2,449,898,Shipped,Credit Card
ORD11534,CUST2917,22-11-2023,Delhi,PROD167,1,3499,3499,Cancelled,Cash on Delivery
ORD11535,CUST2106,25-12-2022,Bangalore,PROD128,3,799,2397,Delivered,Credit Card
ORD11536,CUST3163,13-04-2023,Mumbai,PROD113,2,1499,2998,Returned,PayPal
ORD11537,CUST2045,04-03-2025,Kolkata,PROD114,3,1999,5997,Shipped,Cash on Delivery
ORD11538,CUST3340,24-01-2025,Kolkata,PROD137,2,599,1198,Shipped,Cash on Delivery
ORD11539,CUST4244,31-05-2024,Surat,PROD153,1,62990,62990,Cancelled,PayPal
ORD11540,CUST4799,30-06-2024,Chennai,PROD207,3,1299,3897,Returned,Credit Card
ORD11541,CUST3374,26-01-2025,Pune,PROD197,1,5999,5999,Shipped,Cash on Delivery
ORD11542,CUST2104,09-11-2022,Kochi,PROD164,3,1199,3597,Shipped,Cash on Delivery
ORD11543,CUST1945,19-12-2023,Pune,PROD187,1,4999,4999,Returned,Cash on Delivery
ORD11544,CUST4226,30-05-2025,Indore,PROD216,1,2299,2299,Shipped,PayPal
ORD11545,CUST3081,12-05-2023,Kolkata,PROD166,1,9499,9499,Pending,Cash on Delivery
ORD11546,CUST4045,27-01-2023,Noida,PROD211,3,1799,5397,Returned,Credit Card
ORD11547,CUST2188,20-06-2024,Mumbai,PROD201,2,799,1598,Delivered,Credit Card
ORD11548,CUST1937,22-12-2023,Chennai,PROD114,2,1999,3998,Delivered,PayPal
ORD11549,CUST2677,12-03-2023,Delhi,PROD218,2,299,598,Shipped,PayPal
ORD11550,CUST3405,19-09-2022,Gurgaon,PROD204,1,2299,2299,Delivered,Cash on Delivery
ORD11551,CUST5026,03-11-2024,Chennai,PROD212,1,5499,5499,Delivered,Credit Card
ORD11552,CUST3189,12-06-2024,Kolkata,PROD203,3,1999,5997,Delivered,Cash on Delivery
ORD11553,CUST3309,04-08-2023,Kolkata,PROD118,1,2999,2999,Returned,Credit Card
ORD11554,CUST4894,13-12-2024,Pune,PROD192,1,4999,4999,Cancelled,Cash on Delivery
ORD11555,CUST3184,22-10-2023,Mumbai,PROD219,3,799,2397,Pending,PayPal
ORD11556,CUST1593,03-07-2025,Kolkata,PROD215,2,1799,3598,Delivered,Cash on Delivery
ORD11557,CUST4055,08-12-2022,Pune,PROD197,1,5999,5999,Returned,Credit Card
ORD11558,CUST4097,05-01-2024,Bhubaneswar,PROD141,1,64999,64999,Delivered,Credit Card
ORD11559,CUST1104,11-08-2024,Hyderabad,PROD166,1,9499,9499,Pending,Cash on Delivery
ORD11560,CUST4096,04-06-2025,Bhubaneswar,PROD137,2,599,1198,Shipped,PayPal
ORD11561,CUST2208,30-01-2024,Lucknow,PROD160,1,5999,5999,Pending,Credit Card
ORD11562,CUST3250,30-03-2025,Delhi,PROD135,3,350,1050,Shipped,PayPal
ORD11563,CUST1788,13-02-2025,Ahmedabad,PROD192,1,4999,4999,Returned,Credit Card
ORD11564,CUST3909,25-09-2023,Surat,PROD100,1,2799,2799,Delivered,PayPal
ORD11565,CUST4764,12-12-2024,Delhi,PROD164,3,1199,3597,Returned,PayPal
ORD11566,CUST3098,16-06-2023,Chennai,PROD192,1,4999,4999,Shipped,Credit Card
ORD11567,CUST4611,30-12-2024,Noida,PROD176,1,3499,3499,Delivered,Credit Card
ORD11568,CUST3843,25-10-2024,Noida,PROD161,3,1499,4497,Delivered,Cash on Delivery
ORD11569,CUST2399,27-06-2024,Kolkata,PROD207,2,1299,2598,Pending,PayPal
ORD11570,CUST1981,13-03-2025,Delhi,PROD122,2,399,798,Shipped,Cash on Delivery
ORD11571,CUST3528,29-05-2024,Ahmedabad,PROD203,3,1999,5997,Delivered,PayPal
ORD11572,CUST3481,28-05-2024,Jaipur,PROD106,1,5999,5999,Delivered,PayPal
ORD11573,CUST2159,14-04-2023,Bangalore,PROD168,3,1299,3897,Cancelled,PayPal
ORD11574,CUST1548,01-05-2025,Kolkata,PROD118,1,2999,2999,Pending,Cash on Delivery
ORD11575,CUST3613,28-01-2024,Chennai,PROD166,1,9499,9499,Pending,Credit Card
ORD11576,CUST1787,09-01-2023,Kolkata,PROD169,2,1899,3798,Returned,Credit Card
ORD11577,CUST1951,10-12-2023,Kochi,PROD176,1,3499,3499,Delivered,Cash on Delivery
ORD11578,CUST4528,01-02-2023,Bangalore,PROD188,3,499,1497,Pending,Cash on Delivery
ORD11579,CUST3311,24-03-2023,Bhubaneswar,PROD133,2,299,598,Shipped,Cash on Delivery
ORD11580,CUST3259,14-10-2023,Pune,PROD182,2,1899,3798,Returned,Cash on Delivery
ORD11581,CUST2195,21-10-2023,Chennai,PROD149,2,1499,2998,Delivered,Cash on Delivery
ORD11582,CUST4612,14-08-2023,Pune,PROD165,3,1799,5397,Delivered,Cash on Delivery
ORD11583,CUST4855,14-02-2025,Pune,PROD168,2,1299,2598,Delivered,Credit Card
ORD11584,CUST1171,05-06-2024,Bangalore,PROD188,2,499,998,Delivered,Credit Card
ORD11585,CUST4607,02-08-2024,Mumbai,PROD201,3,799,2397,Returned,Credit Card
ORD11586,CUST3224,03-09-2023,Kolkata,PROD216,1,2299,2299,Cancelled,PayPal
ORD11587,CUST3283,28-05-2023,Visakhapatnam,PROD165,3,1799,5397,Pending,PayPal
ORD11588,CUST1379,29-06-2023,Noida,PROD162,1,3299,3299,Delivered,Credit Card
ORD11589,CUST3309,20-11-2022,Ahmedabad,PROD148,1,6499,6499,Cancelled,PayPal
ORD11590,CUST4094,14-04-2024,Kochi,PROD165,3,1799,5397,Returned,Credit Card
ORD11591,CUST1388,20-10-2022,Chandigarh,PROD200,1,2499,2499,Cancelled,PayPal
ORD11592,CUST3931,28-12-2024,Mumbai,PROD110,1,2999,2999,Pending,PayPal
ORD11593,CUST1607,05-05-2024,Lucknow,PROD105,1,2499,2499,Cancelled,PayPal
ORD11594,CUST4664,30-04-2025,Pune,PROD103,1,2999,2999,Shipped,PayPal
ORD11595,CUST5020,24-01-2025,Mumbai,PROD139,2,499,998,Pending,Cash on Delivery
ORD11596,CUST3670,28-10-2024,Pune,PROD120,3,599,1797,Delivered,PayPal
ORD11597,CUST5212,20-08-2025,Lucknow,PROD142,1,59999,59999,Shipped,PayPal
ORD11598,CUST3143,12-06-2023,Bangalore,PROD129,2,349,698,Pending,Cash on Delivery
ORD11599,CUST2866,26-10-2024,Hyderabad,PROD135,3,350,1050,Pending,Credit Card
ORD11600,CUST4335,07-07-2023,Kolkata,PROD213,3,1999,5997,Pending,PayPal
ORD11601,CUST3906,31-10-2024,Noida,PROD197,1,5999,5999,Cancelled,PayPal
ORD11602,CUST3023,12-01-2024,Visakhapatnam,PROD109,1,2399,2399,Returned,Cash on Delivery
ORD11603,CUST5036,12-12-2022,Pune,PROD190,1,2499,2499,Pending,Cash on Delivery
ORD11604,CUST4515,16-04-2023,Kolkata,PROD200,1,2499,2499,Pending,Credit Card
ORD11605,CUST2726,22-10-2022,Bangalore,PROD186,1,3499,3499,Shipped,PayPal
ORD11606,CUST2837,23-05-2025,Bhubaneswar,PROD203,2,1999,3998,Cancelled,Cash on Delivery
ORD11607,CUST5064,20-07-2024,Bangalore,PROD180,1,2499,2499,Delivered,Credit Card
ORD11608,CUST2874,09-10-2022,Mumbai,PROD203,3,1999,5997,Pending,Credit Card
ORD11609,CUST2996,16-04-2025,Chennai,PROD154,1,71990,71990,Delivered,Credit Card
ORD11610,CUST2822,18-11-2024,Bhubaneswar,PROD134,2,450,900,Returned,Cash on Delivery
ORD11611,CUST2551,26-12-2023,Jaipur,PROD159,1,4499,4499,Cancelled,Credit Card
ORD11612,CUST3447,11-06-2025,Patna,PROD141,1,64999,64999,Pending,Cash on Delivery
ORD11613,CUST1128,03-10-2022,Mumbai,PROD111,3,1899,5697,Returned,PayPal
ORD11614,CUST1330,03-04-2024,Pune,PROD174,2,899,1798,Cancelled,Credit Card
ORD11615,CUST4918,02-11-2024,Kolkata,PROD160,1,5999,5999,Cancelled,PayPal
ORD11616,CUST2583,31-05-2025,Surat,PROD175,2,1499,2998,Returned,PayPal
ORD11617,CUST3035,20-07-2024,Gurgaon,PROD205,3,399,1197,Shipped,Credit Card
ORD11618,CUST2736,03-06-2024,Patna,PROD163,1,4999,4999,Cancelled,Cash on Delivery
ORD11619,CUST5010,09-08-2024,Chennai,PROD179,2,1799,3598,Delivered,Credit Card
ORD11620,CUST3015,07-12-2024,Chennai,PROD102,2,1799,3598,Delivered,Credit Card
ORD11621,CUST1797,20-12-2023,Lucknow,PROD219,3,799,2397,Shipped,PayPal
ORD11622,CUST4854,14-02-2023,Delhi,PROD145,1,62990,62990,Cancelled,Cash on Delivery
ORD11623,CUST1679,22-05-2023,Pune,PROD207,2,1299,2598,Returned,Credit Card
ORD11624,CUST4855,28-04-2023,Chennai,PROD206,3,699,2097,Cancelled,Credit Card
ORD11625,CUST4578,06-01-2024,Noida,PROD142,1,59999,59999,Returned,Cash on Delivery
ORD11626,CUST2629,12-08-2025,Bangalore,PROD159,1,4499,4499,Returned,Cash on Delivery
ORD11627,CUST1993,09-06-2025,Bangalore,PROD195,1,4499,4499,Cancelled,PayPal
ORD11628,CUST2315,23-03-2025,Bhubaneswar,PROD102,3,1799,5397,Pending,PayPal
ORD11629,CUST3703,06-01-2023,Mumbai,PROD136,3,499,1497,Returned,Credit Card
ORD11630,CUST3766,13-08-2025,Kolkata,PROD167,1,3499,3499,Shipped,PayPal
ORD11631,CUST2130,17-05-2025,Pune,PROD117,1,2299,2299,Cancelled,Cash on Delivery
ORD11632,CUST2976,08-05-2025,Kochi,PROD217,2,999,1998,Cancelled,Credit Card
ORD11633,CUST1360,30-07-2023,Kochi,PROD185,2,1499,2998,Shipped,Cash on Delivery
ORD11634,CUST5102,30-01-2025,Visakhapatnam,PROD134,2,450,900,Cancelled,Credit Card
ORD11635,CUST3508,21-06-2025,Surat,PROD211,2,1799,3598,Delivered,Cash on Delivery
ORD11636,CUST5283,28-06-2024,Chennai,PROD172,1,3999,3999,Pending,PayPal
ORD11637,CUST1830,15-11-2022,Delhi,PROD141,1,64999,64999,Delivered,Cash on Delivery
ORD11638,CUST1226,12-06-2023,Kochi,PROD162,1,3299,3299,Shipped,Cash on Delivery
ORD11639,CUST4240,07-04-2025,Delhi,PROD176,1,3499,3499,Shipped,Cash on Delivery
ORD11640,CUST4031,30-01-2024,Bangalore,PROD184,1,2999,2999,Returned,PayPal
ORD11641,CUST2981,17-05-2023,Bangalore,PROD202,2,1499,2998,Delivered,PayPal
ORD11642,CUST2857,05-11-2023,Delhi,PROD144,1,58499,58499,Returned,PayPal
ORD11643,CUST2816,05-04-2023,Kolkata,PROD156,1,29990,29990,Pending,Cash on Delivery
ORD11644,CUST4725,22-03-2025,Chennai,PROD191,3,1999,5997,Shipped,Credit Card
ORD11645,CUST1873,03-12-2022,Pune,PROD129,3,349,1047,Pending,PayPal
ORD11646,CUST2899,31-01-2023,Nagpur,PROD129,3,349,1047,Pending,Credit Card
ORD11647,CUST1781,28-06-2024,Pune,PROD201,3,799,2397,Shipped,Credit Card
ORD11648,CUST1791,26-11-2024,Hyderabad,PROD213,3,1999,5997,Pending,Cash on Delivery
ORD11649,CUST2348,14-06-2023,Nagpur,PROD175,3,1499,4497,Returned,PayPal
ORD11650,CUST1825,23-01-2024,Surat,PROD199,2,1299,2598,Pending,Credit Card
ORD11651,CUST3611,31-07-2024,Bhubaneswar,PROD217,3,999,2997,Returned,PayPal
ORD11652,CUST3719,09-11-2024,Mumbai,PROD108,3,1499,4497,Returned,Cash on Delivery
ORD11653,CUST5046,09-03-2023,Pune,PROD136,3,499,1497,Returned,Cash on Delivery
ORD11654,CUST3921,11-07-2024,Delhi,PROD144,1,58499,58499,Delivered,Credit Card
ORD11655,CUST1154,23-05-2025,Pune,PROD102,2,1799,3598,Delivered,PayPal
ORD11656,CUST3116,28-06-2025,Delhi,PROD188,3,499,1497,Pending,Credit Card
ORD11657,CUST1851,01-09-2024,Kolkata,PROD198,1,6999,6999,Shipped,Cash on Delivery
ORD11658,CUST2568,06-09-2024,Delhi,PROD131,2,499,998,Shipped,PayPal
ORD11659,CUST3309,25-10-2023,Ahmedabad,PROD207,2,1299,2598,Cancelled,PayPal
ORD11660,CUST1686,14-09-2024,Bangalore,PROD135,2,350,700,Shipped,PayPal
ORD11661,CUST3605,20-09-2023,Gurgaon,PROD175,3,1499,4497,Shipped,PayPal
ORD11662,CUST4699,15-09-2022,Noida,PROD148,1,6499,6499,Cancelled,Cash on Delivery
ORD11663,CUST3226,07-04-2025,Pune,PROD206,2,699,1398,Delivered,PayPal
ORD11664,CUST2652,30-11-2022,Bangalore,PROD111,3,1899,5697,Delivered,Credit Card
ORD11665,CUST4145,23-10-2024,Lucknow,PROD109,1,2399,2399,Shipped,PayPal
ORD11666,CUST1560,26-03-2023,Bangalore,PROD213,2,1999,3998,Shipped,Credit Card
ORD11667,CUST4088,30-11-2022,Mumbai,PROD151,1,49999,49999,Cancelled,PayPal
ORD11668,CUST1767,22-04-2024,Chennai,PROD201,3,799,2397,Cancelled,PayPal
ORD11669,CUST4975,26-03-2024,Mumbai,PROD155,1,34999,34999,Delivered,Cash on Delivery
ORD11670,CUST4343,18-04-2023,Bhubaneswar,PROD200,1,2499,2499,Returned,Cash on Delivery
ORD11671,CUST1522,10-12-2022,Indore,PROD159,1,4499,4499,Returned,Cash on Delivery
ORD11672,CUST4248,16-11-2022,Bangalore,PROD118,1,2999,2999,Delivered,PayPal
ORD11673,CUST3033,12-06-2023,Ahmedabad,PROD204,1,2299,2299,Pending,Cash on Delivery
ORD11674,CUST1234,04-02-2024,Bangalore,PROD205,2,399,798,Cancelled,Credit Card
ORD11675,CUST2638,28-03-2023,Mumbai,PROD186,1,3499,3499,Shipped,PayPal
ORD11676,CUST5245,22-06-2023,Mumbai,PROD108,3,1499,4497,Delivered,Cash on Delivery
ORD11677,CUST3550,10-06-2024,Delhi,PROD141,1,64999,64999,Returned,PayPal
ORD11678,CUST2973,10-12-2022,Chandigarh,PROD181,2,1299,2598,Returned,PayPal
ORD11679,CUST5055,15-09-2022,Bangalore,PROD181,3,1299,3897,Shipped,Cash on Delivery
ORD11680,CUST1193,03-11-2024,Kochi,PROD146,1,34999,34999,Delivered,Credit Card
ORD11681,CUST2015,11-12-2022,Indore,PROD182,2,1899,3798,Cancelled,PayPal
ORD11682,CUST4463,28-01-2024,Hyderabad,PROD146,1,34999,34999,Cancelled,Cash on Delivery
ORD11683,CUST4962,17-03-2025,Mumbai,PROD185,2,1499,2998,Shipped,Cash on Delivery
ORD11684,CUST2719,24-04-2025,Hyderabad,PROD121,2,499,998,Delivered,Credit Card
ORD11685,CUST1361,05-11-2024,Bhubaneswar,PROD142,1,59999,59999,Delivered,Credit Card
ORD11686,CUST4029,15-11-2023,Kolkata,PROD131,2,499,998,Pending,Cash on Delivery
ORD11687,CUST4695,02-02-2023,Pune,PROD120,3,599,1797,Pending,PayPal
ORD11688,CUST3065,23-11-2023,Kolkata,PROD176,1,3499,3499,Delivered,PayPal
ORD11689,CUST5097,28-01-2024,Delhi,PROD101,1,6499,6499,Pending,Credit Card
ORD11690,CUST4878,06-09-2024,Delhi,PROD173,3,1299,3897,Delivered,PayPal
ORD11691,CUST4824,18-03-2023,Kolkata,PROD170,1,2499,2499,Shipped,PayPal
ORD11692,CUST4660,08-04-2024,Bangalore,PROD136,2,499,998,Cancelled,PayPal
ORD11693,CUST2928,17-03-2023,Hyderabad,PROD126,3,299,897,Returned,Cash on Delivery
ORD11694,CUST3471,02-02-2024,Pune,PROD121,3,499,1497,Delivered,PayPal
ORD11695,CUST4517,07-04-2023,Surat,PROD167,1,3499,3499,Cancelled,PayPal
ORD11696,CUST5069,18-11-2024,Mumbai,PROD131,2,499,998,Returned,PayPal
ORD11697,CUST1578,04-06-2023,Mumbai,PROD106,1,5999,5999,Delivered,Cash on Delivery
ORD11698,CUST3503,07-07-2023,Nagpur,PROD136,3,499,1497,Returned,Credit Card
ORD11699,CUST4657,10-06-2024,Visakhapatnam,PROD207,3,1299,3897,Returned,Credit Card
ORD11700,CUST4497,23-08-2025,Kolkata,PROD187,1,4999,4999,Shipped,PayPal
ORD11701,CUST3133,24-11-2024,Kolkata,PROD219,2,799,1598,Shipped,PayPal
ORD11702,CUST3934,01-01-2023,Hyderabad,PROD162,1,3299,3299,Shipped,Cash on Delivery
ORD11703,CUST2845,15-02-2025,Chennai,PROD137,3,599,1797,Shipped,Credit Card
ORD11704,CUST5188,15-03-2025,Bangalore,PROD100,1,2799,2799,Delivered,Credit Card
ORD11705,CUST3976,19-01-2023,Nagpur,PROD164,3,1199,3597,Pending,PayPal
ORD11706,CUST2485,29-01-2024,Chennai,PROD111,2,1899,3798,Returned,PayPal
ORD11707,CUST4431,30-06-2024,Pune,PROD123,2,449,898,Pending,Cash on Delivery
ORD11708,CUST2605,20-08-2025,Bangalore,PROD203,2,1999,3998,Delivered,Credit Card
ORD11709,CUST3603,20-07-2025,Pune,PROD196,2,899,1798,Shipped,PayPal
ORD11710,CUST1723,23-09-2022,Pune,PROD207,2,1299,2598,Pending,PayPal
ORD11711,CUST3721,11-07-2025,Kolkata,PROD120,3,599,1797,Delivered,Cash on Delivery
ORD11712,CUST4467,26-04-2025,Pune,PROD181,3,1299,3897,Pending,Credit Card
ORD11713,CUST1232,04-08-2024,Delhi,PROD153,1,62990,62990,Delivered,Credit Card
ORD11714,CUST2923,12-06-2025,Chennai,PROD194,2,999,1998,Shipped,PayPal
ORD11715,CUST4280,14-06-2024,Kolkata,PROD179,3,1799,5397,Pending,PayPal
ORD11716,CUST1849,31-10-2022,Kolkata,PROD217,2,999,1998,Delivered,Credit Card
ORD11717,CUST3538,03-12-2022,Delhi,PROD206,2,699,1398,Returned,Cash on Delivery
ORD11718,CUST3357,24-01-2024,Mumbai,PROD130,3,599,1797,Delivered,Cash on Delivery
ORD11719,CUST5301,05-09-2023,Kolkata,PROD197,1,5999,5999,Shipped,Cash on Delivery
ORD11720,CUST2048,24-07-2023,Gurgaon,PROD144,1,58499,58499,Delivered,Credit Card
ORD11721,CUST3985,22-05-2024,Kochi,PROD218,3,299,897,Pending,Cash on Delivery
ORD11722,CUST2410,27-07-2023,Hyderabad,PROD180,1,2499,2499,Returned,Credit Card
ORD11723,CUST1297,28-07-2024,Indore,PROD120,3,599,1797,Cancelled,Credit Card
ORD11724,CUST2844,22-09-2024,Delhi,PROD105,1,2499,2499,Shipped,Cash on Delivery
ORD11725,CUST1284,10-01-2024,Kolkata,PROD113,3,1499,4497,Cancelled,Cash on Delivery
ORD11726,CUST3764,08-03-2025,Bangalore,PROD211,2,1799,3598,Returned,Cash on Delivery
ORD11727,CUST2740,03-11-2024,Kolkata,PROD196,2,899,1798,Pending,Cash on Delivery
ORD11728,CUST3921,04-05-2025,Ahmedabad,PROD164,2,1199,2398,Pending,Credit Card
ORD11729,CUST4269,10-02-2024,Chennai,PROD188,3,499,1497,Returned,Cash on Delivery
ORD11730,CUST1287,22-10-2022,Kochi,PROD193,3,1499,4497,Shipped,PayPal
ORD11731,CUST2855,08-06-2023,Bangalore,PROD116,1,3499,3499,Shipped,PayPal
ORD11732,CUST1805,29-09-2023,Visakhapatnam,PROD203,3,1999,5997,Shipped,Cash on Delivery
ORD11733,CUST3617,19-04-2025,Kochi,PROD153,1,62990,62990,Pending,PayPal
ORD11734,CUST1742,30-09-2022,Jaipur,PROD101,1,6499,6499,Pending,PayPal
ORD11735,CUST2969,21-10-2024,Bangalore,PROD188,2,499,998,Pending,PayPal
ORD11736,CUST2492,15-03-2025,Indore,PROD149,2,1499,2998,Delivered,Credit Card
ORD11737,CUST2621,13-03-2023,Nagpur,PROD181,3,1299,3897,Pending,Credit Card
ORD11738,CUST4507,23-12-2022,Mumbai,PROD197,1,5999,5999,Pending,Credit Card
ORD11739,CUST3391,01-04-2024,Surat,PROD208,3,899,2697,Pending,Cash on Delivery
ORD11740,CUST1198,24-08-2025,Bhubaneswar,PROD143,1,89999,89999,Delivered,PayPal
ORD11741,CUST4669,30-12-2022,Kolkata,PROD161,2,1499,2998,Cancelled,PayPal
ORD11742,CUST2910,03-12-2023,Noida,PROD164,3,1199,3597,Pending,PayPal
ORD11743,CUST1787,03-08-2024,Kolkata,PROD162,1,3299,3299,Delivered,PayPal
ORD11744,CUST4134,17-11-2022,Pune,PROD203,2,1999,3998,Shipped,PayPal
ORD11745,CUST5222,09-11-2022,Bangalore,PROD114,3,1999,5997,Cancelled,PayPal
ORD11746,CUST4582,20-01-2025,Mumbai,PROD136,3,499,1497,Delivered,Credit Card
ORD11747,CUST2187,17-02-2025,Mumbai,PROD203,2,1999,3998,Returned,PayPal
ORD11748,CUST5256,28-06-2023,Ahmedabad,PROD217,3,999,2997,Returned,Credit Card
ORD11749,CUST2897,21-01-2024,Gurgaon,PROD126,3,299,897,Cancelled,PayPal
ORD11750,CUST2185,17-10-2023,Indore,PROD187,1,4999,4999,Returned,Cash on Delivery
ORD11751,CUST1095,06-05-2025,Bangalore,PROD168,2,1299,2598,Delivered,PayPal
ORD11752,CUST2399,14-04-2023,Chandigarh,PROD165,2,1799,3598,Returned,PayPal
ORD11753,CUST3384,13-01-2024,Delhi,PROD166,1,9499,9499,Pending,Cash on Delivery
ORD11754,CUST2709,23-09-2024,Bangalore,PROD101,1,6499,6499,Returned,PayPal
ORD11755,CUST1140,04-04-2024,Mumbai,PROD152,1,39999,39999,Delivered,Credit Card
ORD11756,CUST3189,29-04-2023,Chandigarh,PROD154,1,71990,71990,Delivered,Cash on Delivery
ORD11757,CUST2368,07-08-2025,Bangalore,PROD184,1,2999,2999,Pending,PayPal
ORD11758,CUST1091,21-05-2025,Ahmedabad,PROD135,3,350,1050,Shipped,PayPal
ORD11759,CUST2147,20-02-2025,Pune,PROD122,2,399,798,Pending,Cash on Delivery
ORD11760,CUST1628,09-05-2023,Surat,PROD184,1,2999,2999,Shipped,PayPal
ORD11761,CUST4755,20-11-2022,Pune,PROD113,2,1499,2998,Pending,Credit Card
ORD11762,CUST3717,28-07-2024,Bangalore,PROD195,1,4499,4499,Delivered,Credit Card
ORD11763,CUST4022,30-05-2025,Chennai,PROD150,1,42999,42999,Shipped,Credit Card
ORD11764,CUST2270,23-03-2025,Delhi,PROD106,1,5999,5999,Shipped,Credit Card
ORD11765,CUST3669,19-12-2023,Mumbai,PROD149,3,1499,4497,Returned,Cash on Delivery
ORD11766,CUST2401,19-10-2023,Mumbai,PROD132,2,399,798,Shipped,Credit Card
ORD11767,CUST4479,01-09-2022,Pune,PROD204,1,2299,2299,Pending,Credit Card
ORD11768,CUST1676,28-12-2023,Mumbai,PROD133,2,299,598,Returned,Credit Card
ORD11769,CUST2184,06-09-2023,Pune,PROD159,1,4499,4499,Pending,Cash on Delivery
ORD11770,CUST2804,22-01-2024,Mumbai,PROD134,2,450,900,Delivered,PayPal
ORD11771,CUST1963,30-09-2022,Gurgaon,PROD204,1,2299,2299,Cancelled,Cash on Delivery
ORD11772,CUST4971,30-06-2023,Hyderabad,PROD198,1,6999,6999,Pending,PayPal
ORD11773,CUST4666,24-01-2024,Jaipur,PROD214,2,499,998,Shipped,PayPal
ORD11774,CUST1176,09-08-2023,Bangalore,PROD129,2,349,698,Delivered,Cash on Delivery
ORD11775,CUST1474,06-10-2024,Visakhapatnam,PROD151,1,49999,49999,Cancelled,Credit Card
ORD11776,CUST4318,16-05-2024,Gurgaon,PROD192,1,4999,4999,Cancelled,Cash on Delivery
ORD11777,CUST1277,23-02-2025,Kolkata,PROD146,1,34999,34999,Returned,PayPal
ORD11778,CUST2601,30-11-2023,Kolkata,PROD175,3,1499,4497,Cancelled,Cash on Delivery
ORD11779,CUST3309,18-11-2024,Delhi,PROD203,3,1999,5997,Returned,Cash on Delivery
ORD11780,CUST1415,10-03-2024,Nagpur,PROD154,1,71990,71990,Shipped,PayPal
ORD11781,CUST4636,02-08-2025,Ahmedabad,PROD121,2,499,998,Returned,Cash on Delivery
ORD11782,CUST4737,03-01-2024,Bangalore,PROD219,2,799,1598,Cancelled,PayPal
ORD11783,CUST1796,05-08-2025,Jaipur,PROD158,1,8995,8995,Returned,Credit Card
ORD11784,CUST4419,25-03-2024,Chennai,PROD214,3,499,1497,Pending,PayPal
ORD11785,CUST4056,26-06-2025,Mumbai,PROD204,1,2299,2299,Cancelled,PayPal
ORD11786,CUST3371,14-10-2023,Hyderabad,PROD207,2,1299,2598,Returned,Credit Card
ORD11787,CUST2001,07-05-2024,Pune,PROD121,2,499,998,Cancelled,PayPal
ORD11788,CUST2665,13-02-2024,Mumbai,PROD121,2,499,998,Delivered,Credit Card
ORD11789,CUST2478,27-04-2023,Surat,PROD203,3,1999,5997,Cancelled,Credit Card
ORD11790,CUST3830,22-03-2023,Ahmedabad,PROD115,1,2499,2499,Cancelled,Credit Card
ORD11791,CUST3201,08-03-2024,Delhi,PROD125,2,549,1098,Delivered,PayPal
ORD11792,CUST2395,14-02-2025,Mumbai,PROD210,1,2499,2499,Shipped,Cash on Delivery
ORD11793,CUST4628,21-10-2024,Noida,PROD163,1,4999,4999,Shipped,Cash on Delivery
ORD11794,CUST1165,13-05-2025,Bangalore,PROD168,3,1299,3897,Shipped,Credit Card
ORD11795,CUST4116,13-07-2023,Visakhapatnam,PROD163,1,4999,4999,Cancelled,Credit Card
ORD11796,CUST2228,01-06-2024,Visakhapatnam,PROD147,1,29990,29990,Pending,PayPal
ORD11797,CUST3243,08-01-2024,Delhi,PROD210,1,2499,2499,Shipped,PayPal
ORD11798,CUST5200,16-10-2024,Delhi,PROD130,3,599,1797,Returned,Credit Card
ORD11799,CUST2039,26-11-2023,Surat,PROD175,2,1499,2998,Returned,Cash on Delivery
ORD11800,CUST1069,21-02-2025,Pune,PROD100,1,2799,2799,Shipped,PayPal
ORD11801,CUST2900,27-05-2023,Pune,PROD150,1,42999,42999,Pending,Cash on Delivery
ORD11802,CUST4300,19-05-2024,Bangalore,PROD177,3,1599,4797,Shipped,PayPal
ORD11803,CUST3613,08-05-2025,Bangalore,PROD194,2,999,1998,Cancelled,PayPal
ORD11804,CUST1050,11-05-2025,Lucknow,PROD177,2,1599,3198,Shipped,PayPal
ORD11805,CUST5314,05-10-2022,Nagpur,PROD106,1,5999,5999,Cancelled,PayPal
ORD11806,CUST1472,26-05-2024,Pune,PROD113,3,1499,4497,Returned,Credit Card
ORD11807,CUST4425,13-09-2024,Chennai,PROD140,1,69999,69999,Cancelled,Cash on Delivery
ORD11808,CUST1106,08-04-2024,Noida,PROD146,1,34999,34999,Delivered,PayPal
ORD11809,CUST3442,11-11-2024,Chennai,PROD143,1,89999,89999,Delivered,PayPal
ORD11810,CUST3335,18-11-2024,Hyderabad,PROD218,3,299,897,Returned,Cash on Delivery
ORD11811,CUST2247,14-09-2024,Mumbai,PROD117,1,2299,2299,Delivered,PayPal
ORD11812,CUST4043,19-07-2025,Pune,PROD213,2,1999,3998,Returned,Credit Card
ORD11813,CUST4552,25-03-2024,Mumbai,PROD177,2,1599,3198,Delivered,Credit Card
ORD11814,CUST2578,13-03-2024,Ahmedabad,PROD165,3,1799,5397,Returned,PayPal
ORD11815,CUST2017,15-09-2022,Chandigarh,PROD165,3,1799,5397,Shipped,Cash on Delivery
ORD11816,CUST3974,16-04-2025,Chandigarh,PROD156,1,29990,29990,Delivered,Credit Card
ORD11817,CUST4287,28-12-2024,Noida,PROD181,2,1299,2598,Cancelled,Credit Card
ORD11818,CUST2044,03-11-2022,Pune,PROD156,1,29990,29990,Delivered,PayPal
ORD11819,CUST4471,13-06-2025,Bangalore,PROD150,1,42999,42999,Delivered,Credit Card
ORD11820,CUST4241,27-07-2024,Hyderabad,PROD206,2,699,1398,Delivered,Credit Card
ORD11821,CUST4226,31-10-2022,Mumbai,PROD183,2,999,1998,Shipped,PayPal
ORD11822,CUST3590,06-02-2024,Delhi,PROD162,1,3299,3299,Shipped,Credit Card
ORD11823,CUST3309,22-05-2023,Hyderabad,PROD124,2,699,1398,Pending,Credit Card
ORD11824,CUST2301,16-07-2024,Kolkata,PROD154,1,71990,71990,Returned,Cash on Delivery
ORD11825,CUST3897,16-12-2023,Mumbai,PROD217,3,999,2997,Returned,PayPal
ORD11826,CUST2136,16-02-2025,Pune,PROD136,3,499,1497,Pending,PayPal
ORD11827,CUST2732,29-07-2025,Kolkata,PROD165,2,1799,3598,Shipped,PayPal
ORD11828,CUST3980,02-05-2025,Kolkata,PROD101,1,6499,6499,Cancelled,Cash on Delivery
ORD11829,CUST1432,13-10-2024,Bhubaneswar,PROD146,1,34999,34999,Shipped,Cash on Delivery
ORD11830,CUST5306,27-10-2022,Kolkata,PROD207,3,1299,3897,Cancelled,Credit Card
ORD11831,CUST3882,12-06-2025,Mumbai,PROD163,1,4999,4999,Returned,Credit Card
ORD11832,CUST3652,01-12-2024,Bangalore,PROD140,1,69999,69999,Cancelled,Cash on Delivery
ORD11833,CUST2318,11-07-2023,Bangalore,PROD179,3,1799,5397,Returned,Credit Card
ORD11834,CUST4658,24-07-2023,Bangalore,PROD169,3,1899,5697,Cancelled,Credit Card
ORD11835,CUST2581,12-02-2025,Ahmedabad,PROD187,1,4999,4999,Shipped,Credit Card
ORD11836,CUST2813,29-09-2022,Pune,PROD118,1,2999,2999,Cancelled,Credit Card
ORD11837,CUST1861,29-04-2023,Bangalore,PROD149,3,1499,4497,Pending,Credit Card
ORD11838,CUST4381,21-02-2023,Mumbai,PROD161,3,1499,4497,Shipped,PayPal
ORD11839,CUST3156,14-08-2024,Hyderabad,PROD132,2,399,798,Delivered,Cash on Delivery
ORD11840,CUST1430,06-02-2024,Kolkata,PROD156,1,29990,29990,Shipped,PayPal
ORD11841,CUST1872,11-01-2024,Delhi,PROD130,2,599,1198,Returned,Credit Card
ORD11842,CUST4060,01-07-2023,Delhi,PROD143,1,89999,89999,Pending,PayPal
ORD11843,CUST2252,11-03-2024,Patna,PROD196,3,899,2697,Cancelled,Cash on Delivery
ORD11844,CUST1340,15-05-2025,Pune,PROD206,3,699,2097,Cancelled,Credit Card
ORD11845,CUST2841,04-02-2024,Surat,PROD185,2,1499,2998,Delivered,PayPal
ORD11846,CUST5027,24-08-2023,Hyderabad,PROD214,3,499,1497,Shipped,PayPal
ORD11847,CUST2882,24-02-2024,Chennai,PROD173,2,1299,2598,Cancelled,Cash on Delivery
ORD11848,CUST2189,08-12-2022,Pune,PROD173,2,1299,2598,Pending,Cash on Delivery
ORD11849,CUST3307,30-04-2023,Pune,PROD101,1,6499,6499,Returned,PayPal
ORD11850,CUST3120,12-12-2022,Hyderabad,PROD162,1,3299,3299,Pending,Credit Card
ORD11851,CUST2488,06-02-2025,Pune,PROD187,1,4999,4999,Shipped,PayPal
ORD11852,CUST4458,23-02-2024,Chennai,PROD102,2,1799,3598,Returned,PayPal
ORD11853,CUST1138,17-06-2023,Hyderabad,PROD157,1,14999,14999,Cancelled,Credit Card
ORD11854,CUST2946,07-10-2023,Noida,PROD194,2,999,1998,Returned,Cash on Delivery
ORD11855,CUST1013,17-11-2024,Ahmedabad,PROD209,3,1799,5397,Returned,Credit Card
ORD11856,CUST2271,19-09-2024,Pune,PROD117,1,2299,2299,Shipped,PayPal
ORD11857,CUST2528,12-12-2022,Pune,PROD151,1,49999,49999,Cancelled,Cash on Delivery
ORD11858,CUST2615,08-09-2024,Hyderabad,PROD210,1,2499,2499,Delivered,PayPal
ORD11859,CUST5213,21-10-2024,Kolkata,PROD219,3,799,2397,Pending,Credit Card
ORD11860,CUST1890,20-05-2023,Pune,PROD167,1,3499,3499,Returned,Credit Card
ORD11861,CUST2770,22-09-2024,Hyderabad,PROD149,2,1499,2998,Pending,Cash on Delivery
ORD11862,CUST1484,08-11-2024,Chennai,PROD205,3,399,1197,Pending,Credit Card
ORD11863,CUST4021,30-08-2024,Ahmedabad,PROD187,1,4999,4999,Cancelled,Credit Card
ORD11864,CUST4739,30-04-2024,Delhi,PROD105,1,2499,2499,Delivered,PayPal
ORD11865,CUST3489,15-06-2024,Kolkata,PROD146,1,34999,34999,Cancelled,Cash on Delivery
ORD11866,CUST4141,13-10-2022,Indore,PROD166,1,9499,9499,Delivered,PayPal
ORD11867,CUST1957,03-02-2023,Hyderabad,PROD175,3,1499,4497,Pending,Credit Card
ORD11868,CUST2769,17-09-2023,Chennai,PROD216,1,2299,2299,Delivered,Cash on Delivery
ORD11869,CUST1356,16-09-2023,Kochi,PROD189,2,899,1798,Returned,PayPal
ORD11870,CUST1581,26-04-2025,Visakhapatnam,PROD132,2,399,798,Returned,PayPal
ORD11871,CUST3271,31-05-2025,Indore,PROD124,3,699,2097,Pending,PayPal
ORD11872,CUST4329,07-11-2023,Chennai,PROD111,3,1899,5697,Cancelled,Credit Card
ORD11873,CUST3539,05-03-2023,Pune,PROD130,2,599,1198,Shipped,PayPal
ORD11874,CUST5087,29-07-2025,Ahmedabad,PROD156,1,29990,29990,Delivered,Credit Card
ORD11875,CUST1567,20-06-2025,Chennai,PROD209,2,1799,3598,Returned,Credit Card
ORD11876,CUST2764,17-04-2024,Chennai,PROD120,3,599,1797,Returned,PayPal
ORD11877,CUST1366,08-04-2024,Bangalore,PROD123,2,449,898,Shipped,Cash on Delivery
ORD11878,CUST4839,10-03-2023,Noida,PROD148,1,6499,6499,Pending,Credit Card
ORD11879,CUST2660,29-06-2025,Bangalore,PROD138,2,799,1598,Delivered,PayPal
ORD11880,CUST1871,21-05-2025,Lucknow,PROD151,1,49999,49999,Pending,Credit Card
ORD11881,CUST1475,18-05-2024,Mumbai,PROD116,1,3499,3499,Delivered,Credit Card
ORD11882,CUST3933,20-06-2024,Mumbai,PROD206,2,699,1398,Pending,PayPal
ORD11883,CUST1046,21-04-2024,Chennai,PROD168,3,1299,3897,Delivered,Cash on Delivery
ORD11884,CUST3864,16-03-2025,Chandigarh,PROD162,1,3299,3299,Cancelled,Cash on Delivery
ORD11885,CUST4041,24-10-2022,Kolkata,PROD173,2,1299,2598,Returned,Credit Card
ORD11886,CUST4493,25-04-2025,Noida,PROD178,3,1299,3897,Returned,Credit Card
ORD11887,CUST1383,16-07-2023,Delhi,PROD212,1,5499,5499,Pending,Cash on Delivery
ORD11888,CUST1542,06-01-2023,Bangalore,PROD150,1,42999,42999,Delivered,Credit Card
ORD11889,CUST1436,15-08-2025,Visakhapatnam,PROD217,2,999,1998,Pending,Cash on Delivery
ORD11890,CUST4010,23-11-2023,Jaipur,PROD170,1,2499,2499,Delivered,Cash on Delivery
ORD11891,CUST1346,06-12-2024,Chennai,PROD112,3,1699,5097,Cancelled,PayPal
ORD11892,CUST1316,28-12-2024,Bangalore,PROD111,2,1899,3798,Pending,Cash on Delivery
ORD11893,CUST4546,31-01-2024,Mumbai,PROD112,3,1699,5097,Pending,Cash on Delivery
ORD11894,CUST1385,09-09-2023,Delhi,PROD170,1,2499,2499,Cancelled,Cash on Delivery
ORD11895,CUST1677,21-12-2023,Hyderabad,PROD121,3,499,1497,Shipped,PayPal
ORD11896,CUST2471,24-07-2025,Delhi,PROD170,1,2499,2499,Delivered,Cash on Delivery
ORD11897,CUST5057,23-05-2025,Bangalore,PROD194,2,999,1998,Cancelled,Credit Card
ORD11898,CUST1466,25-02-2024,Lucknow,PROD168,2,1299,2598,Pending,Cash on Delivery
ORD11899,CUST4528,02-07-2024,Mumbai,PROD205,3,399,1197,Returned,Cash on Delivery
ORD11900,CUST1193,18-08-2024,Hyderabad,PROD140,1,69999,69999,Shipped,Cash on Delivery
ORD11901,CUST3309,20-06-2023,Pune,PROD205,2,399,798,Cancelled,PayPal
ORD11902,CUST4717,19-01-2025,Nagpur,PROD118,1,2999,2999,Pending,Credit Card
ORD11903,CUST1404,28-09-2022,Chennai,PROD100,1,2799,2799,Returned,PayPal
ORD11904,CUST2653,01-12-2023,Indore,PROD130,3,599,1797,Shipped,Cash on Delivery
ORD11905,CUST3527,13-01-2025,Hyderabad,PROD184,1,2999,2999,Delivered,Credit Card
ORD11906,CUST4108,02-01-2023,Bhubaneswar,PROD171,1,6999,6999,Delivered,PayPal
ORD11907,CUST3590,24-01-2024,Chennai,PROD199,3,1299,3897,Returned,Cash on Delivery
ORD11908,CUST3462,13-10-2022,Noida,PROD181,2,1299,2598,Delivered,Credit Card
ORD11909,CUST4697,03-04-2025,Pune,PROD147,1,29990,29990,Returned,PayPal
ORD11910,CUST2721,16-06-2024,Kolkata,PROD130,3,599,1797,Delivered,Credit Card
ORD11911,CUST1323,25-10-2023,Kolkata,PROD170,1,2499,2499,Pending,Cash on Delivery
ORD11912,CUST4109,07-05-2023,Noida,PROD186,1,3499,3499,Cancelled,Cash on Delivery
ORD11913,CUST1853,19-07-2024,Surat,PROD114,2,1999,3998,Pending,PayPal
ORD11914,CUST4267,18-01-2023,Chennai,PROD141,1,64999,64999,Returned,Cash on Delivery
ORD11915,CUST1653,22-10-2023,Bangalore,PROD161,3,1499,4497,Cancelled,PayPal
ORD11916,CUST1676,21-07-2024,Gurgaon,PROD168,2,1299,2598,Pending,Credit Card
ORD11917,CUST3309,18-05-2023,Chennai,PROD114,3,1999,5997,Pending,Cash on Delivery
ORD11918,CUST4226,16-02-2024,Bangalore,PROD193,2,1499,2998,Cancelled,Credit Card
ORD11919,CUST2860,27-10-2024,Kolkata,PROD148,1,6499,6499,Cancelled,Credit Card
ORD11920,CUST3947,11-10-2023,Pune,PROD123,2,449,898,Delivered,PayPal
ORD11921,CUST4437,22-04-2024,Gurgaon,PROD180,1,2499,2499,Cancelled,Cash on Delivery
ORD11922,CUST3770,17-05-2023,Bangalore,PROD193,3,1499,4497,Pending,PayPal
ORD11923,CUST2748,29-10-2022,Chennai,PROD105,1,2499,2499,Cancelled,PayPal
ORD11924,CUST1715,20-06-2025,Pune,PROD149,2,1499,2998,Shipped,Cash on Delivery
ORD11925,CUST3521,07-12-2022,Nagpur,PROD107,3,1299,3897,Pending,PayPal
ORD11926,CUST3893,21-12-2023,Bangalore,PROD134,2,450,900,Returned,Cash on Delivery
ORD11927,CUST2531,13-05-2023,Delhi,PROD162,1,3299,3299,Delivered,PayPal
ORD11928,CUST1014,29-08-2023,Kochi,PROD198,1,6999,6999,Delivered,PayPal
ORD11929,CUST1070,14-10-2022,Chennai,PROD108,3,1499,4497,Returned,PayPal
ORD11930,CUST4347,13-09-2024,Kolkata,PROD165,2,1799,3598,Pending,PayPal
ORD11931,CUST3615,03-11-2023,Chandigarh,PROD152,1,39999,39999,Shipped,PayPal
ORD11932,CUST2547,11-01-2025,Mumbai,PROD176,1,3499,3499,Returned,Cash on Delivery
ORD11933,CUST4674,01-05-2024,Bangalore,PROD128,3,799,2397,Cancelled,Cash on Delivery
ORD11934,CUST4534,06-08-2024,Noida,PROD155,1,34999,34999,Delivered,Credit Card
ORD11935,CUST4680,20-04-2025,Hyderabad,PROD189,2,899,1798,Pending,Cash on Delivery
ORD11936,CUST1883,14-05-2025,Chennai,PROD175,3,1499,4497,Cancelled,Cash on Delivery
ORD11937,CUST1042,22-06-2024,Kochi,PROD109,1,2399,2399,Shipped,Credit Card
ORD11938,CUST1014,18-08-2023,Bhubaneswar,PROD183,2,999,1998,Cancelled,Cash on Delivery
ORD11939,CUST5092,04-02-2024,Chennai,PROD156,1,29990,29990,Pending,PayPal
ORD11940,CUST2951,25-12-2023,Pune,PROD197,1,5999,5999,Pending,PayPal
ORD11941,CUST5170,21-02-2025,Mumbai,PROD173,2,1299,2598,Shipped,Cash on Delivery
ORD11942,CUST2352,14-10-2024,Bhubaneswar,PROD190,1,2499,2499,Cancelled,Credit Card
ORD11943,CUST4640,13-06-2023,Surat,PROD176,1,3499,3499,Returned,PayPal
ORD11944,CUST2258,04-05-2025,Visakhapatnam,PROD198,1,6999,6999,Pending,Credit Card
ORD11945,CUST2801,09-06-2024,Pune,PROD166,1,9499,9499,Returned,Cash on Delivery
ORD11946,CUST2225,27-08-2024,Chandigarh,PROD100,1,2799,2799,Shipped,Cash on Delivery
ORD11947,CUST1131,03-04-2024,Chennai,PROD175,2,1499,2998,Cancelled,Credit Card
ORD11948,CUST5116,05-11-2023,Jaipur,PROD124,2,699,1398,Shipped,Credit Card
ORD11949,CUST2129,16-04-2023,Delhi,PROD168,2,1299,2598,Returned,Credit Card
ORD11950,CUST4128,08-10-2024,Delhi,PROD129,2,349,698,Shipped,Credit Card
ORD11951,CUST1629,11-04-2024,Ahmedabad,PROD177,3,1599,4797,Shipped,Cash on Delivery
ORD11952,CUST4921,27-09-2023,Pune,PROD194,3,999,2997,Cancelled,PayPal
ORD11953,CUST3110,22-10-2024,Chennai,PROD110,1,2999,2999,Shipped,Credit Card
ORD11954,CUST4992,11-03-2023,Gurgaon,PROD138,2,799,1598,Pending,PayPal
ORD11955,CUST3986,29-07-2025,Kochi,PROD143,1,89999,89999,Shipped,PayPal
ORD11956,CUST1666,19-11-2023,Pune,PROD214,2,499,998,Shipped,PayPal
ORD11957,CUST1543,19-10-2023,Jaipur,PROD172,1,3999,3999,Returned,PayPal
ORD11958,CUST5083,22-03-2023,Kolkata,PROD173,2,1299,2598,Returned,Credit Card
ORD11959,CUST2075,15-05-2023,Bangalore,PROD146,1,34999,34999,Delivered,Credit Card
ORD11960,CUST2336,20-05-2024,Indore,PROD117,1,2299,2299,Shipped,Credit Card
ORD11961,CUST2968,27-01-2023,Kochi,PROD214,3,499,1497,Shipped,Cash on Delivery
ORD11962,CUST4913,29-03-2023,Ahmedabad,PROD196,2,899,1798,Shipped,PayPal
ORD11963,CUST1635,03-06-2023,Visakhapatnam,PROD123,2,449,898,Cancelled,Cash on Delivery
ORD11964,CUST2979,29-03-2023,Chandigarh,PROD205,2,399,798,Shipped,Credit Card
ORD11965,CUST5180,07-06-2023,Chennai,PROD170,1,2499,2499,Cancelled,Credit Card
ORD11966,CUST3422,31-10-2023,Chennai,PROD208,2,899,1798,Cancelled,Cash on Delivery
ORD11967,CUST3634,07-09-2024,Noida,PROD160,1,5999,5999,Pending,Cash on Delivery
ORD11968,CUST3203,30-10-2023,Kochi,PROD157,1,14999,14999,Returned,Credit Card
ORD11969,CUST3485,08-10-2022,Nagpur,PROD206,2,699,1398,Cancelled,PayPal
ORD11970,CUST3309,01-11-2024,Delhi,PROD178,3,1299,3897,Returned,PayPal
ORD11971,CUST3576,21-02-2023,Bangalore,PROD192,1,4999,4999,Cancelled,PayPal
ORD11972,CUST4338,14-11-2023,Gurgaon,PROD107,2,1299,2598,Delivered,Credit Card
ORD11973,CUST3048,27-11-2023,Mumbai,PROD124,3,699,2097,Cancelled,PayPal
ORD11974,CUST4843,04-11-2022,Delhi,PROD212,1,5499,5499,Cancelled,Credit Card
ORD11975,CUST3751,14-12-2022,Bangalore,PROD111,2,1899,3798,Cancelled,PayPal
ORD11976,CUST1234,29-09-2024,Mumbai,PROD210,1,2499,2499,Returned,Cash on Delivery
ORD11977,CUST2209,29-04-2023,Bangalore,PROD133,2,299,598,Returned,PayPal
ORD11978,CUST3295,13-06-2025,Hyderabad,PROD104,1,4499,4499,Shipped,Credit Card
ORD11979,CUST2894,08-12-2023,Kochi,PROD137,2,599,1198,Shipped,Cash on Delivery
ORD11980,CUST2186,13-02-2025,Chennai,PROD174,2,899,1798,Cancelled,Credit Card
ORD11981,CUST2814,09-09-2024,Surat,PROD136,3,499,1497,Shipped,Cash on Delivery
ORD11982,CUST3589,12-09-2024,Chennai,PROD206,2,699,1398,Returned,Credit Card
ORD11983,CUST4674,10-07-2024,Pune,PROD117,1,2299,2299,Shipped,Cash on Delivery
ORD11984,CUST4117,21-04-2025,Mumbai,PROD119,3,1799,5397,Pending,Credit Card
ORD11985,CUST3181,05-11-2023,Surat,PROD187,1,4999,4999,Cancelled,Credit Card
ORD11986,CUST3410,17-02-2023,Kochi,PROD207,2,1299,2598,Pending,PayPal
ORD11987,CUST1931,28-04-2023,Kolkata,PROD111,2,1899,3798,Delivered,Credit Card
ORD11988,CUST5039,27-11-2023,Visakhapatnam,PROD136,3,499,1497,Shipped,PayPal
ORD11989,CUST1740,14-05-2025,Mumbai,PROD183,3,999,2997,Returned,PayPal
ORD11990,CUST1849,27-06-2025,Pune,PROD144,1,58499,58499,Cancelled,PayPal
ORD11991,CUST4650,11-08-2023,Mumbai,PROD195,1,4499,4499,Cancelled,Cash on Delivery
ORD11992,CUST4355,28-03-2025,Chandigarh,PROD196,3,899,2697,Cancelled,PayPal
ORD11993,CUST4070,06-08-2023,Kochi,PROD141,1,64999,64999,Shipped,Credit Card
ORD11994,CUST1590,25-08-2023,Chandigarh,PROD100,1,2799,2799,Shipped,Credit Card
ORD11995,CUST2084,24-02-2024,Kochi,PROD112,3,1699,5097,Delivered,Cash on Delivery
ORD11996,CUST1163,12-05-2023,Pune,PROD219,3,799,2397,Cancelled,PayPal
ORD11997,CUST4139,19-04-2025,Chennai,PROD131,3,499,1497,Cancelled,Credit Card
ORD11998,CUST1308,13-09-2024,Mumbai,PROD214,2,499,998,Cancelled,PayPal
ORD11999,CUST5197,19-11-2024,Bhubaneswar,PROD134,2,450,900,Shipped,Credit Card
ORD12000,CUST3390,25-08-2022,Chennai,PROD184,1,2999,2999,Returned,PayPal
ORD12001,CUST1574,19-09-2023,Hyderabad,PROD119,3,1799,5397,Delivered,Cash on Delivery
ORD12002,CUST1563,24-12-2024,Bangalore,PROD101,1,6499,6499,Cancelled,Cash on Delivery
ORD12003,CUST3307,12-03-2023,Bangalore,PROD180,1,2499,2499,Cancelled,Cash on Delivery
ORD12004,CUST4608,05-02-2025,Bangalore,PROD179,2,1799,3598,Delivered,PayPal
ORD12005,CUST4464,09-06-2024,Kolkata,PROD183,2,999,1998,Shipped,Credit Card
ORD12006,CUST2150,14-05-2025,Kolkata,PROD119,2,1799,3598,Shipped,PayPal
ORD12007,CUST2801,05-05-2025,Chennai,PROD165,2,1799,3598,Shipped,PayPal
ORD12008,CUST4422,21-08-2023,Delhi,PROD103,1,2999,2999,Pending,Cash on Delivery
ORD12009,CUST1287,22-12-2023,Pune,PROD149,3,1499,4497,Pending,Credit Card
ORD12010,CUST4284,22-02-2025,Mumbai,PROD170,1,2499,2499,Shipped,PayPal
ORD12011,CUST3107,21-06-2024,Delhi,PROD143,1,89999,89999,Returned,Credit Card
ORD12012,CUST1745,13-09-2024,Nagpur,PROD129,3,349,1047,Returned,Cash on Delivery
ORD12013,CUST3255,12-06-2025,Pune,PROD177,2,1599,3198,Returned,Cash on Delivery
ORD12014,CUST3440,02-08-2023,Bangalore,PROD203,2,1999,3998,Delivered,PayPal
ORD12015,CUST1817,03-04-2025,Pune,PROD137,2,599,1198,Delivered,Cash on Delivery
ORD12016,CUST3845,20-05-2025,Mumbai,PROD114,3,1999,5997,Pending,Credit Card
ORD12017,CUST2694,19-08-2024,Kolkata,PROD150,1,42999,42999,Pending,PayPal
ORD12018,CUST3709,22-12-2023,Kolkata,PROD186,1,3499,3499,Shipped,Credit Card
ORD12019,CUST3309,29-09-2022,Visakhapatnam,PROD107,3,1299,3897,Delivered,Cash on Delivery
ORD12020,CUST1153,12-04-2024,Mumbai,PROD104,1,4499,4499,Delivered,Credit Card
ORD12021,CUST3008,24-04-2023,Lucknow,PROD219,3,799,2397,Returned,Cash on Delivery
ORD12022,CUST2963,24-04-2025,Kolkata,PROD203,2,1999,3998,Shipped,Credit Card
ORD12023,CUST5204,04-05-2025,Kochi,PROD111,3,1899,5697,Shipped,Credit Card
ORD12024,CUST5073,13-06-2024,Jaipur,PROD175,3,1499,4497,Shipped,Credit Card
ORD12025,CUST3339,05-10-2023,Pune,PROD150,1,42999,42999,Cancelled,PayPal
ORD12026,CUST4771,22-10-2023,Hyderabad,PROD211,2,1799,3598,Delivered,PayPal
ORD12027,CUST2555,10-07-2023,Pune,PROD141,1,64999,64999,Shipped,Credit Card
ORD12028,CUST2377,13-04-2024,Mumbai,PROD184,1,2999,2999,Pending,Credit Card
ORD12029,CUST2102,05-05-2024,Pune,PROD164,2,1199,2398,Cancelled,Cash on Delivery
ORD12030,CUST2821,19-08-2023,Pune,PROD179,3,1799,5397,Cancelled,PayPal
ORD12031,CUST1361,08-04-2025,Bangalore,PROD161,2,1499,2998,Delivered,Cash on Delivery
ORD12032,CUST1493,01-04-2023,Jaipur,PROD205,3,399,1197,Shipped,Cash on Delivery
ORD12033,CUST2027,29-02-2024,Mumbai,PROD145,1,62990,62990,Delivered,PayPal
ORD12034,CUST3072,06-08-2025,Mumbai,PROD140,1,69999,69999,Cancelled,PayPal
ORD12035,CUST3929,21-04-2023,Mumbai,PROD112,2,1699,3398,Shipped,Cash on Delivery
ORD12036,CUST4998,24-03-2024,Mumbai,PROD160,1,5999,5999,Delivered,PayPal
ORD12037,CUST3429,04-09-2023,Pune,PROD135,2,350,700,Pending,Credit Card
ORD12038,CUST3664,28-06-2023,Mumbai,PROD107,3,1299,3897,Cancelled,Credit Card
ORD12039,CUST2055,01-03-2025,Nagpur,PROD194,2,999,1998,Pending,Credit Card
ORD12040,CUST1203,11-05-2024,Delhi,PROD116,1,3499,3499,Cancelled,PayPal
ORD12041,CUST2486,29-12-2022,Visakhapatnam,PROD195,1,4499,4499,Pending,PayPal
ORD12042,CUST4616,28-06-2023,Surat,PROD201,2,799,1598,Returned,Cash on Delivery
ORD12043,CUST3948,20-12-2023,Chandigarh,PROD113,2,1499,2998,Cancelled,Credit Card
ORD12044,CUST5239,06-04-2024,Indore,PROD121,3,499,1497,Delivered,PayPal
ORD12045,CUST4716,18-02-2024,Nagpur,PROD124,2,699,1398,Cancelled,Credit Card
ORD12046,CUST1792,12-10-2022,Chennai,PROD162,1,3299,3299,Returned,PayPal
ORD12047,CUST4187,15-02-2025,Chandigarh,PROD140,1,69999,69999,Shipped,PayPal
ORD12048,CUST3816,04-07-2024,Nagpur,PROD160,1,5999,5999,Shipped,Cash on Delivery
ORD12049,CUST2005,10-03-2024,Kolkata,PROD161,2,1499,2998,Cancelled,PayPal
ORD12050,CUST3337,05-12-2022,Gurgaon,PROD180,1,2499,2499,Pending,Credit Card
ORD12051,CUST4231,14-09-2024,Nagpur,PROD191,2,1999,3998,Pending,Credit Card
ORD12052,CUST2882,09-10-2024,Pune,PROD100,1,2799,2799,Delivered,Credit Card
ORD12053,CUST2819,26-08-2024,Chennai,PROD169,2,1899,3798,Pending,Credit Card
ORD12054,CUST1031,30-11-2023,Hyderabad,PROD131,2,499,998,Delivered,Cash on Delivery
ORD12055,CUST3397,27-12-2024,Nagpur,PROD182,3,1899,5697,Returned,PayPal
ORD12056,CUST3210,11-06-2023,Chennai,PROD141,1,64999,64999,Shipped,Cash on Delivery
ORD12057,CUST2666,25-12-2022,Chennai,PROD161,3,1499,4497,Cancelled,Credit Card
ORD12058,CUST2086,25-08-2022,Hyderabad,PROD196,2,899,1798,Delivered,Cash on Delivery
ORD12059,CUST5192,17-05-2024,Kolkata,PROD158,1,8995,8995,Returned,PayPal
ORD12060,CUST2407,14-12-2024,Pune,PROD158,1,8995,8995,Shipped,Credit Card
ORD12061,CUST2645,01-06-2024,Hyderabad,PROD136,2,499,998,Cancelled,Cash on Delivery
ORD12062,CUST4818,23-06-2023,Pune,PROD127,3,899,2697,Cancelled,PayPal
ORD12063,CUST4615,07-08-2024,Gurgaon,PROD216,1,2299,2299,Shipped,Credit Card
ORD12064,CUST1844,23-07-2025,Kolkata,PROD168,2,1299,2598,Delivered,PayPal
ORD12065,CUST3208,06-02-2024,Chennai,PROD200,1,2499,2499,Returned,PayPal
ORD12066,CUST2056,04-02-2025,Kochi,PROD101,1,6499,6499,Delivered,Credit Card
ORD12067,CUST4614,29-05-2024,Nagpur,PROD196,3,899,2697,Delivered,Cash on Delivery
ORD12068,CUST4531,28-09-2022,Noida,PROD136,3,499,1497,Pending,Credit Card
ORD12069,CUST1754,05-08-2025,Jaipur,PROD165,2,1799,3598,Delivered,Cash on Delivery
ORD12070,CUST3972,14-03-2025,Jaipur,PROD202,3,1499,4497,Shipped,Credit Card
ORD12071,CUST3801,27-05-2023,Mumbai,PROD122,2,399,798,Shipped,PayPal
ORD12072,CUST1745,21-11-2023,Ahmedabad,PROD202,2,1499,2998,Shipped,PayPal
ORD12073,CUST3171,05-06-2024,Hyderabad,PROD211,2,1799,3598,Pending,Credit Card
ORD12074,CUST1225,30-06-2023,Mumbai,PROD155,1,34999,34999,Delivered,Credit Card
ORD12075,CUST3899,07-05-2023,Chennai,PROD159,1,4499,4499,Delivered,Cash on Delivery
ORD12076,CUST1678,16-04-2025,Visakhapatnam,PROD206,3,699,2097,Shipped,PayPal
ORD12077,CUST4365,04-07-2024,Delhi,PROD211,2,1799,3598,Cancelled,PayPal
ORD12078,CUST4570,05-08-2025,Mumbai,PROD214,3,499,1497,Cancelled,Credit Card
ORD12079,CUST2530,10-01-2025,Delhi,PROD119,3,1799,5397,Pending,Cash on Delivery
ORD12080,CUST2317,28-04-2025,Kochi,PROD177,2,1599,3198,Delivered,Credit Card
ORD12081,CUST4097,25-03-2023,Chennai,PROD147,1,29990,29990,Pending,Credit Card
ORD12082,CUST3794,10-10-2024,Visakhapatnam,PROD210,1,2499,2499,Pending,PayPal
ORD12083,CUST2107,02-05-2024,Kochi,PROD109,1,2399,2399,Delivered,Credit Card
ORD12084,CUST1436,08-04-2025,Hyderabad,PROD178,3,1299,3897,Delivered,Cash on Delivery
ORD12085,CUST1596,02-08-2023,Pune,PROD214,2,499,998,Pending,Cash on Delivery
ORD12086,CUST2685,20-09-2022,Noida,PROD151,1,49999,49999,Returned,Credit Card
ORD12087,CUST3581,07-07-2025,Pune,PROD201,2,799,1598,Returned,Cash on Delivery
ORD12088,CUST2543,05-11-2023,Chennai,PROD137,2,599,1198,Pending,PayPal
ORD12089,CUST4953,27-06-2023,Lucknow,PROD118,1,2999,2999,Delivered,Cash on Delivery
ORD12090,CUST3314,03-07-2025,Surat,PROD150,1,42999,42999,Cancelled,Credit Card
ORD12091,CUST3819,18-06-2025,Pune,PROD105,1,2499,2499,Cancelled,Cash on Delivery
ORD12092,CUST4394,01-01-2024,Hyderabad,PROD139,2,499,998,Shipped,Cash on Delivery
ORD12093,CUST1971,17-11-2023,Delhi,PROD120,2,599,1198,Returned,Cash on Delivery
ORD12094,CUST2652,29-07-2024,Pune,PROD215,2,1799,3598,Shipped,Cash on Delivery
ORD12095,CUST4366,27-09-2024,Chandigarh,PROD148,1,6499,6499,Delivered,Cash on Delivery
ORD12096,CUST3309,10-08-2025,Hyderabad,PROD185,2,1499,2998,Pending,Credit Card
ORD12097,CUST3981,05-02-2024,Mumbai,PROD184,1,2999,2999,Cancelled,Cash on Delivery
ORD12098,CUST3799,03-10-2023,Noida,PROD217,2,999,1998,Delivered,Cash on Delivery
ORD12099,CUST1028,16-01-2024,Chandigarh,PROD124,2,699,1398,Shipped,Credit Card
ORD12100,CUST1723,18-10-2022,Nagpur,PROD104,1,4499,4499,Delivered,Credit Card
ORD12101,CUST4963,04-08-2025,Chennai,PROD195,1,4499,4499,Cancelled,Credit Card
ORD12102,CUST2841,12-02-2023,Ahmedabad,PROD178,3,1299,3897,Returned,Cash on Delivery
ORD12103,CUST2592,02-02-2024,Bangalore,PROD206,2,699,1398,Delivered,Credit Card
ORD12104,CUST3558,04-01-2024,Lucknow,PROD139,3,499,1497,Shipped,PayPal
ORD12105,CUST3116,17-11-2023,Bangalore,PROD133,3,299,897,Delivered,PayPal
ORD12106,CUST1373,06-02-2023,Kochi,PROD123,2,449,898,Pending,Cash on Delivery
ORD12107,CUST2136,06-05-2024,Hyderabad,PROD197,1,5999,5999,Shipped,Cash on Delivery
ORD12108,CUST2145,11-09-2023,Bangalore,PROD186,1,3499,3499,Returned,Credit Card
ORD12109,CUST1777,14-12-2024,Surat,PROD189,3,899,2697,Pending,PayPal
ORD12110,CUST2434,05-02-2024,Visakhapatnam,PROD139,2,499,998,Returned,Credit Card
ORD12111,CUST4828,16-03-2024,Bhubaneswar,PROD115,1,2499,2499,Shipped,Cash on Delivery
ORD12112,CUST1980,07-02-2023,Bangalore,PROD167,1,3499,3499,Shipped,Cash on Delivery
ORD12113,CUST3427,08-06-2025,Pune,PROD146,1,34999,34999,Shipped,PayPal
ORD12114,CUST5318,05-11-2023,Chennai,PROD126,3,299,897,Cancelled,PayPal
ORD12115,CUST2279,11-05-2024,Pune,PROD158,1,8995,8995,Delivered,Credit Card
ORD12116,CUST1609,30-07-2024,Chennai,PROD211,3,1799,5397,Cancelled,PayPal
ORD12117,CUST1137,28-04-2024,Chandigarh,PROD129,2,349,698,Cancelled,PayPal
ORD12118,CUST5302,24-04-2023,Mumbai,PROD146,1,34999,34999,Cancelled,PayPal
ORD12119,CUST3309,24-06-2023,Gurgaon,PROD112,3,1699,5097,Shipped,PayPal
ORD12120,CUST3551,07-01-2023,Bangalore,PROD115,1,2499,2499,Cancelled,Cash on Delivery
ORD12121,CUST2226,22-10-2023,Pune,PROD111,3,1899,5697,Shipped,Cash on Delivery
ORD12122,CUST2364,05-08-2024,Bangalore,PROD149,3,1499,4497,Delivered,PayPal
ORD12123,CUST4388,26-10-2023,Bangalore,PROD133,2,299,598,Pending,PayPal
ORD12124,CUST1343,24-06-2024,Chennai,PROD100,1,2799,2799,Pending,PayPal
ORD12125,CUST4996,16-06-2024,Kolkata,PROD142,1,59999,59999,Shipped,PayPal
ORD12126,CUST3033,07-02-2023,Chennai,PROD198,1,6999,6999,Cancelled,PayPal
ORD12127,CUST2919,12-02-2024,Chandigarh,PROD181,3,1299,3897,Returned,PayPal
ORD12128,CUST5077,04-09-2023,Kolkata,PROD123,3,449,1347,Delivered,PayPal
ORD12129,CUST1985,26-01-2023,Pune,PROD113,3,1499,4497,Pending,Credit Card
ORD12130,CUST1943,12-06-2025,Chennai,PROD193,2,1499,2998,Cancelled,Cash on Delivery
ORD12131,CUST1082,20-10-2023,Hyderabad,PROD175,3,1499,4497,Delivered,Cash on Delivery
ORD12132,CUST3447,22-01-2023,Mumbai,PROD203,3,1999,5997,Delivered,Credit Card
ORD12133,CUST2106,20-11-2023,Chennai,PROD132,3,399,1197,Cancelled,Cash on Delivery
ORD12134,CUST3425,15-09-2024,Kolkata,PROD145,1,62990,62990,Returned,PayPal
ORD12135,CUST1034,08-11-2022,Mumbai,PROD138,2,799,1598,Cancelled,Credit Card
ORD12136,CUST1115,28-12-2024,Mumbai,PROD156,1,29990,29990,Cancelled,Cash on Delivery
ORD12137,CUST1034,11-06-2024,Chennai,PROD209,2,1799,3598,Delivered,PayPal
ORD12138,CUST4182,15-08-2024,Hyderabad,PROD109,1,2399,2399,Pending,PayPal
ORD12139,CUST2090,04-11-2023,Chennai,PROD215,2,1799,3598,Pending,PayPal
ORD12140,CUST5090,22-04-2023,Bhubaneswar,PROD105,1,2499,2499,Shipped,Credit Card
ORD12141,CUST4667,04-10-2022,Chennai,PROD133,2,299,598,Pending,Credit Card
ORD12142,CUST4505,09-05-2024,Kochi,PROD180,1,2499,2499,Delivered,Credit Card
ORD12143,CUST4753,25-05-2024,Bangalore,PROD202,3,1499,4497,Shipped,Credit Card
ORD12144,CUST1287,27-10-2023,Hyderabad,PROD141,1,64999,64999,Returned,Credit Card
ORD12145,CUST1063,16-07-2025,Nagpur,PROD195,1,4499,4499,Returned,Cash on Delivery
ORD12146,CUST3559,15-11-2022,Kochi,PROD216,1,2299,2299,Returned,Cash on Delivery
ORD12147,CUST4129,01-05-2023,Mumbai,PROD172,1,3999,3999,Delivered,PayPal
ORD12148,CUST4408,03-06-2025,Nagpur,PROD191,3,1999,5997,Cancelled,PayPal
ORD12149,CUST3363,15-09-2022,Delhi,PROD184,1,2999,2999,Delivered,Credit Card
ORD12150,CUST3389,16-07-2023,Jaipur,PROD193,3,1499,4497,Cancelled,Cash on Delivery
ORD12151,CUST1091,27-11-2022,Hyderabad,PROD122,3,399,1197,Returned,Cash on Delivery
ORD12152,CUST4223,03-12-2024,Kolkata,PROD201,3,799,2397,Delivered,PayPal
ORD12153,CUST1258,21-05-2023,Chennai,PROD127,2,899,1798,Returned,Credit Card
ORD12154,CUST2218,30-11-2023,Ahmedabad,PROD120,2,599,1198,Returned,PayPal
ORD12155,CUST5130,04-04-2025,Delhi,PROD144,1,58499,58499,Pending,Cash on Delivery
ORD12156,CUST3573,06-06-2025,Chandigarh,PROD115,1,2499,2499,Cancelled,Cash on Delivery
ORD12157,CUST5201,12-12-2024,Nagpur,PROD202,3,1499,4497,Delivered,Cash on Delivery
ORD12158,CUST1298,04-01-2023,Kochi,PROD182,2,1899,3798,Cancelled,Cash on Delivery
ORD12159,CUST2126,21-07-2025,Chandigarh,PROD205,3,399,1197,Pending,Cash on Delivery
ORD12160,CUST2952,12-07-2024,Pune,PROD218,3,299,897,Delivered,Credit Card
ORD12161,CUST4859,13-09-2023,Chennai,PROD106,1,5999,5999,Cancelled,Cash on Delivery
ORD12162,CUST1814,21-02-2025,Kolkata,PROD208,3,899,2697,Pending,PayPal
ORD12163,CUST1641,16-10-2024,Pune,PROD110,1,2999,2999,Shipped,Credit Card
ORD12164,CUST2870,20-04-2024,Gurgaon,PROD216,1,2299,2299,Cancelled,PayPal
ORD12165,CUST3270,17-11-2024,Mumbai,PROD205,2,399,798,Returned,Cash on Delivery
ORD12166,CUST3436,02-12-2022,Hyderabad,PROD174,2,899,1798,Shipped,Credit Card
ORD12167,CUST3383,22-11-2022,Chennai,PROD123,3,449,1347,Pending,PayPal
ORD12168,CUST1075,20-01-2024,Mumbai,PROD147,1,29990,29990,Returned,Cash on Delivery
ORD12169,CUST3223,08-09-2022,Bangalore,PROD170,1,2499,2499,Returned,PayPal
ORD12170,CUST2374,11-04-2023,Bhubaneswar,PROD126,2,299,598,Shipped,Cash on Delivery
ORD12171,CUST3498,21-02-2024,Mumbai,PROD217,3,999,2997,Shipped,Credit Card
ORD12172,CUST2469,11-08-2023,Hyderabad,PROD100,1,2799,2799,Shipped,Credit Card
ORD12173,CUST3571,26-01-2023,Kochi,PROD172,1,3999,3999,Returned,PayPal
ORD12174,CUST4498,13-02-2024,Patna,PROD144,1,58499,58499,Shipped,PayPal
ORD12175,CUST2920,09-01-2025,Pune,PROD113,3,1499,4497,Shipped,PayPal
ORD12176,CUST3309,18-12-2023,Hyderabad,PROD182,3,1899,5697,Delivered,Cash on Delivery
ORD12177,CUST2695,29-06-2024,Hyderabad,PROD171,1,6999,6999,Cancelled,Cash on Delivery
ORD12178,CUST4534,10-04-2024,Mumbai,PROD201,3,799,2397,Shipped,Cash on Delivery
ORD12179,CUST2025,19-01-2025,Hyderabad,PROD100,1,2799,2799,Shipped,Cash on Delivery
ORD12180,CUST1392,24-12-2022,Bhubaneswar,PROD126,2,299,598,Pending,Cash on Delivery
ORD12181,CUST1847,11-08-2024,Bangalore,PROD128,2,799,1598,Cancelled,PayPal
ORD12182,CUST3676,28-06-2024,Hyderabad,PROD167,1,3499,3499,Shipped,PayPal
ORD12183,CUST4055,27-04-2024,Delhi,PROD178,3,1299,3897,Delivered,Cash on Delivery
ORD12184,CUST1119,10-02-2023,Bangalore,PROD204,1,2299,2299,Returned,Credit Card
ORD12185,CUST2360,02-10-2022,Kochi,PROD135,2,350,700,Cancelled,Credit Card
ORD12186,CUST4447,10-07-2025,Chennai,PROD102,3,1799,5397,Pending,Cash on Delivery
ORD12187,CUST2849,18-10-2022,Hyderabad,PROD187,1,4999,4999,Cancelled,PayPal
ORD12188,CUST5082,14-05-2023,Hyderabad,PROD131,2,499,998,Shipped,Credit Card
ORD12189,CUST3058,23-03-2023,Mumbai,PROD154,1,71990,71990,Returned,PayPal
ORD12190,CUST5065,16-03-2025,Indore,PROD161,3,1499,4497,Returned,PayPal
ORD12191,CUST2327,06-12-2022,Noida,PROD192,1,4999,4999,Pending,Credit Card
ORD12192,CUST4339,09-09-2024,Bangalore,PROD182,2,1899,3798,Shipped,Cash on Delivery
ORD12193,CUST4823,23-11-2024,Visakhapatnam,PROD136,2,499,998,Shipped,Credit Card
ORD12194,CUST1436,28-03-2023,Pune,PROD171,1,6999,6999,Pending,PayPal
ORD12195,CUST4921,24-11-2023,Noida,PROD160,1,5999,5999,Pending,PayPal
ORD12196,CUST2880,21-06-2023,Hyderabad,PROD199,2,1299,2598,Pending,Cash on Delivery
ORD12197,CUST4187,13-09-2023,Chennai,PROD152,1,39999,39999,Pending,PayPal
ORD12198,CUST3460,06-02-2023,Jaipur,PROD136,3,499,1497,Pending,PayPal
ORD12199,CUST1314,02-11-2022,Nagpur,PROD199,3,1299,3897,Cancelled,PayPal
ORD12200,CUST3630,11-11-2024,Mumbai,PROD209,3,1799,5397,Pending,PayPal
ORD12201,CUST3676,06-01-2023,Kochi,PROD140,1,69999,69999,Returned,Cash on Delivery
ORD12202,CUST3187,23-12-2024,Bangalore,PROD101,1,6499,6499,Delivered,Cash on Delivery
ORD12203,CUST1848,12-12-2022,Surat,PROD200,1,2499,2499,Delivered,PayPal
ORD12204,CUST4777,27-08-2023,Lucknow,PROD140,1,69999,69999,Returned,PayPal
ORD12205,CUST2826,07-09-2024,Gurgaon,PROD179,2,1799,3598,Shipped,PayPal
ORD12206,CUST2043,04-01-2023,Delhi,PROD139,3,499,1497,Pending,Cash on Delivery
ORD12207,CUST4927,11-06-2025,Indore,PROD205,3,399,1197,Returned,PayPal
ORD12208,CUST4520,12-01-2023,Hyderabad,PROD120,3,599,1797,Pending,Credit Card
ORD12209,CUST3338,05-06-2024,Surat,PROD183,2,999,1998,Pending,PayPal
ORD12210,CUST3321,21-03-2023,Bangalore,PROD200,1,2499,2499,Returned,Credit Card
ORD12211,CUST2617,09-12-2024,Kolkata,PROD115,1,2499,2499,Pending,Credit Card
ORD12212,CUST4759,24-07-2023,Jaipur,PROD101,1,6499,6499,Shipped,Credit Card
ORD12213,CUST3219,04-04-2025,Bangalore,PROD149,3,1499,4497,Delivered,Cash on Delivery
ORD12214,CUST4283,21-05-2023,Bangalore,PROD180,1,2499,2499,Pending,Cash on Delivery
ORD12215,CUST2495,29-03-2025,Lucknow,PROD178,2,1299,2598,Cancelled,PayPal
ORD12216,CUST2290,27-01-2023,Kolkata,PROD101,1,6499,6499,Delivered,Cash on Delivery
ORD12217,CUST1605,16-12-2022,Pune,PROD214,3,499,1497,Cancelled,PayPal
ORD12218,CUST4990,30-12-2024,Chennai,PROD190,1,2499,2499,Returned,Cash on Delivery
ORD12219,CUST4168,26-02-2023,Bangalore,PROD167,1,3499,3499,Returned,PayPal
ORD12220,CUST2500,08-02-2025,Pune,PROD136,2,499,998,Returned,Cash on Delivery
ORD12221,CUST2819,16-10-2023,Hyderabad,PROD196,3,899,2697,Pending,Cash on Delivery
ORD12222,CUST1214,04-07-2024,Kochi,PROD106,1,5999,5999,Pending,PayPal
ORD12223,CUST5280,19-10-2023,Noida,PROD174,3,899,2697,Shipped,PayPal
ORD12224,CUST2665,26-05-2023,Pune,PROD193,3,1499,4497,Returned,Cash on Delivery
ORD12225,CUST5284,09-09-2023,Nagpur,PROD177,2,1599,3198,Delivered,Cash on Delivery
ORD12226,CUST1220,03-04-2023,Gurgaon,PROD189,2,899,1798,Returned,Cash on Delivery
ORD12227,CUST5282,04-06-2025,Hyderabad,PROD171,1,6999,6999,Cancelled,Cash on Delivery
ORD12228,CUST2607,05-11-2023,Lucknow,PROD133,2,299,598,Shipped,PayPal
ORD12229,CUST2757,27-06-2023,Delhi,PROD149,2,1499,2998,Shipped,PayPal
ORD12230,CUST4867,24-10-2023,Delhi,PROD170,1,2499,2499,Returned,Cash on Delivery
ORD12231,CUST1171,08-07-2023,Mumbai,PROD168,2,1299,2598,Delivered,PayPal
ORD12232,CUST3372,25-11-2023,Chandigarh,PROD190,1,2499,2499,Shipped,Cash on Delivery
ORD12233,CUST2136,17-06-2025,Kolkata,PROD140,1,69999,69999,Delivered,Cash on Delivery
ORD12234,CUST2683,03-10-2024,Delhi,PROD140,1,69999,69999,Cancelled,Cash on Delivery
ORD12235,CUST4711,15-01-2025,Kolkata,PROD116,1,3499,3499,Returned,Cash on Delivery
ORD12236,CUST3672,25-05-2023,Bangalore,PROD139,3,499,1497,Pending,PayPal
ORD12237,CUST1292,30-06-2023,Nagpur,PROD161,2,1499,2998,Shipped,Cash on Delivery
ORD12238,CUST2458,06-06-2023,Gurgaon,PROD136,2,499,998,Returned,PayPal
ORD12239,CUST4433,03-04-2024,Patna,PROD151,1,49999,49999,Returned,PayPal
ORD12240,CUST4579,04-04-2024,Chennai,PROD194,2,999,1998,Returned,PayPal
ORD12241,CUST1363,10-05-2023,Hyderabad,PROD156,1,29990,29990,Delivered,PayPal
ORD12242,CUST2862,06-11-2022,Bangalore,PROD174,2,899,1798,Cancelled,PayPal
ORD12243,CUST2820,15-07-2023,Kochi,PROD100,1,2799,2799,Pending,Cash on Delivery
ORD12244,CUST1982,06-12-2022,Pune,PROD218,2,299,598,Shipped,Credit Card
ORD12245,CUST2927,04-01-2024,Kolkata,PROD147,1,29990,29990,Shipped,Cash on Delivery
ORD12246,CUST4844,14-06-2024,Bhubaneswar,PROD135,3,350,1050,Delivered,Credit Card
ORD12247,CUST2083,26-03-2023,Lucknow,PROD144,1,58499,58499,Delivered,Cash on Delivery
ORD12248,CUST4138,28-02-2024,Gurgaon,PROD102,3,1799,5397,Shipped,Cash on Delivery
ORD12249,CUST4296,12-07-2025,Chennai,PROD120,3,599,1797,Returned,Cash on Delivery
ORD12250,CUST1089,22-09-2023,Chennai,PROD188,3,499,1497,Returned,Credit Card
ORD12251,CUST4362,06-02-2024,Nagpur,PROD114,2,1999,3998,Pending,Cash on Delivery
ORD12252,CUST3898,13-07-2024,Surat,PROD113,3,1499,4497,Returned,Cash on Delivery
ORD12253,CUST1691,20-01-2024,Bhubaneswar,PROD132,2,399,798,Pending,PayPal
ORD12254,CUST3309,06-09-2022,Chandigarh,PROD161,3,1499,4497,Shipped,PayPal
ORD12255,CUST3089,16-11-2024,Lucknow,PROD148,1,6499,6499,Returned,PayPal
ORD12256,CUST4536,30-07-2025,Nagpur,PROD111,3,1899,5697,Shipped,Cash on Delivery
ORD12257,CUST3247,29-10-2024,Kolkata,PROD214,2,499,998,Returned,PayPal
ORD12258,CUST2426,29-10-2024,Pune,PROD191,2,1999,3998,Cancelled,Credit Card
ORD12259,CUST1214,12-05-2023,Kolkata,PROD188,2,499,998,Cancelled,Cash on Delivery
ORD12260,CUST2198,19-01-2024,Nagpur,PROD126,3,299,897,Delivered,Credit Card
ORD12261,CUST3220,17-10-2024,Chennai,PROD162,1,3299,3299,Cancelled,Cash on Delivery
ORD12262,CUST4961,09-03-2025,Kolkata,PROD108,2,1499,2998,Cancelled,Credit Card
ORD12263,CUST1713,03-09-2023,Hyderabad,PROD204,1,2299,2299,Shipped,PayPal
ORD12264,CUST2540,05-08-2024,Mumbai,PROD150,1,42999,42999,Shipped,Cash on Delivery
ORD12265,CUST1891,25-11-2024,Ahmedabad,PROD125,3,549,1647,Delivered,Cash on Delivery
ORD12266,CUST2726,23-09-2022,Pune,PROD115,1,2499,2499,Cancelled,Cash on Delivery
ORD12267,CUST1800,10-05-2023,Delhi,PROD118,1,2999,2999,Delivered,Credit Card
ORD12268,CUST5002,22-03-2025,Delhi,PROD171,1,6999,6999,Shipped,PayPal
ORD12269,CUST1909,13-02-2023,Hyderabad,PROD120,3,599,1797,Shipped,Credit Card
ORD12270,CUST3042,04-07-2025,Hyderabad,PROD123,2,449,898,Shipped,Credit Card
ORD12271,CUST3822,04-01-2025,Chennai,PROD205,2,399,798,Delivered,PayPal
ORD12272,CUST2737,01-01-2024,Bangalore,PROD102,3,1799,5397,Cancelled,Cash on Delivery
ORD12273,CUST2569,07-06-2024,Kochi,PROD203,3,1999,5997,Delivered,Credit Card
ORD12274,CUST3760,24-05-2023,Noida,PROD147,1,29990,29990,Delivered,Cash on Delivery
ORD12275,CUST3309,01-05-2023,Kolkata,PROD151,1,49999,49999,Pending,Credit Card
ORD12276,CUST4219,18-04-2023,Nagpur,PROD210,1,2499,2499,Cancelled,Credit Card
ORD12277,CUST1927,15-05-2024,Hyderabad,PROD190,1,2499,2499,Shipped,Cash on Delivery
ORD12278,CUST3498,12-11-2024,Nagpur,PROD203,3,1999,5997,Shipped,Credit Card
ORD12279,CUST2652,20-10-2023,Kolkata,PROD121,3,499,1497,Returned,PayPal
ORD12280,CUST2456,20-08-2025,Bangalore,PROD138,2,799,1598,Delivered,Credit Card
ORD12281,CUST1837,05-11-2023,Delhi,PROD121,2,499,998,Pending,Credit Card
ORD12282,CUST4804,24-08-2024,Chennai,PROD193,3,1499,4497,Pending,PayPal
ORD12283,CUST5265,21-10-2022,Bangalore,PROD163,1,4999,4999,Pending,Credit Card
ORD12284,CUST4077,15-05-2024,Delhi,PROD172,1,3999,3999,Returned,PayPal
ORD12285,CUST3614,13-01-2023,Bangalore,PROD131,3,499,1497,Shipped,Cash on Delivery
ORD12286,CUST2520,20-09-2024,Delhi,PROD192,1,4999,4999,Returned,Credit Card
ORD12287,CUST4421,17-02-2025,Bangalore,PROD219,3,799,2397,Shipped,Credit Card
ORD12288,CUST3259,21-07-2025,Hyderabad,PROD142,1,59999,59999,Shipped,Credit Card
ORD12289,CUST2385,11-05-2023,Kolkata,PROD130,3,599,1797,Returned,Cash on Delivery
ORD12290,CUST3631,21-05-2023,Pune,PROD196,3,899,2697,Pending,PayPal
ORD12291,CUST1237,08-03-2025,Lucknow,PROD156,1,29990,29990,Delivered,PayPal
ORD12292,CUST4644,02-12-2024,Chennai,PROD144,1,58499,58499,Delivered,Credit Card
ORD12293,CUST2763,24-05-2025,Kochi,PROD217,3,999,2997,Cancelled,Cash on Delivery
ORD12294,CUST4876,03-08-2025,Nagpur,PROD213,3,1999,5997,Delivered,Cash on Delivery
ORD12295,CUST4153,17-12-2024,Hyderabad,PROD108,3,1499,4497,Pending,Credit Card
ORD12296,CUST2162,15-02-2025,Chennai,PROD150,1,42999,42999,Cancelled,PayPal
ORD12297,CUST4893,12-07-2024,Pune,PROD119,2,1799,3598,Returned,PayPal
ORD12298,CUST3309,28-10-2024,Indore,PROD160,1,5999,5999,Delivered,Credit Card
ORD12299,CUST4878,26-05-2024,Kolkata,PROD157,1,14999,14999,Cancelled,Credit Card
ORD12300,CUST3410,05-03-2024,Mumbai,PROD112,2,1699,3398,Returned,PayPal
ORD12301,CUST3306,25-04-2023,Ahmedabad,PROD149,2,1499,2998,Pending,Credit Card
ORD12302,CUST1837,07-05-2024,Bhubaneswar,PROD215,2,1799,3598,Returned,PayPal
ORD12303,CUST2735,21-09-2023,Bangalore,PROD214,3,499,1497,Shipped,Credit Card
ORD12304,CUST3468,11-10-2022,Indore,PROD184,1,2999,2999,Shipped,Credit Card
ORD12305,CUST5239,03-09-2022,Hyderabad,PROD192,1,4999,4999,Pending,Credit Card
ORD12306,CUST2825,05-11-2023,Chennai,PROD203,3,1999,5997,Delivered,PayPal
ORD12307,CUST3538,01-04-2025,Chennai,PROD141,1,64999,64999,Shipped,PayPal
ORD12308,CUST3169,20-11-2023,Kolkata,PROD137,3,599,1797,Shipped,Cash on Delivery
ORD12309,CUST3338,07-05-2024,Surat,PROD203,2,1999,3998,Shipped,PayPal
ORD12310,CUST2392,09-04-2024,Pune,PROD129,2,349,698,Shipped,Cash on Delivery
ORD12311,CUST1217,14-09-2023,Hyderabad,PROD152,1,39999,39999,Delivered,Credit Card
ORD12312,CUST2371,20-09-2023,Mumbai,PROD198,1,6999,6999,Shipped,Cash on Delivery
ORD12313,CUST3324,23-03-2025,Pune,PROD131,2,499,998,Returned,Credit Card
ORD12314,CUST4129,07-02-2023,Chennai,PROD102,2,1799,3598,Cancelled,PayPal
ORD12315,CUST3811,10-11-2022,Bhubaneswar,PROD184,1,2999,2999,Returned,Credit Card
ORD12316,CUST4922,22-05-2023,Patna,PROD105,1,2499,2499,Shipped,Cash on Delivery
ORD12317,CUST4945,17-05-2024,Ahmedabad,PROD107,2,1299,2598,Cancelled,Cash on Delivery
ORD12318,CUST4746,09-12-2023,Kolkata,PROD104,1,4499,4499,Delivered,PayPal
ORD12319,CUST4502,28-03-2025,Pune,PROD150,1,42999,42999,Cancelled,PayPal
ORD12320,CUST4985,27-03-2025,Surat,PROD173,2,1299,2598,Pending,PayPal
ORD12321,CUST2128,13-05-2024,Bangalore,PROD194,2,999,1998,Cancelled,Credit Card
ORD12322,CUST2862,11-10-2023,Lucknow,PROD127,3,899,2697,Pending,Credit Card
ORD12323,CUST2863,18-10-2022,Chennai,PROD163,1,4999,4999,Returned,PayPal
ORD12324,CUST1098,26-02-2023,Chennai,PROD153,1,62990,62990,Pending,Cash on Delivery
ORD12325,CUST4984,20-09-2023,Mumbai,PROD116,1,3499,3499,Delivered,Credit Card
ORD12326,CUST4178,12-06-2025,Chandigarh,PROD157,1,14999,14999,Pending,Cash on Delivery
ORD12327,CUST3660,08-03-2023,Mumbai,PROD180,1,2499,2499,Cancelled,Cash on Delivery
ORD12328,CUST3221,07-01-2024,Hyderabad,PROD151,1,49999,49999,Cancelled,Cash on Delivery
ORD12329,CUST5059,14-04-2024,Visakhapatnam,PROD113,2,1499,2998,Cancelled,Cash on Delivery
ORD12330,CUST4297,11-06-2023,Chandigarh,PROD217,2,999,1998,Returned,PayPal
ORD12331,CUST1768,04-09-2024,Delhi,PROD161,3,1499,4497,Delivered,PayPal
ORD12332,CUST1356,12-08-2025,Chandigarh,PROD178,3,1299,3897,Returned,Credit Card
ORD12333,CUST2263,21-03-2023,Delhi,PROD145,1,62990,62990,Pending,PayPal
ORD12334,CUST1675,20-04-2025,Chandigarh,PROD183,2,999,1998,Cancelled,Credit Card
ORD12335,CUST2363,21-03-2024,Delhi,PROD149,3,1499,4497,Shipped,PayPal
ORD12336,CUST1657,04-12-2022,Kolkata,PROD156,1,29990,29990,Returned,Cash on Delivery
ORD12337,CUST2557,27-04-2023,Pune,PROD212,1,5499,5499,Cancelled,Cash on Delivery
ORD12338,CUST1560,11-05-2025,Mumbai,PROD166,1,9499,9499,Returned,PayPal
ORD12339,CUST3705,28-06-2024,Hyderabad,PROD104,1,4499,4499,Delivered,PayPal
ORD12340,CUST5144,02-08-2025,Bangalore,PROD139,3,499,1497,Pending,Cash on Delivery
ORD12341,CUST1709,01-05-2024,Indore,PROD160,1,5999,5999,Shipped,PayPal
ORD12342,CUST3997,01-12-2023,Visakhapatnam,PROD206,2,699,1398,Pending,Cash on Delivery
ORD12343,CUST1640,29-08-2023,Chandigarh,PROD143,1,89999,89999,Delivered,Cash on Delivery
ORD12344,CUST1106,03-09-2023,Delhi,PROD116,1,3499,3499,Cancelled,Cash on Delivery
ORD12345,CUST2521,02-09-2024,Chandigarh,PROD152,1,39999,39999,Pending,Cash on Delivery
ORD12346,CUST3424,25-09-2023,Mumbai,PROD180,1,2499,2499,Delivered,Credit Card
ORD12347,CUST2014,06-05-2023,Chandigarh,PROD171,1,6999,6999,Returned,PayPal
ORD12348,CUST2175,25-04-2024,Kolkata,PROD116,1,3499,3499,Pending,Credit Card
ORD12349,CUST2865,26-02-2023,Chennai,PROD152,1,39999,39999,Pending,PayPal
ORD12350,CUST3639,30-12-2024,Chennai,PROD168,3,1299,3897,Cancelled,Credit Card
ORD12351,CUST3248,30-09-2022,Chennai,PROD113,3,1499,4497,Returned,Credit Card
ORD12352,CUST4368,23-01-2025,Hyderabad,PROD159,1,4499,4499,Shipped,PayPal
ORD12353,CUST4834,18-09-2022,Kolkata,PROD190,1,2499,2499,Cancelled,PayPal
ORD12354,CUST4714,29-12-2023,Mumbai,PROD141,1,64999,64999,Shipped,PayPal
ORD12355,CUST2258,15-08-2024,Bangalore,PROD134,3,450,1350,Pending,Cash on Delivery
ORD12356,CUST4381,22-05-2023,Hyderabad,PROD104,1,4499,4499,Pending,Cash on Delivery
ORD12357,CUST3873,02-03-2023,Patna,PROD134,3,450,1350,Pending,Cash on Delivery
ORD12358,CUST3221,30-07-2023,Kolkata,PROD189,2,899,1798,Delivered,PayPal
ORD12359,CUST5151,16-05-2023,Nagpur,PROD132,2,399,798,Cancelled,Cash on Delivery
ORD12360,CUST4983,20-12-2023,Nagpur,PROD139,2,499,998,Cancelled,PayPal
ORD12361,CUST2704,20-08-2025,Hyderabad,PROD173,3,1299,3897,Cancelled,Credit Card
ORD12362,CUST4125,11-11-2022,Lucknow,PROD201,2,799,1598,Returned,PayPal
ORD12363,CUST3935,08-08-2025,Bangalore,PROD165,3,1799,5397,Returned,Cash on Delivery
ORD12364,CUST5204,12-02-2024,Mumbai,PROD126,2,299,598,Delivered,Cash on Delivery
ORD12365,CUST5109,28-10-2024,Chennai,PROD122,3,399,1197,Delivered,PayPal
ORD12366,CUST3446,10-05-2025,Pune,PROD117,1,2299,2299,Delivered,Cash on Delivery
ORD12367,CUST4911,14-11-2024,Mumbai,PROD211,2,1799,3598,Delivered,Cash on Delivery
ORD12368,CUST1203,26-10-2023,Mumbai,PROD136,2,499,998,Shipped,PayPal
ORD12369,CUST1024,10-11-2023,Bhubaneswar,PROD216,1,2299,2299,Shipped,Credit Card
ORD12370,CUST3771,20-11-2023,Bangalore,PROD198,1,6999,6999,Pending,Cash on Delivery
ORD12371,CUST3379,31-10-2023,Ahmedabad,PROD212,1,5499,5499,Delivered,PayPal
ORD12372,CUST4237,05-12-2024,Pune,PROD217,2,999,1998,Shipped,Cash on Delivery
ORD12373,CUST5253,09-05-2023,Kolkata,PROD123,2,449,898,Cancelled,Credit Card
ORD12374,CUST2795,29-08-2023,Mumbai,PROD217,3,999,2997,Delivered,Credit Card
ORD12375,CUST4381,23-02-2023,Mumbai,PROD208,3,899,2697,Delivered,PayPal
ORD12376,CUST3009,29-12-2023,Bangalore,PROD172,1,3999,3999,Cancelled,Cash on Delivery
ORD12377,CUST2966,24-10-2022,Delhi,PROD142,1,59999,59999,Delivered,PayPal
ORD12378,CUST2525,02-01-2024,Pune,PROD122,2,399,798,Pending,PayPal
ORD12379,CUST1386,04-12-2024,Visakhapatnam,PROD148,1,6499,6499,Shipped,Credit Card
ORD12380,CUST1042,27-02-2025,Lucknow,PROD121,2,499,998,Delivered,Cash on Delivery
ORD12381,CUST1354,04-09-2022,Chandigarh,PROD207,2,1299,2598,Cancelled,Credit Card
ORD12382,CUST3822,02-04-2025,Mumbai,PROD118,1,2999,2999,Returned,Credit Card
ORD12383,CUST2621,01-08-2024,Nagpur,PROD106,1,5999,5999,Cancelled,PayPal
ORD12384,CUST1677,12-04-2023,Hyderabad,PROD134,2,450,900,Shipped,PayPal
ORD12385,CUST3158,16-04-2024,Bangalore,PROD100,1,2799,2799,Pending,PayPal
ORD12386,CUST4381,07-01-2024,Chennai,PROD138,2,799,1598,Delivered,Cash on Delivery
ORD12387,CUST3953,11-02-2025,Hyderabad,PROD173,3,1299,3897,Delivered,Credit Card
ORD12388,CUST2657,05-09-2024,Kochi,PROD114,2,1999,3998,Cancelled,Credit Card
ORD12389,CUST3969,26-02-2023,Hyderabad,PROD207,2,1299,2598,Delivered,PayPal
ORD12390,CUST2966,29-10-2022,Chennai,PROD137,3,599,1797,Cancelled,Credit Card
ORD12391,CUST3162,14-05-2023,Mumbai,PROD206,3,699,2097,Delivered,Cash on Delivery
ORD12392,CUST2776,26-08-2024,Delhi,PROD101,1,6499,6499,Cancelled,PayPal
ORD12393,CUST1549,04-06-2024,Chennai,PROD134,3,450,1350,Cancelled,Cash on Delivery
ORD12394,CUST1754,22-10-2024,Gurgaon,PROD123,3,449,1347,Delivered,Credit Card
ORD12395,CUST3997,08-02-2023,Pune,PROD190,1,2499,2499,Shipped,PayPal
ORD12396,CUST2708,06-12-2024,Pune,PROD188,2,499,998,Returned,Cash on Delivery
ORD12397,CUST3413,31-03-2024,Gurgaon,PROD214,2,499,998,Cancelled,PayPal
ORD12398,CUST1151,15-03-2024,Hyderabad,PROD187,1,4999,4999,Delivered,Credit Card
ORD12399,CUST2684,14-12-2024,Pune,PROD116,1,3499,3499,Shipped,PayPal
ORD12400,CUST3881,27-06-2023,Nagpur,PROD139,2,499,998,Cancelled,Cash on Delivery
ORD12401,CUST4082,01-06-2023,Pune,PROD207,2,1299,2598,Returned,Cash on Delivery
ORD12402,CUST1685,19-09-2024,Delhi,PROD219,2,799,1598,Returned,Credit Card
ORD12403,CUST2452,07-03-2024,Chennai,PROD119,3,1799,5397,Pending,Credit Card
ORD12404,CUST1880,09-04-2025,Hyderabad,PROD216,1,2299,2299,Returned,PayPal
ORD12405,CUST4736,14-04-2023,Delhi,PROD118,1,2999,2999,Shipped,Cash on Delivery
ORD12406,CUST1313,24-03-2025,Mumbai,PROD219,3,799,2397,Returned,PayPal
ORD12407,CUST3496,31-12-2022,Bangalore,PROD103,1,2999,2999,Returned,Credit Card
ORD12408,CUST3338,30-03-2025,Chandigarh,PROD189,2,899,1798,Cancelled,Credit Card
ORD12409,CUST2150,11-03-2025,Surat,PROD177,3,1599,4797,Delivered,Credit Card
ORD12410,CUST4117,28-12-2024,Ahmedabad,PROD202,2,1499,2998,Pending,PayPal
ORD12411,CUST2018,22-07-2025,Hyderabad,PROD139,2,499,998,Shipped,PayPal
ORD12412,CUST1752,11-02-2023,Mumbai,PROD105,1,2499,2499,Shipped,Credit Card
ORD12413,CUST2811,25-08-2022,Bangalore,PROD127,3,899,2697,Shipped,PayPal
ORD12414,CUST1295,27-08-2022,Mumbai,PROD213,3,1999,5997,Cancelled,Credit Card
ORD12415,CUST2122,12-10-2022,Kolkata,PROD122,3,399,1197,Returned,Credit Card
ORD12416,CUST1918,26-05-2025,Kolkata,PROD156,1,29990,29990,Cancelled,Cash on Delivery
ORD12417,CUST2330,04-12-2022,Kolkata,PROD124,2,699,1398,Cancelled,PayPal
ORD12418,CUST5201,25-01-2025,Lucknow,PROD207,2,1299,2598,Pending,Cash on Delivery
ORD12419,CUST2934,25-06-2024,Noida,PROD186,1,3499,3499,Shipped,PayPal
ORD12420,CUST4160,08-04-2025,Hyderabad,PROD109,1,2399,2399,Pending,Cash on Delivery
ORD12421,CUST5005,15-12-2023,Bangalore,PROD102,2,1799,3598,Shipped,PayPal
ORD12422,CUST2326,28-01-2025,Nagpur,PROD175,3,1499,4497,Shipped,PayPal
ORD12423,CUST4976,22-11-2024,Jaipur,PROD122,2,399,798,Shipped,Cash on Delivery
ORD12424,CUST4086,04-11-2024,Bangalore,PROD205,2,399,798,Returned,Credit Card
ORD12425,CUST3057,21-04-2024,Kolkata,PROD130,2,599,1198,Pending,Cash on Delivery
ORD12426,CUST2017,23-04-2025,Kochi,PROD100,1,2799,2799,Delivered,PayPal
ORD12427,CUST1727,15-01-2025,Gurgaon,PROD150,1,42999,42999,Pending,Cash on Delivery
ORD12428,CUST2892,28-11-2023,Bhubaneswar,PROD142,1,59999,59999,Delivered,Cash on Delivery
ORD12429,CUST3115,04-07-2023,Kochi,PROD164,3,1199,3597,Shipped,Cash on Delivery
ORD12430,CUST3370,29-01-2024,Delhi,PROD176,1,3499,3499,Delivered,Credit Card
ORD12431,CUST2342,27-09-2024,Hyderabad,PROD126,2,299,598,Shipped,Cash on Delivery
ORD12432,CUST5189,14-03-2024,Surat,PROD176,1,3499,3499,Delivered,Credit Card
ORD12433,CUST5151,15-07-2023,Pune,PROD133,2,299,598,Delivered,PayPal
ORD12434,CUST4495,08-06-2025,Bangalore,PROD135,3,350,1050,Shipped,Cash on Delivery
ORD12435,CUST1380,29-06-2025,Visakhapatnam,PROD215,2,1799,3598,Cancelled,Credit Card
ORD12436,CUST4513,18-01-2025,Lucknow,PROD136,3,499,1497,Returned,PayPal
ORD12437,CUST2570,20-04-2023,Noida,PROD205,3,399,1197,Pending,Cash on Delivery
ORD12438,CUST4381,12-06-2023,Jaipur,PROD136,2,499,998,Pending,Cash on Delivery
ORD12439,CUST2107,05-03-2025,Indore,PROD163,1,4999,4999,Shipped,Credit Card
ORD12440,CUST3578,29-09-2023,Mumbai,PROD193,3,1499,4497,Cancelled,PayPal
ORD12441,CUST1271,17-12-2024,Delhi,PROD131,3,499,1497,Cancelled,Cash on Delivery
ORD12442,CUST1195,06-11-2024,Lucknow,PROD154,1,71990,71990,Returned,Credit Card
ORD12443,CUST4766,19-06-2024,Mumbai,PROD157,1,14999,14999,Delivered,Cash on Delivery
ORD12444,CUST4283,21-09-2022,Kochi,PROD167,1,3499,3499,Pending,Cash on Delivery
ORD12445,CUST1863,17-04-2024,Gurgaon,PROD157,1,14999,14999,Returned,PayPal
ORD12446,CUST1395,27-02-2025,Kolkata,PROD198,1,6999,6999,Cancelled,Credit Card
ORD12447,CUST3759,24-10-2024,Mumbai,PROD208,3,899,2697,Cancelled,Credit Card
ORD12448,CUST5081,29-07-2025,Hyderabad,PROD170,1,2499,2499,Cancelled,Cash on Delivery
ORD12449,CUST3348,24-03-2025,Mumbai,PROD113,2,1499,2998,Returned,PayPal
ORD12450,CUST4201,13-10-2024,Hyderabad,PROD153,1,62990,62990,Pending,Credit Card
ORD12451,CUST1816,01-11-2023,Nagpur,PROD149,3,1499,4497,Cancelled,Cash on Delivery
ORD12452,CUST1197,18-03-2023,Hyderabad,PROD175,2,1499,2998,Pending,Credit Card
ORD12453,CUST4165,03-07-2024,Patna,PROD199,3,1299,3897,Returned,Credit Card
ORD12454,CUST4172,13-02-2024,Lucknow,PROD190,1,2499,2499,Pending,Credit Card
ORD12455,CUST2929,14-12-2022,Pune,PROD209,3,1799,5397,Pending,PayPal
ORD12456,CUST5319,30-06-2025,Kolkata,PROD158,1,8995,8995,Delivered,Cash on Delivery
ORD12457,CUST1610,23-04-2023,Jaipur,PROD127,3,899,2697,Shipped,PayPal
ORD12458,CUST4954,12-02-2024,Chennai,PROD176,1,3499,3499,Cancelled,Cash on Delivery
ORD12459,CUST2765,27-06-2023,Noida,PROD161,3,1499,4497,Delivered,Credit Card
ORD12460,CUST4680,27-04-2024,Kochi,PROD175,3,1499,4497,Pending,Credit Card
ORD12461,CUST1511,03-01-2023,Bangalore,PROD189,2,899,1798,Cancelled,Credit Card
ORD12462,CUST5155,21-01-2024,Noida,PROD205,3,399,1197,Pending,PayPal
ORD12463,CUST4613,02-02-2024,Bhubaneswar,PROD121,3,499,1497,Returned,Cash on Delivery
ORD12464,CUST3143,05-03-2024,Bangalore,PROD114,2,1999,3998,Shipped,PayPal
ORD12465,CUST2804,10-12-2022,Mumbai,PROD164,3,1199,3597,Shipped,PayPal
ORD12466,CUST4050,20-01-2024,Kochi,PROD144,1,58499,58499,Cancelled,PayPal
ORD12467,CUST4578,12-01-2024,Kochi,PROD186,1,3499,3499,Delivered,PayPal
ORD12468,CUST2018,26-10-2022,Ahmedabad,PROD153,1,62990,62990,Delivered,Cash on Delivery
ORD12469,CUST2412,07-07-2024,Lucknow,PROD138,3,799,2397,Returned,Credit Card
ORD12470,CUST1802,23-12-2024,Delhi,PROD201,2,799,1598,Returned,Credit Card
ORD12471,CUST2358,04-03-2024,Surat,PROD168,2,1299,2598,Pending,PayPal
ORD12472,CUST4392,16-05-2025,Jaipur,PROD158,1,8995,8995,Delivered,PayPal
ORD12473,CUST5292,31-07-2023,Kolkata,PROD175,2,1499,2998,Cancelled,Cash on Delivery
ORD12474,CUST4539,14-05-2023,Bangalore,PROD190,1,2499,2499,Shipped,Credit Card
ORD12475,CUST4149,02-09-2023,Pune,PROD103,1,2999,2999,Shipped,Credit Card
ORD12476,CUST3657,10-06-2023,Noida,PROD212,1,5499,5499,Returned,PayPal
ORD12477,CUST2000,05-12-2023,Mumbai,PROD217,3,999,2997,Delivered,Cash on Delivery
ORD12478,CUST4211,16-06-2023,Lucknow,PROD194,2,999,1998,Returned,Cash on Delivery
ORD12479,CUST4016,24-10-2022,Kolkata,PROD147,1,29990,29990,Cancelled,Cash on Delivery
ORD12480,CUST4757,01-02-2025,Hyderabad,PROD104,1,4499,4499,Cancelled,PayPal
ORD12481,CUST3019,30-04-2023,Bangalore,PROD175,3,1499,4497,Shipped,Credit Card
ORD12482,CUST2212,18-02-2025,Mumbai,PROD121,3,499,1497,Shipped,PayPal
ORD12483,CUST3226,05-09-2022,Kolkata,PROD147,1,29990,29990,Cancelled,Cash on Delivery
ORD12484,CUST4381,06-04-2025,Pune,PROD120,3,599,1797,Returned,Cash on Delivery
ORD12485,CUST2883,04-10-2024,Kolkata,PROD159,1,4499,4499,Cancelled,Credit Card
ORD12486,CUST3737,31-07-2023,Delhi,PROD152,1,39999,39999,Returned,Cash on Delivery
ORD12487,CUST4118,23-07-2023,Mumbai,PROD214,2,499,998,Shipped,Credit Card
ORD12488,CUST3907,03-08-2025,Pune,PROD218,2,299,598,Pending,Credit Card
ORD12489,CUST4892,02-07-2024,Chennai,PROD164,2,1199,2398,Shipped,Cash on Delivery
ORD12490,CUST5254,07-01-2023,Pune,PROD150,1,42999,42999,Delivered,PayPal
ORD12491,CUST2879,18-02-2024,Kolkata,PROD145,1,62990,62990,Cancelled,PayPal
ORD12492,CUST2668,08-05-2025,Chandigarh,PROD150,1,42999,42999,Shipped,Cash on Delivery
ORD12493,CUST3478,03-03-2025,Hyderabad,PROD121,2,499,998,Delivered,Cash on Delivery
ORD12494,CUST1460,02-12-2024,Hyderabad,PROD134,2,450,900,Returned,Credit Card
ORD12495,CUST3400,13-08-2023,Delhi,PROD145,1,62990,62990,Returned,PayPal
ORD12496,CUST3146,24-11-2024,Kolkata,PROD128,3,799,2397,Cancelled,Cash on Delivery
ORD12497,CUST2075,04-12-2024,Kolkata,PROD107,2,1299,2598,Pending,Cash on Delivery
ORD12498,CUST3729,16-08-2023,Surat,PROD142,1,59999,59999,Delivered,Cash on Delivery
ORD12499,CUST1646,20-04-2024,Bangalore,PROD180,1,2499,2499,Shipped,Credit Card
ORD12500,CUST4469,28-04-2024,Mumbai,PROD109,1,2399,2399,Pending,PayPal
ORD12501,CUST2758,16-01-2024,Chandigarh,PROD160,1,5999,5999,Returned,Credit Card
ORD12502,CUST3080,12-02-2023,Pune,PROD164,2,1199,2398,Shipped,Cash on Delivery
ORD12503,CUST3271,03-03-2023,Pune,PROD173,2,1299,2598,Pending,Credit Card
ORD12504,CUST1113,09-09-2023,Ahmedabad,PROD218,3,299,897,Cancelled,PayPal
ORD12505,CUST2272,26-10-2022,Chandigarh,PROD161,3,1499,4497,Shipped,Credit Card
ORD12506,CUST2291,09-09-2023,Gurgaon,PROD152,1,39999,39999,Returned,PayPal
ORD12507,CUST4111,02-08-2023,Surat,PROD210,1,2499,2499,Pending,Credit Card
ORD12508,CUST4862,04-09-2023,Kolkata,PROD170,1,2499,2499,Pending,Credit Card
ORD12509,CUST4110,06-04-2023,Chennai,PROD123,3,449,1347,Cancelled,Cash on Delivery
ORD12510,CUST1961,11-12-2022,Pune,PROD109,1,2399,2399,Returned,Cash on Delivery
ORD12511,CUST1004,26-08-2024,Pune,PROD159,1,4499,4499,Returned,Credit Card
ORD12512,CUST2267,18-06-2025,Noida,PROD112,2,1699,3398,Cancelled,PayPal
ORD12513,CUST2291,02-01-2023,Chennai,PROD188,2,499,998,Shipped,PayPal
ORD12514,CUST1379,20-04-2023,Hyderabad,PROD194,2,999,1998,Cancelled,Credit Card
ORD12515,CUST1345,31-03-2025,Pune,PROD176,1,3499,3499,Returned,Credit Card
ORD12516,CUST1372,05-04-2024,Pune,PROD211,3,1799,5397,Returned,Cash on Delivery
ORD12517,CUST2667,15-09-2023,Kolkata,PROD214,3,499,1497,Pending,Credit Card
ORD12518,CUST2823,23-02-2023,Pune,PROD199,2,1299,2598,Delivered,Credit Card
ORD12519,CUST2720,23-08-2025,Pune,PROD110,1,2999,2999,Delivered,Credit Card
ORD12520,CUST5013,14-07-2024,Mumbai,PROD145,1,62990,62990,Pending,Credit Card
ORD12521,CUST2315,01-02-2025,Visakhapatnam,PROD209,2,1799,3598,Delivered,Credit Card
ORD12522,CUST1568,11-01-2024,Nagpur,PROD183,2,999,1998,Shipped,Cash on Delivery
ORD12523,CUST1784,01-02-2024,Hyderabad,PROD176,1,3499,3499,Returned,Cash on Delivery
ORD12524,CUST1163,28-07-2023,Kolkata,PROD175,2,1499,2998,Delivered,Credit Card
ORD12525,CUST4169,02-03-2025,Delhi,PROD198,1,6999,6999,Delivered,Credit Card
ORD12526,CUST4388,30-11-2022,Chandigarh,PROD116,1,3499,3499,Returned,Cash on Delivery
ORD12527,CUST3394,14-06-2024,Delhi,PROD196,2,899,1798,Shipped,Credit Card
ORD12528,CUST1828,27-01-2023,Bangalore,PROD196,3,899,2697,Delivered,PayPal
ORD12529,CUST3674,09-06-2024,Mumbai,PROD124,2,699,1398,Shipped,PayPal
ORD12530,CUST4559,13-09-2024,Bhubaneswar,PROD148,1,6499,6499,Shipped,PayPal
ORD12531,CUST4850,12-03-2024,Pune,PROD191,3,1999,5997,Delivered,Cash on Delivery
ORD12532,CUST2154,02-06-2025,Delhi,PROD166,1,9499,9499,Pending,PayPal
ORD12533,CUST2329,02-09-2024,Jaipur,PROD125,2,549,1098,Returned,PayPal
ORD12534,CUST1827,13-12-2023,Jaipur,PROD150,1,42999,42999,Pending,Cash on Delivery
ORD12535,CUST1402,27-01-2023,Kochi,PROD193,2,1499,2998,Cancelled,Credit Card
ORD12536,CUST1787,26-08-2023,Noida,PROD108,3,1499,4497,Returned,PayPal
ORD12537,CUST1587,06-09-2024,Kochi,PROD117,1,2299,2299,Shipped,Credit Card
ORD12538,CUST1480,14-05-2025,Hyderabad,PROD132,3,399,1197,Delivered,Cash on Delivery
ORD12539,CUST2471,26-11-2022,Pune,PROD187,1,4999,4999,Returned,Cash on Delivery
ORD12540,CUST1376,19-08-2023,Delhi,PROD163,1,4999,4999,Cancelled,Credit Card
ORD12541,CUST5002,21-04-2024,Indore,PROD192,1,4999,4999,Pending,Cash on Delivery
ORD12542,CUST3859,17-04-2023,Ahmedabad,PROD177,3,1599,4797,Cancelled,PayPal
ORD12543,CUST3840,20-08-2024,Delhi,PROD131,2,499,998,Returned,Cash on Delivery
ORD12544,CUST2324,14-03-2024,Visakhapatnam,PROD166,1,9499,9499,Pending,Credit Card
ORD12545,CUST4394,14-08-2023,Hyderabad,PROD200,1,2499,2499,Cancelled,Credit Card
ORD12546,CUST4035,04-09-2024,Mumbai,PROD196,2,899,1798,Cancelled,Cash on Delivery
ORD12547,CUST3438,27-03-2023,Pune,PROD111,2,1899,3798,Returned,Credit Card
ORD12548,CUST3935,31-10-2023,Hyderabad,PROD167,1,3499,3499,Shipped,Cash on Delivery
ORD12549,CUST4293,19-07-2023,Bangalore,PROD155,1,34999,34999,Pending,Credit Card
ORD12550,CUST2043,29-05-2024,Kochi,PROD202,2,1499,2998,Shipped,Credit Card
ORD12551,CUST4319,20-09-2024,Kolkata,PROD109,1,2399,2399,Delivered,Credit Card
ORD12552,CUST3889,12-10-2024,Chennai,PROD200,1,2499,2499,Shipped,Credit Card
ORD12553,CUST3531,21-02-2025,Visakhapatnam,PROD167,1,3499,3499,Returned,PayPal
ORD12554,CUST2293,13-01-2025,Ahmedabad,PROD104,1,4499,4499,Returned,Credit Card
ORD12555,CUST1567,17-10-2022,Kolkata,PROD187,1,4999,4999,Returned,PayPal
ORD12556,CUST2524,15-10-2023,Hyderabad,PROD103,1,2999,2999,Returned,Credit Card
ORD12557,CUST4447,26-07-2025,Chandigarh,PROD121,3,499,1497,Shipped,Cash on Delivery
ORD12558,CUST4894,29-09-2023,Jaipur,PROD115,1,2499,2499,Cancelled,Credit Card
ORD12559,CUST1439,31-03-2025,Mumbai,PROD132,3,399,1197,Returned,Cash on Delivery
ORD12560,CUST4424,14-01-2023,Hyderabad,PROD172,1,3999,3999,Pending,Cash on Delivery
ORD12561,CUST2919,14-08-2024,Bangalore,PROD100,1,2799,2799,Delivered,Cash on Delivery
ORD12562,CUST3727,15-02-2024,Bangalore,PROD117,1,2299,2299,Shipped,Cash on Delivery
ORD12563,CUST5299,02-05-2023,Hyderabad,PROD150,1,42999,42999,Cancelled,PayPal
ORD12564,CUST2174,13-03-2025,Patna,PROD102,2,1799,3598,Cancelled,Credit Card
ORD12565,CUST5325,04-11-2022,Bhubaneswar,PROD145,1,62990,62990,Returned,Credit Card
ORD12566,CUST2609,12-03-2025,Mumbai,PROD204,1,2299,2299,Shipped,Cash on Delivery
ORD12567,CUST1857,28-04-2024,Delhi,PROD188,3,499,1497,Pending,Credit Card
ORD12568,CUST4897,28-10-2023,Kolkata,PROD139,3,499,1497,Cancelled,Credit Card
ORD12569,CUST4407,09-05-2025,Hyderabad,PROD146,1,34999,34999,Delivered,Credit Card
ORD12570,CUST4381,29-03-2024,Delhi,PROD102,3,1799,5397,Shipped,Cash on Delivery
ORD12571,CUST1788,18-07-2023,Delhi,PROD143,1,89999,89999,Delivered,PayPal
ORD12572,CUST3618,26-07-2024,Bangalore,PROD191,3,1999,5997,Cancelled,PayPal
ORD12573,CUST2900,09-05-2024,Chandigarh,PROD148,1,6499,6499,Delivered,Cash on Delivery
ORD12574,CUST2526,09-02-2024,Surat,PROD139,3,499,1497,Cancelled,Credit Card
ORD12575,CUST4863,20-03-2024,Indore,PROD176,1,3499,3499,Shipped,Credit Card
ORD12576,CUST3935,02-06-2025,Bangalore,PROD103,1,2999,2999,Cancelled,Credit Card
ORD12577,CUST2518,29-05-2024,Surat,PROD170,1,2499,2499,Shipped,Cash on Delivery
ORD12578,CUST2218,14-11-2024,Mumbai,PROD199,2,1299,2598,Returned,Cash on Delivery
ORD12579,CUST4133,19-10-2023,Kolkata,PROD169,3,1899,5697,Pending,Credit Card
ORD12580,CUST3552,05-12-2023,Kolkata,PROD102,2,1799,3598,Cancelled,Credit Card
ORD12581,CUST1706,26-06-2025,Kochi,PROD152,1,39999,39999,Pending,Credit Card
ORD12582,CUST1951,18-11-2023,Mumbai,PROD204,1,2299,2299,Pending,Credit Card
ORD12583,CUST4106,24-04-2024,Hyderabad,PROD114,2,1999,3998,Pending,Cash on Delivery
ORD12584,CUST2883,02-04-2023,Chennai,PROD123,3,449,1347,Cancelled,Cash on Delivery
ORD12585,CUST4687,17-07-2024,Delhi,PROD172,1,3999,3999,Returned,Cash on Delivery
ORD12586,CUST4221,20-12-2023,Mumbai,PROD154,1,71990,71990,Pending,PayPal
ORD12587,CUST4598,24-04-2025,Mumbai,PROD178,3,1299,3897,Cancelled,Cash on Delivery
ORD12588,CUST2614,02-07-2024,Mumbai,PROD177,3,1599,4797,Delivered,Credit Card
ORD12589,CUST1449,13-11-2024,Hyderabad,PROD196,3,899,2697,Cancelled,Cash on Delivery
ORD12590,CUST3131,18-09-2023,Surat,PROD162,1,3299,3299,Shipped,Cash on Delivery
ORD12591,CUST1122,19-03-2023,Noida,PROD170,1,2499,2499,Shipped,PayPal
ORD12592,CUST2155,20-05-2025,Bhubaneswar,PROD171,1,6999,6999,Cancelled,PayPal
ORD12593,CUST3741,09-04-2023,Kolkata,PROD110,1,2999,2999,Pending,Cash on Delivery
ORD12594,CUST1711,19-02-2023,Delhi,PROD134,3,450,1350,Pending,Credit Card
ORD12595,CUST4671,31-07-2024,Mumbai,PROD211,2,1799,3598,Delivered,Credit Card
ORD12596,CUST3360,02-10-2023,Kochi,PROD139,2,499,998,Shipped,Cash on Delivery
ORD12597,CUST2578,28-07-2023,Mumbai,PROD173,2,1299,2598,Shipped,PayPal
ORD12598,CUST4994,29-02-2024,Bangalore,PROD165,2,1799,3598,Delivered,Credit Card
ORD12599,CUST2444,06-09-2023,Surat,PROD166,1,9499,9499,Pending,Cash on Delivery
ORD12600,CUST5082,23-05-2023,Chennai,PROD102,3,1799,5397,Shipped,Credit Card
ORD12601,CUST3453,07-04-2025,Lucknow,PROD215,3,1799,5397,Returned,PayPal
ORD12602,CUST1635,05-05-2025,Bhubaneswar,PROD215,3,1799,5397,Returned,Credit Card
ORD12603,CUST4857,29-06-2025,Pune,PROD210,1,2499,2499,Delivered,Cash on Delivery
ORD12604,CUST1028,07-09-2022,Kochi,PROD199,2,1299,2598,Delivered,Cash on Delivery
ORD12605,CUST4471,13-03-2024,Kochi,PROD204,1,2299,2299,Delivered,Credit Card
ORD12606,CUST2318,01-01-2024,Mumbai,PROD181,2,1299,2598,Pending,PayPal
ORD12607,CUST1377,25-10-2023,Chennai,PROD177,3,1599,4797,Shipped,PayPal
ORD12608,CUST2873,22-03-2023,Patna,PROD205,3,399,1197,Shipped,Cash on Delivery
ORD12609,CUST1849,06-02-2024,Ahmedabad,PROD204,1,2299,2299,Shipped,Cash on Delivery
ORD12610,CUST1019,11-09-2024,Hyderabad,PROD107,3,1299,3897,Cancelled,Cash on Delivery
ORD12611,CUST3678,18-12-2022,Nagpur,PROD153,1,62990,62990,Shipped,PayPal
ORD12612,CUST2817,25-08-2022,Mumbai,PROD179,3,1799,5397,Shipped,Credit Card
ORD12613,CUST2224,26-09-2023,Hyderabad,PROD194,2,999,1998,Returned,PayPal
ORD12614,CUST2695,04-03-2023,Delhi,PROD192,1,4999,4999,Pending,Credit Card
ORD12615,CUST2969,01-11-2023,Bangalore,PROD171,1,6999,6999,Delivered,Cash on Delivery
ORD12616,CUST3491,14-10-2023,Kolkata,PROD119,3,1799,5397,Delivered,Cash on Delivery
ORD12617,CUST2442,09-01-2025,Visakhapatnam,PROD161,3,1499,4497,Delivered,PayPal
ORD12618,CUST4320,29-07-2023,Bangalore,PROD122,3,399,1197,Shipped,PayPal
ORD12619,CUST1559,21-10-2024,Lucknow,PROD142,1,59999,59999,Shipped,Credit Card
ORD12620,CUST2399,07-05-2023,Bangalore,PROD195,1,4499,4499,Shipped,Cash on Delivery
ORD12621,CUST2522,16-01-2025,Nagpur,PROD177,2,1599,3198,Cancelled,Credit Card
ORD12622,CUST4831,10-01-2024,Delhi,PROD122,3,399,1197,Returned,Cash on Delivery
ORD12623,CUST3220,19-07-2025,Delhi,PROD162,1,3299,3299,Cancelled,PayPal
ORD12624,CUST3032,16-07-2025,Mumbai,PROD157,1,14999,14999,Cancelled,Cash on Delivery
ORD12625,CUST1417,16-05-2023,Bangalore,PROD137,2,599,1198,Returned,Credit Card
ORD12626,CUST2733,17-10-2023,Kochi,PROD200,1,2499,2499,Shipped,Cash on Delivery
ORD12627,CUST3058,25-08-2024,Kolkata,PROD216,1,2299,2299,Shipped,Cash on Delivery
ORD12628,CUST4717,12-08-2025,Ahmedabad,PROD123,2,449,898,Delivered,Cash on Delivery
ORD12629,CUST2692,24-02-2024,Mumbai,PROD193,3,1499,4497,Returned,Cash on Delivery
ORD12630,CUST5225,08-08-2025,Chennai,PROD140,1,69999,69999,Returned,Cash on Delivery
ORD12631,CUST1668,16-07-2023,Delhi,PROD179,3,1799,5397,Delivered,Cash on Delivery
ORD12632,CUST2755,12-07-2024,Kolkata,PROD107,2,1299,2598,Pending,PayPal
ORD12633,CUST2812,23-03-2024,Pune,PROD179,2,1799,3598,Shipped,PayPal
ORD12634,CUST3213,01-05-2024,Chennai,PROD170,1,2499,2499,Pending,PayPal
ORD12635,CUST2031,29-03-2024,Bangalore,PROD187,1,4999,4999,Cancelled,PayPal
ORD12636,CUST2693,26-04-2024,Noida,PROD104,1,4499,4499,Cancelled,PayPal
ORD12637,CUST1690,30-12-2024,Delhi,PROD132,3,399,1197,Cancelled,PayPal
ORD12638,CUST4056,18-07-2023,Surat,PROD109,1,2399,2399,Shipped,Credit Card
ORD12639,CUST4798,26-12-2024,Lucknow,PROD157,1,14999,14999,Delivered,PayPal
ORD12640,CUST5127,07-10-2022,Visakhapatnam,PROD141,1,64999,64999,Delivered,PayPal
ORD12641,CUST3935,26-04-2023,Delhi,PROD159,1,4499,4499,Pending,PayPal
ORD12642,CUST5314,13-02-2025,Bangalore,PROD109,1,2399,2399,Cancelled,Credit Card
ORD12643,CUST4064,23-09-2023,Kolkata,PROD209,2,1799,3598,Delivered,PayPal
ORD12644,CUST1331,25-04-2025,Mumbai,PROD133,3,299,897,Delivered,Cash on Delivery
ORD12645,CUST4352,30-04-2025,Chennai,PROD111,2,1899,3798,Pending,Credit Card
ORD12646,CUST2162,09-05-2023,Chennai,PROD175,2,1499,2998,Delivered,Cash on Delivery
ORD12647,CUST3478,14-07-2025,Kolkata,PROD164,3,1199,3597,Returned,Credit Card
ORD12648,CUST4582,08-10-2022,Kolkata,PROD168,3,1299,3897,Pending,Credit Card
ORD12649,CUST1264,31-05-2023,Hyderabad,PROD178,3,1299,3897,Delivered,Cash on Delivery
ORD12650,CUST1585,26-08-2022,Kolkata,PROD100,1,2799,2799,Shipped,PayPal
ORD12651,CUST5165,12-07-2024,Kolkata,PROD211,2,1799,3598,Returned,Credit Card
ORD12652,CUST3689,07-03-2025,Kochi,PROD188,2,499,998,Returned,Cash on Delivery
ORD12653,CUST2023,21-06-2025,Delhi,PROD141,1,64999,64999,Returned,PayPal
ORD12654,CUST4539,09-02-2025,Nagpur,PROD184,1,2999,2999,Returned,Credit Card
ORD12655,CUST4381,20-02-2023,Kolkata,PROD200,1,2499,2499,Pending,PayPal
ORD12656,CUST2112,26-12-2022,Delhi,PROD111,2,1899,3798,Cancelled,Cash on Delivery
ORD12657,CUST2311,04-11-2022,Lucknow,PROD143,1,89999,89999,Shipped,Cash on Delivery
ORD12658,CUST3715,12-10-2022,Delhi,PROD166,1,9499,9499,Shipped,Credit Card
ORD12659,CUST3228,13-03-2025,Mumbai,PROD168,2,1299,2598,Shipped,PayPal
ORD12660,CUST4023,10-03-2024,Bangalore,PROD154,1,71990,71990,Pending,Cash on Delivery
ORD12661,CUST3471,06-07-2023,Bhubaneswar,PROD168,3,1299,3897,Shipped,Cash on Delivery
ORD12662,CUST2606,20-02-2025,Chennai,PROD140,1,69999,69999,Delivered,Credit Card
ORD12663,CUST3280,02-02-2025,Kochi,PROD130,3,599,1797,Delivered,Credit Card
ORD12664,CUST1975,12-03-2024,Nagpur,PROD191,3,1999,5997,Returned,Cash on Delivery
ORD12665,CUST5310,10-01-2024,Mumbai,PROD120,3,599,1797,Returned,PayPal
ORD12666,CUST3883,13-12-2022,Jaipur,PROD205,3,399,1197,Pending,PayPal
ORD12667,CUST4934,15-07-2025,Mumbai,PROD146,1,34999,34999,Returned,PayPal
ORD12668,CUST1093,16-03-2025,Chennai,PROD146,1,34999,34999,Returned,Cash on Delivery
ORD12669,CUST1054,14-09-2024,Kolkata,PROD205,3,399,1197,Returned,PayPal
ORD12670,CUST4592,16-05-2023,Chandigarh,PROD111,2,1899,3798,Delivered,Cash on Delivery
ORD12671,CUST3675,31-12-2023,Noida,PROD120,3,599,1797,Delivered,PayPal
ORD12672,CUST1709,04-11-2022,Ahmedabad,PROD190,1,2499,2499,Delivered,Credit Card
ORD12673,CUST2920,18-12-2022,Bhubaneswar,PROD191,3,1999,5997,Shipped,PayPal
ORD12674,CUST1707,02-07-2024,Mumbai,PROD172,1,3999,3999,Delivered,PayPal
ORD12675,CUST3582,01-06-2024,Bangalore,PROD145,1,62990,62990,Shipped,PayPal
ORD12676,CUST1068,17-08-2024,Ahmedabad,PROD182,2,1899,3798,Delivered,PayPal
ORD12677,CUST2981,09-12-2023,Kolkata,PROD212,1,5499,5499,Cancelled,PayPal
ORD12678,CUST3461,08-12-2023,Delhi,PROD114,2,1999,3998,Cancelled,Cash on Delivery
ORD12679,CUST3684,24-07-2025,Hyderabad,PROD174,2,899,1798,Delivered,Credit Card
ORD12680,CUST2874,16-04-2025,Noida,PROD148,1,6499,6499,Returned,PayPal
ORD12681,CUST4482,27-10-2023,Kochi,PROD183,3,999,2997,Returned,Cash on Delivery
ORD12682,CUST1827,20-10-2023,Hyderabad,PROD152,1,39999,39999,Returned,PayPal
ORD12683,CUST4575,12-01-2024,Chennai,PROD114,2,1999,3998,Delivered,Credit Card
ORD12684,CUST2114,04-12-2024,Pune,PROD210,1,2499,2499,Cancelled,PayPal
ORD12685,CUST3999,01-10-2023,Chennai,PROD152,1,39999,39999,Shipped,PayPal
ORD12686,CUST3697,09-07-2023,Bangalore,PROD216,1,2299,2299,Delivered,PayPal
ORD12687,CUST2422,12-07-2025,Jaipur,PROD172,1,3999,3999,Delivered,Cash on Delivery
ORD12688,CUST3817,16-11-2024,Mumbai,PROD101,1,6499,6499,Returned,Credit Card
ORD12689,CUST4971,09-04-2023,Lucknow,PROD109,1,2399,2399,Shipped,Credit Card
ORD12690,CUST2490,02-04-2025,Ahmedabad,PROD145,1,62990,62990,Pending,Cash on Delivery
ORD12691,CUST3542,29-11-2024,Patna,PROD159,1,4499,4499,Returned,Credit Card
ORD12692,CUST4977,07-03-2024,Hyderabad,PROD119,3,1799,5397,Shipped,Cash on Delivery
ORD12693,CUST3586,06-07-2023,Bangalore,PROD194,3,999,2997,Cancelled,Cash on Delivery
ORD12694,CUST1764,08-09-2024,Jaipur,PROD134,3,450,1350,Shipped,PayPal
ORD12695,CUST2094,20-08-2023,Chennai,PROD204,1,2299,2299,Returned,Cash on Delivery
ORD12696,CUST4041,01-08-2024,Chandigarh,PROD121,3,499,1497,Delivered,Cash on Delivery
ORD12697,CUST1849,01-03-2023,Lucknow,PROD188,3,499,1497,Shipped,Cash on Delivery
ORD12698,CUST2561,12-10-2024,Mumbai,PROD217,2,999,1998,Delivered,Cash on Delivery
ORD12699,CUST4459,25-11-2024,Hyderabad,PROD170,1,2499,2499,Delivered,PayPal
ORD12700,CUST4746,28-09-2023,Chandigarh,PROD162,1,3299,3299,Pending,Credit Card
ORD12701,CUST1079,23-12-2023,Jaipur,PROD210,1,2499,2499,Shipped,Cash on Delivery
ORD12702,CUST5182,13-11-2024,Delhi,PROD126,3,299,897,Returned,Credit Card
ORD12703,CUST4414,12-05-2024,Chennai,PROD135,3,350,1050,Returned,Cash on Delivery
ORD12704,CUST3309,26-03-2025,Delhi,PROD102,3,1799,5397,Pending,Cash on Delivery
ORD12705,CUST4874,23-11-2024,Patna,PROD121,3,499,1497,Cancelled,Credit Card
ORD12706,CUST2597,10-02-2024,Visakhapatnam,PROD210,1,2499,2499,Shipped,PayPal
ORD12707,CUST2716,03-12-2024,Kolkata,PROD184,1,2999,2999,Returned,PayPal
ORD12708,CUST4298,23-07-2024,Ahmedabad,PROD126,2,299,598,Shipped,Credit Card
ORD12709,CUST1804,13-10-2022,Patna,PROD146,1,34999,34999,Shipped,Cash on Delivery
ORD12710,CUST5095,19-03-2025,Bangalore,PROD159,1,4499,4499,Pending,Credit Card
ORD12711,CUST4584,10-04-2023,Visakhapatnam,PROD114,3,1999,5997,Delivered,PayPal
ORD12712,CUST4668,31-05-2025,Noida,PROD182,3,1899,5697,Cancelled,Credit Card
ORD12713,CUST5288,02-08-2024,Delhi,PROD144,1,58499,58499,Cancelled,Credit Card
ORD12714,CUST4713,28-02-2025,Nagpur,PROD139,2,499,998,Cancelled,Cash on Delivery
ORD12715,CUST1933,01-02-2024,Mumbai,PROD153,1,62990,62990,Returned,Credit Card
ORD12716,CUST4391,09-10-2024,Ahmedabad,PROD201,3,799,2397,Delivered,Cash on Delivery
ORD12717,CUST1903,22-10-2024,Mumbai,PROD110,1,2999,2999,Cancelled,Cash on Delivery
ORD12718,CUST1414,16-01-2024,Bhubaneswar,PROD121,2,499,998,Returned,Credit Card
ORD12719,CUST3977,08-09-2024,Hyderabad,PROD112,2,1699,3398,Shipped,Cash on Delivery
ORD12720,CUST3726,01-07-2025,Mumbai,PROD188,2,499,998,Returned,Cash on Delivery
ORD12721,CUST2527,04-06-2024,Chennai,PROD203,3,1999,5997,Shipped,Credit Card
ORD12722,CUST2501,05-10-2023,Bhubaneswar,PROD201,2,799,1598,Pending,Cash on Delivery
ORD12723,CUST4169,07-01-2023,Hyderabad,PROD100,1,2799,2799,Cancelled,PayPal
ORD12724,CUST3784,22-07-2024,Hyderabad,PROD206,2,699,1398,Cancelled,Cash on Delivery
ORD12725,CUST3345,02-10-2022,Delhi,PROD113,3,1499,4497,Shipped,PayPal
ORD12726,CUST1488,20-05-2025,Mumbai,PROD108,2,1499,2998,Cancelled,Cash on Delivery
ORD12727,CUST4570,26-07-2023,Chennai,PROD152,1,39999,39999,Cancelled,Cash on Delivery
ORD12728,CUST1954,09-03-2023,Delhi,PROD196,3,899,2697,Pending,Credit Card
ORD12729,CUST1140,22-06-2023,Kolkata,PROD115,1,2499,2499,Delivered,Credit Card
ORD12730,CUST2230,06-12-2023,Pune,PROD161,3,1499,4497,Delivered,Cash on Delivery
ORD12731,CUST3173,15-12-2024,Visakhapatnam,PROD188,3,499,1497,Delivered,PayPal
ORD12732,CUST4078,20-11-2023,Bhubaneswar,PROD126,2,299,598,Returned,Credit Card
ORD12733,CUST2445,27-02-2024,Chennai,PROD155,1,34999,34999,Delivered,PayPal
ORD12734,CUST2038,23-10-2022,Chennai,PROD183,2,999,1998,Pending,Cash on Delivery
ORD12735,CUST4525,30-08-2022,Bangalore,PROD130,2,599,1198,Shipped,Cash on Delivery
ORD12736,CUST2551,24-04-2023,Kolkata,PROD188,3,499,1497,Pending,Credit Card
ORD12737,CUST2969,12-03-2025,Bangalore,PROD172,1,3999,3999,Pending,PayPal
ORD12738,CUST2248,05-03-2024,Indore,PROD136,2,499,998,Cancelled,PayPal
ORD12739,CUST2771,28-08-2023,Delhi,PROD203,2,1999,3998,Cancelled,PayPal
ORD12740,CUST3455,20-10-2024,Hyderabad,PROD190,1,2499,2499,Delivered,Cash on Delivery
ORD12741,CUST3695,09-07-2024,Bangalore,PROD202,2,1499,2998,Cancelled,Cash on Delivery
ORD12742,CUST4381,09-04-2023,Mumbai,PROD150,1,42999,42999,Returned,PayPal
ORD12743,CUST4686,23-01-2024,Ahmedabad,PROD179,2,1799,3598,Cancelled,PayPal
ORD12744,CUST5222,03-06-2025,Delhi,PROD168,2,1299,2598,Shipped,Cash on Delivery
ORD12745,CUST3035,15-11-2024,Mumbai,PROD130,3,599,1797,Delivered,Cash on Delivery
ORD12746,CUST3251,04-07-2024,Hyderabad,PROD131,2,499,998,Delivered,Credit Card
ORD12747,CUST1035,25-12-2022,Chandigarh,PROD144,1,58499,58499,Pending,PayPal
ORD12748,CUST1524,08-02-2025,Hyderabad,PROD113,3,1499,4497,Returned,PayPal
ORD12749,CUST1568,07-08-2025,Mumbai,PROD147,1,29990,29990,Delivered,PayPal
ORD12750,CUST5203,10-11-2023,Bhubaneswar,PROD118,1,2999,2999,Delivered,Cash on Delivery
ORD12751,CUST2871,09-08-2023,Bangalore,PROD204,1,2299,2299,Pending,Cash on Delivery
ORD12752,CUST4997,15-07-2023,Bangalore,PROD202,3,1499,4497,Returned,Cash on Delivery
ORD12753,CUST2622,01-08-2023,Indore,PROD145,1,62990,62990,Delivered,Cash on Delivery
ORD12754,CUST4149,03-07-2023,Bangalore,PROD144,1,58499,58499,Returned,Cash on Delivery
ORD12755,CUST3603,04-02-2024,Mumbai,PROD214,2,499,998,Delivered,Credit Card
ORD12756,CUST3754,18-04-2023,Mumbai,PROD212,1,5499,5499,Pending,PayPal
ORD12757,CUST2408,12-06-2024,Chandigarh,PROD118,1,2999,2999,Pending,Credit Card
ORD12758,CUST1300,20-08-2024,Jaipur,PROD123,3,449,1347,Cancelled,Credit Card
ORD12759,CUST2908,25-04-2023,Kolkata,PROD186,1,3499,3499,Delivered,PayPal
ORD12760,CUST1622,05-07-2023,Chennai,PROD187,1,4999,4999,Cancelled,Credit Card
ORD12761,CUST5102,24-12-2022,Chandigarh,PROD158,1,8995,8995,Pending,PayPal
ORD12762,CUST2395,01-11-2022,Jaipur,PROD123,3,449,1347,Cancelled,Credit Card
ORD12763,CUST2189,08-03-2025,Chennai,PROD134,3,450,1350,Returned,PayPal
ORD12764,CUST1223,15-05-2023,Gurgaon,PROD107,2,1299,2598,Delivered,Credit Card
ORD12765,CUST2342,06-04-2025,Chennai,PROD184,1,2999,2999,Returned,Cash on Delivery
ORD12766,CUST2877,30-06-2025,Kolkata,PROD100,1,2799,2799,Pending,Cash on Delivery
ORD12767,CUST1533,05-05-2023,Indore,PROD216,1,2299,2299,Shipped,Cash on Delivery
ORD12768,CUST3097,20-12-2022,Delhi,PROD202,3,1499,4497,Returned,Cash on Delivery
ORD12769,CUST3432,16-01-2024,Hyderabad,PROD198,1,6999,6999,Shipped,PayPal
ORD12770,CUST2291,12-11-2024,Gurgaon,PROD159,1,4499,4499,Returned,Credit Card
ORD12771,CUST2446,15-09-2022,Pune,PROD168,3,1299,3897,Cancelled,Credit Card
ORD12772,CUST3614,13-01-2025,Bangalore,PROD190,1,2499,2499,Returned,Credit Card
ORD12773,CUST2797,02-08-2025,Bhubaneswar,PROD199,3,1299,3897,Pending,PayPal
ORD12774,CUST2673,07-11-2024,Pune,PROD187,1,4999,4999,Shipped,Cash on Delivery
ORD12775,CUST4304,23-12-2022,Surat,PROD151,1,49999,49999,Pending,Cash on Delivery
ORD12776,CUST2543,21-02-2024,Gurgaon,PROD149,2,1499,2998,Pending,PayPal
ORD12777,CUST3499,24-12-2022,Ahmedabad,PROD201,3,799,2397,Delivered,Cash on Delivery
ORD12778,CUST2741,05-02-2023,Chandigarh,PROD166,1,9499,9499,Shipped,Credit Card
ORD12779,CUST4826,26-11-2024,Kolkata,PROD106,1,5999,5999,Cancelled,Credit Card
ORD12780,CUST2098,16-05-2024,Jaipur,PROD165,3,1799,5397,Cancelled,Credit Card
ORD12781,CUST4108,31-01-2023,Delhi,PROD151,1,49999,49999,Shipped,PayPal
ORD12782,CUST5201,24-04-2024,Chennai,PROD142,1,59999,59999,Delivered,PayPal
ORD12783,CUST3724,23-02-2024,Surat,PROD210,1,2499,2499,Returned,Credit Card
ORD12784,CUST3404,09-01-2024,Visakhapatnam,PROD121,2,499,998,Cancelled,Cash on Delivery
ORD12785,CUST2030,21-01-2025,Gurgaon,PROD141,1,64999,64999,Shipped,Credit Card
ORD12786,CUST4579,17-12-2024,Gurgaon,PROD178,2,1299,2598,Returned,Cash on Delivery
ORD12787,CUST4161,25-10-2022,Mumbai,PROD115,1,2499,2499,Shipped,PayPal
ORD12788,CUST1220,19-09-2023,Chennai,PROD190,1,2499,2499,Pending,Cash on Delivery
ORD12789,CUST4643,14-11-2023,Delhi,PROD219,2,799,1598,Returned,Credit Card
ORD12790,CUST1342,17-04-2024,Mumbai,PROD218,3,299,897,Delivered,Credit Card
ORD12791,CUST3932,29-08-2024,Indore,PROD113,3,1499,4497,Pending,PayPal
ORD12792,CUST3564,12-07-2025,Kolkata,PROD140,1,69999,69999,Shipped,Cash on Delivery
ORD12793,CUST1935,17-08-2024,Bangalore,PROD122,2,399,798,Pending,PayPal
ORD12794,CUST1953,03-05-2023,Gurgaon,PROD215,3,1799,5397,Pending,PayPal
ORD12795,CUST2111,27-06-2025,Pune,PROD108,2,1499,2998,Delivered,Cash on Delivery
ORD12796,CUST2833,10-12-2022,Kochi,PROD201,3,799,2397,Pending,PayPal
ORD12797,CUST1983,05-03-2023,Hyderabad,PROD184,1,2999,2999,Shipped,Credit Card
ORD12798,CUST1451,25-09-2023,Chennai,PROD207,2,1299,2598,Shipped,Cash on Delivery
ORD12799,CUST4299,19-01-2024,Bangalore,PROD166,1,9499,9499,Pending,PayPal
ORD12800,CUST3284,23-01-2024,Kolkata,PROD134,2,450,900,Delivered,PayPal
ORD12801,CUST2894,20-10-2024,Lucknow,PROD212,1,5499,5499,Cancelled,Credit Card
ORD12802,CUST2408,23-08-2023,Pune,PROD123,2,449,898,Shipped,Cash on Delivery
ORD12803,CUST5103,30-07-2025,Chennai,PROD122,3,399,1197,Delivered,Cash on Delivery
ORD12804,CUST2511,05-02-2023,Kochi,PROD127,2,899,1798,Shipped,PayPal
ORD12805,CUST3183,24-12-2022,Delhi,PROD129,2,349,698,Delivered,PayPal
ORD12806,CUST1063,11-03-2023,Bangalore,PROD154,1,71990,71990,Pending,PayPal
ORD12807,CUST5310,14-03-2025,Mumbai,PROD188,3,499,1497,Delivered,PayPal
ORD12808,CUST4075,22-10-2024,Kochi,PROD218,2,299,598,Delivered,Cash on Delivery
ORD12809,CUST5007,03-02-2025,Patna,PROD118,1,2999,2999,Shipped,Cash on Delivery
ORD12810,CUST4367,04-09-2023,Hyderabad,PROD157,1,14999,14999,Delivered,Credit Card
ORD12811,CUST3864,05-04-2025,Chennai,PROD219,3,799,2397,Returned,Credit Card
ORD12812,CUST3960,24-07-2023,Delhi,PROD107,2,1299,2598,Cancelled,Credit Card
ORD12813,CUST5130,10-12-2022,Visakhapatnam,PROD118,1,2999,2999,Delivered,PayPal
ORD12814,CUST1439,24-08-2024,Mumbai,PROD194,2,999,1998,Cancelled,PayPal
ORD12815,CUST1874,19-09-2022,Chennai,PROD114,3,1999,5997,Pending,Credit Card
ORD12816,CUST1253,13-07-2025,Chennai,PROD196,3,899,2697,Pending,Credit Card
ORD12817,CUST1296,24-12-2023,Mumbai,PROD179,2,1799,3598,Delivered,PayPal
ORD12818,CUST4901,21-08-2025,Bangalore,PROD105,1,2499,2499,Delivered,Credit Card
ORD12819,CUST4415,16-10-2024,Delhi,PROD199,3,1299,3897,Shipped,Credit Card
ORD12820,CUST2039,29-04-2025,Bhubaneswar,PROD127,3,899,2697,Pending,PayPal
ORD12821,CUST3830,30-12-2022,Mumbai,PROD151,1,49999,49999,Cancelled,PayPal
ORD12822,CUST3406,25-05-2023,Surat,PROD127,3,899,2697,Delivered,PayPal
ORD12823,CUST4383,02-05-2023,Gurgaon,PROD121,2,499,998,Pending,Credit Card
ORD12824,CUST1356,06-05-2024,Bangalore,PROD177,3,1599,4797,Returned,Credit Card
ORD12825,CUST1222,19-10-2024,Pune,PROD113,3,1499,4497,Delivered,Cash on Delivery
ORD12826,CUST4758,07-12-2022,Gurgaon,PROD117,1,2299,2299,Cancelled,Credit Card
ORD12827,CUST3122,06-03-2025,Bangalore,PROD204,1,2299,2299,Delivered,Cash on Delivery
ORD12828,CUST4906,24-03-2023,Kochi,PROD160,1,5999,5999,Cancelled,Credit Card
ORD12829,CUST4381,25-07-2024,Nagpur,PROD164,3,1199,3597,Pending,PayPal
ORD12830,CUST4584,07-11-2023,Bangalore,PROD219,2,799,1598,Cancelled,PayPal
ORD12831,CUST1627,05-11-2022,Chandigarh,PROD109,1,2399,2399,Pending,Credit Card
ORD12832,CUST4403,02-10-2023,Mumbai,PROD211,2,1799,3598,Cancelled,PayPal
ORD12833,CUST3911,13-04-2025,Pune,PROD133,3,299,897,Shipped,PayPal
ORD12834,CUST3752,09-04-2024,Kolkata,PROD135,3,350,1050,Returned,Cash on Delivery
ORD12835,CUST4259,30-11-2023,Surat,PROD156,1,29990,29990,Pending,Credit Card
ORD12836,CUST4232,14-11-2022,Hyderabad,PROD126,3,299,897,Returned,Credit Card
ORD12837,CUST1308,11-03-2023,Bangalore,PROD133,2,299,598,Pending,PayPal
ORD12838,CUST4743,14-10-2024,Kolkata,PROD110,1,2999,2999,Delivered,Cash on Delivery
ORD12839,CUST2690,06-06-2025,Delhi,PROD170,1,2499,2499,Shipped,PayPal
ORD12840,CUST5243,17-11-2024,Chennai,PROD186,1,3499,3499,Returned,PayPal
ORD12841,CUST1306,28-05-2025,Kolkata,PROD132,3,399,1197,Delivered,PayPal
ORD12842,CUST4918,11-02-2024,Pune,PROD182,2,1899,3798,Returned,Cash on Delivery
ORD12843,CUST2841,11-09-2024,Pune,PROD179,2,1799,3598,Pending,Cash on Delivery
ORD12844,CUST1140,13-10-2022,Kolkata,PROD147,1,29990,29990,Delivered,Credit Card
ORD12845,CUST4786,16-03-2023,Kolkata,PROD104,1,4499,4499,Pending,Credit Card
ORD12846,CUST4106,08-07-2025,Delhi,PROD147,1,29990,29990,Delivered,Credit Card
ORD12847,CUST5084,13-04-2024,Kolkata,PROD151,1,49999,49999,Pending,Credit Card
ORD12848,CUST1132,26-06-2025,Mumbai,PROD202,2,1499,2998,Delivered,Cash on Delivery
ORD12849,CUST1812,05-08-2025,Chennai,PROD120,2,599,1198,Returned,Cash on Delivery
ORD12850,CUST1063,05-12-2023,Nagpur,PROD209,3,1799,5397,Shipped,Cash on Delivery
ORD12851,CUST1285,03-07-2024,Mumbai,PROD201,3,799,2397,Shipped,Cash on Delivery
ORD12852,CUST1466,16-09-2022,Chennai,PROD141,1,64999,64999,Delivered,Cash on Delivery
ORD12853,CUST3136,08-12-2024,Pune,PROD195,1,4499,4499,Shipped,Cash on Delivery
ORD12854,CUST1224,31-08-2023,Bhubaneswar,PROD203,2,1999,3998,Delivered,Cash on Delivery
ORD12855,CUST4250,09-01-2023,Delhi,PROD172,1,3999,3999,Delivered,PayPal
ORD12856,CUST3035,14-12-2023,Delhi,PROD121,3,499,1497,Shipped,PayPal
ORD12857,CUST1273,02-01-2023,Hyderabad,PROD209,3,1799,5397,Delivered,PayPal
ORD12858,CUST2938,15-09-2022,Delhi,PROD133,2,299,598,Pending,Credit Card
ORD12859,CUST2820,29-06-2023,Chennai,PROD160,1,5999,5999,Shipped,PayPal
ORD12860,CUST4484,16-05-2023,Chandigarh,PROD106,1,5999,5999,Pending,Cash on Delivery
ORD12861,CUST2755,17-07-2025,Visakhapatnam,PROD148,1,6499,6499,Pending,PayPal
ORD12862,CUST4421,10-08-2025,Delhi,PROD164,3,1199,3597,Pending,PayPal
ORD12863,CUST5290,26-03-2023,Pune,PROD217,2,999,1998,Delivered,PayPal
ORD12864,CUST3585,17-04-2024,Mumbai,PROD107,2,1299,2598,Delivered,Credit Card
ORD12865,CUST4395,19-01-2023,Bhubaneswar,PROD139,3,499,1497,Returned,Cash on Delivery
ORD12866,CUST4960,12-08-2025,Jaipur,PROD145,1,62990,62990,Shipped,Cash on Delivery
ORD12867,CUST1956,06-05-2023,Chennai,PROD132,2,399,798,Cancelled,Credit Card
ORD12868,CUST2898,16-09-2024,Mumbai,PROD148,1,6499,6499,Cancelled,Cash on Delivery
ORD12869,CUST1414,23-01-2025,Noida,PROD141,1,64999,64999,Returned,Cash on Delivery
ORD12870,CUST2807,15-01-2024,Chennai,PROD140,1,69999,69999,Shipped,PayPal
ORD12871,CUST4411,23-01-2025,Delhi,PROD128,3,799,2397,Returned,PayPal
ORD12872,CUST1906,10-06-2023,Delhi,PROD181,3,1299,3897,Shipped,Credit Card
ORD12873,CUST3740,27-08-2024,Gurgaon,PROD109,1,2399,2399,Shipped,PayPal
ORD12874,CUST3244,29-06-2025,Chennai,PROD197,1,5999,5999,Shipped,Cash on Delivery
ORD12875,CUST5284,05-11-2023,Bhubaneswar,PROD123,3,449,1347,Returned,PayPal
ORD12876,CUST1444,17-08-2024,Chennai,PROD217,3,999,2997,Delivered,Credit Card
ORD12877,CUST3988,03-12-2022,Pune,PROD218,2,299,598,Shipped,Credit Card
ORD12878,CUST4708,23-09-2024,Ahmedabad,PROD181,2,1299,2598,Cancelled,PayPal
ORD12879,CUST2199,20-07-2023,Jaipur,PROD167,1,3499,3499,Shipped,Cash on Delivery
ORD12880,CUST2737,14-04-2023,Hyderabad,PROD218,3,299,897,Returned,Cash on Delivery
ORD12881,CUST1240,08-11-2024,Noida,PROD184,1,2999,2999,Pending,Cash on Delivery
ORD12882,CUST4622,03-04-2023,Kolkata,PROD112,3,1699,5097,Cancelled,Credit Card
ORD12883,CUST1929,28-03-2023,Chandigarh,PROD133,2,299,598,Shipped,Cash on Delivery
ORD12884,CUST5028,09-04-2023,Hyderabad,PROD183,3,999,2997,Cancelled,Cash on Delivery
ORD12885,CUST2042,04-01-2025,Kochi,PROD168,2,1299,2598,Pending,Cash on Delivery
ORD12886,CUST4381,18-11-2024,Jaipur,PROD189,3,899,2697,Cancelled,Cash on Delivery
ORD12887,CUST1946,30-09-2024,Kolkata,PROD214,3,499,1497,Cancelled,PayPal
ORD12888,CUST4282,15-07-2025,Jaipur,PROD130,2,599,1198,Cancelled,PayPal
ORD12889,CUST3960,31-03-2023,Delhi,PROD167,1,3499,3499,Returned,Cash on Delivery
ORD12890,CUST4293,13-04-2023,Mumbai,PROD118,1,2999,2999,Returned,Credit Card
ORD12891,CUST3977,12-12-2023,Gurgaon,PROD153,1,62990,62990,Cancelled,Cash on Delivery
ORD12892,CUST5206,12-11-2024,Hyderabad,PROD133,3,299,897,Shipped,PayPal
ORD12893,CUST2413,02-06-2023,Chennai,PROD116,1,3499,3499,Pending,Cash on Delivery
ORD12894,CUST3647,25-09-2024,Mumbai,PROD152,1,39999,39999,Pending,PayPal
ORD12895,CUST3544,19-12-2024,Pune,PROD117,1,2299,2299,Returned,Cash on Delivery
ORD12896,CUST2028,23-09-2024,Kolkata,PROD102,3,1799,5397,Pending,Credit Card
ORD12897,CUST1820,28-11-2023,Chennai,PROD124,3,699,2097,Cancelled,PayPal
ORD12898,CUST2434,05-09-2024,Bangalore,PROD165,2,1799,3598,Delivered,Cash on Delivery
ORD12899,CUST2116,03-06-2023,Ahmedabad,PROD136,3,499,1497,Returned,Cash on Delivery
ORD12900,CUST3963,22-08-2023,Delhi,PROD105,1,2499,2499,Pending,Credit Card
ORD12901,CUST4301,21-11-2024,Bhubaneswar,PROD210,1,2499,2499,Returned,Credit Card
ORD12902,CUST3090,24-12-2024,Kolkata,PROD175,2,1499,2998,Shipped,Cash on Delivery
ORD12903,CUST1674,23-08-2023,Ahmedabad,PROD121,2,499,998,Returned,Credit Card
ORD12904,CUST5019,02-05-2023,Gurgaon,PROD203,3,1999,5997,Cancelled,PayPal
ORD12905,CUST2000,18-12-2024,Mumbai,PROD215,2,1799,3598,Pending,Cash on Delivery
ORD12906,CUST4769,07-05-2023,Hyderabad,PROD185,3,1499,4497,Shipped,Cash on Delivery
ORD12907,CUST3540,02-05-2023,Gurgaon,PROD202,3,1499,4497,Shipped,Credit Card
ORD12908,CUST1358,27-07-2024,Kochi,PROD136,3,499,1497,Cancelled,PayPal
ORD12909,CUST3559,28-11-2022,Pune,PROD187,1,4999,4999,Pending,PayPal
ORD12910,CUST1676,18-10-2022,Chandigarh,PROD130,2,599,1198,Cancelled,PayPal
ORD12911,CUST3483,12-04-2023,Indore,PROD115,1,2499,2499,Cancelled,Cash on Delivery
ORD12912,CUST4819,01-08-2023,Pune,PROD107,2,1299,2598,Cancelled,Credit Card
ORD12913,CUST4871,19-12-2022,Pune,PROD210,1,2499,2499,Cancelled,Cash on Delivery
ORD12914,CUST3246,20-09-2024,Chennai,PROD164,2,1199,2398,Returned,PayPal
ORD12915,CUST3173,07-06-2025,Delhi,PROD129,3,349,1047,Shipped,PayPal
ORD12916,CUST3810,04-12-2022,Chennai,PROD189,3,899,2697,Delivered,Credit Card
ORD12917,CUST2922,26-03-2023,Indore,PROD140,1,69999,69999,Pending,PayPal
ORD12918,CUST1888,24-10-2022,Surat,PROD143,1,89999,89999,Shipped,Cash on Delivery
ORD12919,CUST2353,31-05-2023,Delhi,PROD159,1,4499,4499,Pending,PayPal
ORD12920,CUST2894,15-05-2024,Nagpur,PROD218,3,299,897,Delivered,Cash on Delivery
ORD12921,CUST1570,21-03-2023,Chennai,PROD217,3,999,2997,Cancelled,Cash on Delivery
ORD12922,CUST2749,05-09-2022,Pune,PROD182,2,1899,3798,Shipped,Credit Card
ORD12923,CUST3698,19-10-2022,Delhi,PROD157,1,14999,14999,Shipped,PayPal
ORD12924,CUST1058,21-10-2022,Hyderabad,PROD124,2,699,1398,Returned,Cash on Delivery
ORD12925,CUST2819,28-12-2023,Surat,PROD189,2,899,1798,Returned,Cash on Delivery
ORD12926,CUST2117,25-10-2024,Mumbai,PROD123,2,449,898,Delivered,Credit Card
ORD12927,CUST1471,03-02-2025,Surat,PROD117,1,2299,2299,Returned,Credit Card
ORD12928,CUST5162,28-01-2024,Mumbai,PROD201,2,799,1598,Shipped,Credit Card
ORD12929,CUST1801,31-08-2023,Surat,PROD190,1,2499,2499,Shipped,Cash on Delivery
ORD12930,CUST4538,26-07-2024,Indore,PROD150,1,42999,42999,Cancelled,Credit Card
ORD12931,CUST4481,30-01-2024,Bhubaneswar,PROD216,1,2299,2299,Returned,Cash on Delivery
ORD12932,CUST3714,04-03-2025,Chandigarh,PROD157,1,14999,14999,Shipped,Credit Card
ORD12933,CUST1829,02-02-2025,Hyderabad,PROD186,1,3499,3499,Shipped,PayPal
ORD12934,CUST4159,27-08-2022,Visakhapatnam,PROD103,1,2999,2999,Cancelled,PayPal
ORD12935,CUST3222,20-08-2024,Pune,PROD124,3,699,2097,Cancelled,Cash on Delivery
ORD12936,CUST3223,12-08-2025,Bhubaneswar,PROD102,2,1799,3598,Delivered,Credit Card
ORD12937,CUST1311,20-06-2023,Visakhapatnam,PROD118,1,2999,2999,Delivered,Credit Card
ORD12938,CUST5048,26-08-2022,Kolkata,PROD199,3,1299,3897,Delivered,Cash on Delivery
ORD12939,CUST2875,10-09-2022,Kochi,PROD210,1,2499,2499,Shipped,Cash on Delivery
ORD12940,CUST4764,27-11-2024,Mumbai,PROD155,1,34999,34999,Returned,PayPal
ORD12941,CUST4255,13-02-2025,Hyderabad,PROD133,3,299,897,Pending,Cash on Delivery
ORD12942,CUST4418,30-06-2023,Chennai,PROD183,3,999,2997,Cancelled,Credit Card
ORD12943,CUST1917,11-01-2024,Chennai,PROD129,3,349,1047,Delivered,Cash on Delivery
ORD12944,CUST3072,01-07-2025,Pune,PROD209,2,1799,3598,Returned,Credit Card
ORD12945,CUST5117,17-09-2023,Mumbai,PROD210,1,2499,2499,Shipped,PayPal
ORD12946,CUST3326,07-06-2023,Pune,PROD199,2,1299,2598,Delivered,Credit Card
ORD12947,CUST5151,10-04-2025,Nagpur,PROD212,1,5499,5499,Delivered,PayPal
ORD12948,CUST3770,17-12-2023,Hyderabad,PROD132,2,399,798,Shipped,Credit Card
ORD12949,CUST4493,17-10-2024,Delhi,PROD184,1,2999,2999,Cancelled,Cash on Delivery
ORD12950,CUST1016,14-08-2024,Indore,PROD111,3,1899,5697,Shipped,PayPal
ORD12951,CUST4406,24-04-2025,Kolkata,PROD143,1,89999,89999,Cancelled,Cash on Delivery
ORD12952,CUST2830,08-11-2024,Chennai,PROD123,3,449,1347,Shipped,Credit Card
ORD12953,CUST4381,14-04-2023,Chennai,PROD199,3,1299,3897,Pending,Cash on Delivery
ORD12954,CUST1980,15-09-2023,Mumbai,PROD139,3,499,1497,Returned,Cash on Delivery
ORD12955,CUST1130,11-12-2022,Bangalore,PROD183,2,999,1998,Pending,Credit Card
ORD12956,CUST1727,09-06-2023,Kochi,PROD197,1,5999,5999,Shipped,PayPal
ORD12957,CUST5117,21-03-2024,Mumbai,PROD129,3,349,1047,Shipped,Credit Card
ORD12958,CUST5199,22-04-2025,Nagpur,PROD102,3,1799,5397,Shipped,Cash on Delivery
ORD12959,CUST1785,15-11-2023,Kolkata,PROD100,1,2799,2799,Delivered,PayPal
ORD12960,CUST4635,19-06-2024,Kolkata,PROD105,1,2499,2499,Delivered,Cash on Delivery
ORD12961,CUST1222,04-10-2022,Hyderabad,PROD213,2,1999,3998,Shipped,PayPal
ORD12962,CUST2643,01-03-2023,Pune,PROD122,3,399,1197,Returned,Cash on Delivery
ORD12963,CUST3567,18-11-2023,Delhi,PROD166,1,9499,9499,Delivered,PayPal
ORD12964,CUST1782,25-06-2024,Kolkata,PROD152,1,39999,39999,Cancelled,Credit Card
ORD12965,CUST5067,08-11-2022,Chennai,PROD137,2,599,1198,Shipped,Cash on Delivery
ORD12966,CUST1165,22-08-2023,Jaipur,PROD113,3,1499,4497,Returned,Credit Card
ORD12967,CUST4322,12-09-2023,Bangalore,PROD118,1,2999,2999,Pending,Cash on Delivery
ORD12968,CUST5001,08-12-2022,Pune,PROD205,3,399,1197,Returned,Credit Card
ORD12969,CUST4564,20-12-2022,Hyderabad,PROD171,1,6999,6999,Delivered,PayPal
ORD12970,CUST3651,13-07-2023,Patna,PROD171,1,6999,6999,Pending,Credit Card
ORD12971,CUST3447,22-10-2022,Chandigarh,PROD171,1,6999,6999,Cancelled,Cash on Delivery
ORD12972,CUST2213,30-08-2023,Chandigarh,PROD106,1,5999,5999,Pending,Credit Card
ORD12973,CUST4398,18-05-2025,Jaipur,PROD151,1,49999,49999,Delivered,Cash on Delivery
ORD12974,CUST4268,22-11-2022,Chennai,PROD124,3,699,2097,Returned,Credit Card
ORD12975,CUST1876,18-01-2023,Kolkata,PROD100,1,2799,2799,Shipped,Credit Card
ORD12976,CUST4323,25-02-2025,Chennai,PROD180,1,2499,2499,Returned,Cash on Delivery
ORD12977,CUST3875,31-10-2022,Bangalore,PROD154,1,71990,71990,Shipped,Cash on Delivery
ORD12978,CUST1031,07-01-2023,Hyderabad,PROD145,1,62990,62990,Cancelled,PayPal
ORD12979,CUST1397,01-07-2023,Mumbai,PROD104,1,4499,4499,Returned,Credit Card
ORD12980,CUST3355,25-04-2023,Visakhapatnam,PROD208,2,899,1798,Cancelled,Credit Card
ORD12981,CUST1863,09-12-2022,Mumbai,PROD156,1,29990,29990,Delivered,PayPal
ORD12982,CUST5286,13-12-2022,Pune,PROD129,2,349,698,Pending,PayPal
ORD12983,CUST4543,17-06-2023,Chandigarh,PROD114,2,1999,3998,Cancelled,Credit Card
ORD12984,CUST2491,30-12-2022,Mumbai,PROD123,2,449,898,Delivered,PayPal
ORD12985,CUST1966,11-09-2023,Bangalore,PROD174,3,899,2697,Pending,Credit Card
ORD12986,CUST5080,13-01-2024,Visakhapatnam,PROD151,1,49999,49999,Shipped,Credit Card
ORD12987,CUST1994,14-06-2025,Chennai,PROD162,1,3299,3299,Returned,PayPal
ORD12988,CUST3672,15-10-2023,Mumbai,PROD208,2,899,1798,Pending,Cash on Delivery
ORD12989,CUST1915,25-06-2024,Hyderabad,PROD118,1,2999,2999,Delivered,Credit Card
ORD12990,CUST4506,20-08-2023,Bangalore,PROD168,3,1299,3897,Delivered,Cash on Delivery
ORD12991,CUST2438,27-05-2023,Visakhapatnam,PROD171,1,6999,6999,Shipped,Cash on Delivery
ORD12992,CUST2524,08-05-2025,Kolkata,PROD147,1,29990,29990,Pending,Cash on Delivery
ORD12993,CUST4834,12-06-2023,Mumbai,PROD112,2,1699,3398,Pending,Credit Card
ORD12994,CUST3999,13-03-2024,Noida,PROD195,1,4499,4499,Shipped,Credit Card
ORD12995,CUST1187,03-11-2024,Hyderabad,PROD110,1,2999,2999,Returned,Cash on Delivery
ORD12996,CUST4209,10-02-2025,Delhi,PROD158,1,8995,8995,Delivered,PayPal
ORD12997,CUST2055,30-04-2025,Delhi,PROD104,1,4499,4499,Returned,PayPal
ORD12998,CUST2207,27-03-2025,Chandigarh,PROD194,2,999,1998,Delivered,PayPal
ORD12999,CUST3359,25-05-2025,Bhubaneswar,PROD111,2,1899,3798,Delivered,Cash on Delivery
ORD13000,CUST2799,14-09-2022,Kochi,PROD105,1,2499,2499,Shipped,Credit Card
ORD13001,CUST2974,17-05-2024,Surat,PROD181,2,1299,2598,Cancelled,PayPal
ORD13002,CUST4333,31-01-2025,Chennai,PROD177,2,1599,3198,Delivered,Cash on Delivery
ORD13003,CUST2658,31-05-2025,Bangalore,PROD137,3,599,1797,Cancelled,PayPal
ORD13004,CUST4535,11-04-2024,Chennai,PROD185,2,1499,2998,Returned,Cash on Delivery
ORD13005,CUST2310,09-12-2023,Mumbai,PROD108,2,1499,2998,Shipped,Cash on Delivery
ORD13006,CUST3374,19-04-2023,Hyderabad,PROD140,1,69999,69999,Cancelled,Cash on Delivery
ORD13007,CUST3635,29-03-2024,Bangalore,PROD108,3,1499,4497,Cancelled,PayPal
ORD13008,CUST4873,21-08-2023,Pune,PROD138,3,799,2397,Cancelled,Cash on Delivery
ORD13009,CUST4301,25-03-2025,Ahmedabad,PROD151,1,49999,49999,Pending,Cash on Delivery
ORD13010,CUST4935,10-08-2024,Kolkata,PROD216,1,2299,2299,Returned,Credit Card
ORD13011,CUST3869,25-05-2024,Chennai,PROD121,2,499,998,Pending,PayPal
ORD13012,CUST4220,25-11-2023,Kolkata,PROD110,1,2999,2999,Shipped,PayPal
ORD13013,CUST1200,13-04-2025,Ahmedabad,PROD128,2,799,1598,Returned,Cash on Delivery
ORD13014,CUST4985,22-09-2023,Chennai,PROD151,1,49999,49999,Pending,Credit Card
ORD13015,CUST1505,14-05-2025,Delhi,PROD210,1,2499,2499,Cancelled,Cash on Delivery
ORD13016,CUST3106,05-07-2024,Chennai,PROD189,2,899,1798,Returned,Credit Card
ORD13017,CUST2354,10-09-2023,Noida,PROD193,3,1499,4497,Pending,Cash on Delivery
ORD13018,CUST3077,25-06-2025,Mumbai,PROD132,3,399,1197,Returned,Cash on Delivery
ORD13019,CUST3672,02-07-2025,Patna,PROD213,3,1999,5997,Cancelled,Credit Card
ORD13020,CUST2360,24-06-2024,Bangalore,PROD121,2,499,998,Shipped,PayPal
ORD13021,CUST4381,29-09-2024,Mumbai,PROD149,2,1499,2998,Returned,Cash on Delivery
ORD13022,CUST4775,23-09-2022,Hyderabad,PROD131,3,499,1497,Shipped,PayPal
ORD13023,CUST1321,29-08-2023,Surat,PROD146,1,34999,34999,Shipped,Cash on Delivery
ORD13024,CUST2113,09-11-2022,Kolkata,PROD166,1,9499,9499,Delivered,PayPal
ORD13025,CUST2301,17-05-2023,Ahmedabad,PROD165,2,1799,3598,Shipped,PayPal
ORD13026,CUST2589,23-01-2024,Hyderabad,PROD105,1,2499,2499,Shipped,Cash on Delivery
ORD13027,CUST1530,03-02-2023,Chennai,PROD116,1,3499,3499,Cancelled,Credit Card
ORD13028,CUST2463,24-07-2023,Pune,PROD211,2,1799,3598,Returned,Credit Card
ORD13029,CUST1077,28-01-2024,Chennai,PROD205,3,399,1197,Returned,PayPal
ORD13030,CUST3181,23-04-2025,Hyderabad,PROD137,3,599,1797,Delivered,Cash on Delivery
ORD13031,CUST3745,30-08-2024,Kochi,PROD154,1,71990,71990,Shipped,Cash on Delivery
ORD13032,CUST2350,02-12-2023,Pune,PROD198,1,6999,6999,Pending,Credit Card
ORD13033,CUST2030,16-01-2025,Pune,PROD199,3,1299,3897,Cancelled,PayPal
ORD13034,CUST2593,15-02-2025,Chennai,PROD113,3,1499,4497,Delivered,PayPal
ORD13035,CUST3726,24-06-2023,Kolkata,PROD164,2,1199,2398,Cancelled,Credit Card
ORD13036,CUST4945,06-07-2024,Lucknow,PROD130,3,599,1797,Shipped,PayPal
ORD13037,CUST4961,26-09-2022,Mumbai,PROD125,3,549,1647,Delivered,Credit Card
ORD13038,CUST4446,07-08-2025,Mumbai,PROD183,3,999,2997,Delivered,PayPal
ORD13039,CUST3501,17-01-2025,Jaipur,PROD135,3,350,1050,Cancelled,PayPal
ORD13040,CUST4573,06-05-2023,Kolkata,PROD184,1,2999,2999,Returned,Credit Card
ORD13041,CUST4188,05-01-2024,Delhi,PROD131,3,499,1497,Delivered,Credit Card
ORD13042,CUST4037,08-04-2023,Kochi,PROD102,3,1799,5397,Pending,Credit Card
ORD13043,CUST4807,02-06-2025,Pune,PROD193,3,1499,4497,Pending,PayPal
ORD13044,CUST2649,10-10-2024,Kolkata,PROD198,1,6999,6999,Returned,Cash on Delivery
ORD13045,CUST4632,26-01-2025,Mumbai,PROD144,1,58499,58499,Cancelled,Cash on Delivery
ORD13046,CUST4142,23-08-2024,Nagpur,PROD153,1,62990,62990,Cancelled,Cash on Delivery
ORD13047,CUST2430,08-06-2023,Pune,PROD156,1,29990,29990,Pending,PayPal
ORD13048,CUST1261,29-11-2024,Ahmedabad,PROD180,1,2499,2499,Returned,Cash on Delivery
ORD13049,CUST1869,15-12-2024,Gurgaon,PROD157,1,14999,14999,Pending,PayPal
ORD13050,CUST3632,29-02-2024,Nagpur,PROD136,2,499,998,Shipped,Cash on Delivery
ORD13051,CUST3106,10-02-2024,Nagpur,PROD174,2,899,1798,Cancelled,Credit Card
ORD13052,CUST2891,08-06-2023,Kolkata,PROD151,1,49999,49999,Shipped,Credit Card
ORD13053,CUST5260,25-12-2023,Chennai,PROD208,3,899,2697,Pending,Cash on Delivery
ORD13054,CUST3086,14-07-2025,Patna,PROD179,2,1799,3598,Cancelled,Credit Card
ORD13055,CUST2168,14-04-2024,Indore,PROD101,1,6499,6499,Returned,Credit Card
ORD13056,CUST5270,03-04-2023,Kolkata,PROD202,3,1499,4497,Returned,PayPal
ORD13057,CUST2274,03-03-2024,Chennai,PROD119,2,1799,3598,Returned,Credit Card
ORD13058,CUST2458,18-02-2024,Pune,PROD204,1,2299,2299,Returned,PayPal
ORD13059,CUST3096,10-06-2024,Kochi,PROD121,2,499,998,Cancelled,PayPal
ORD13060,CUST2713,11-11-2023,Delhi,PROD207,3,1299,3897,Cancelled,PayPal
ORD13061,CUST1022,27-01-2024,Nagpur,PROD196,3,899,2697,Pending,Cash on Delivery
ORD13062,CUST2684,08-01-2023,Delhi,PROD102,3,1799,5397,Shipped,Credit Card
ORD13063,CUST1724,22-11-2022,Lucknow,PROD180,1,2499,2499,Delivered,Credit Card
ORD13064,CUST2459,20-10-2024,Pune,PROD188,2,499,998,Cancelled,PayPal
ORD13065,CUST4978,06-11-2024,Mumbai,PROD118,1,2999,2999,Shipped,Credit Card
ORD13066,CUST1287,21-11-2023,Visakhapatnam,PROD215,2,1799,3598,Returned,PayPal
ORD13067,CUST1978,20-03-2025,Kolkata,PROD216,1,2299,2299,Returned,Credit Card
ORD13068,CUST2870,23-10-2022,Chennai,PROD154,1,71990,71990,Pending,PayPal
ORD13069,CUST3484,26-11-2023,Bhubaneswar,PROD165,2,1799,3598,Delivered,Cash on Delivery
ORD13070,CUST2904,14-09-2022,Bangalore,PROD181,3,1299,3897,Delivered,Credit Card
ORD13071,CUST4745,28-02-2023,Lucknow,PROD113,2,1499,2998,Pending,Credit Card
ORD13072,CUST4958,07-07-2025,Nagpur,PROD197,1,5999,5999,Shipped,PayPal
ORD13073,CUST3191,05-05-2023,Chennai,PROD204,1,2299,2299,Cancelled,Credit Card
ORD13074,CUST1264,31-03-2023,Hyderabad,PROD198,1,6999,6999,Returned,Credit Card
ORD13075,CUST3503,08-05-2023,Kochi,PROD157,1,14999,14999,Returned,Credit Card
ORD13076,CUST1623,24-06-2023,Bhubaneswar,PROD215,3,1799,5397,Pending,Credit Card
ORD13077,CUST3398,26-10-2022,Bangalore,PROD149,3,1499,4497,Delivered,PayPal
ORD13078,CUST4778,24-01-2023,Mumbai,PROD123,2,449,898,Pending,Credit Card
ORD13079,CUST2462,24-10-2023,Chandigarh,PROD205,2,399,798,Delivered,Cash on Delivery
ORD13080,CUST3301,29-07-2024,Bangalore,PROD142,1,59999,59999,Pending,Credit Card
ORD13081,CUST3491,12-09-2023,Bangalore,PROD215,2,1799,3598,Cancelled,PayPal
ORD13082,CUST4407,19-08-2023,Pune,PROD179,3,1799,5397,Returned,Cash on Delivery
ORD13083,CUST3595,10-10-2023,Ahmedabad,PROD180,1,2499,2499,Pending,Cash on Delivery
ORD13084,CUST2673,03-01-2024,Hyderabad,PROD143,1,89999,89999,Pending,Cash on Delivery
ORD13085,CUST2971,02-09-2023,Mumbai,PROD175,2,1499,2998,Pending,Cash on Delivery
ORD13086,CUST2484,11-01-2025,Jaipur,PROD171,1,6999,6999,Shipped,Credit Card
ORD13087,CUST3078,05-06-2024,Pune,PROD130,2,599,1198,Cancelled,PayPal
ORD13088,CUST1584,06-07-2024,Kolkata,PROD146,1,34999,34999,Delivered,PayPal
ORD13089,CUST2309,28-12-2023,Hyderabad,PROD179,2,1799,3598,Delivered,Cash on Delivery
ORD13090,CUST4870,01-07-2023,Kochi,PROD205,3,399,1197,Cancelled,Cash on Delivery
ORD13091,CUST1591,06-04-2024,Bangalore,PROD121,3,499,1497,Delivered,Cash on Delivery
ORD13092,CUST3444,10-08-2023,Kochi,PROD116,1,3499,3499,Shipped,Credit Card
ORD13093,CUST2512,28-01-2023,Kolkata,PROD145,1,62990,62990,Returned,PayPal
ORD13094,CUST2823,09-07-2024,Chennai,PROD146,1,34999,34999,Cancelled,PayPal
ORD13095,CUST1486,20-02-2023,Lucknow,PROD194,2,999,1998,Returned,Cash on Delivery
ORD13096,CUST2498,07-03-2023,Noida,PROD111,3,1899,5697,Cancelled,Credit Card
ORD13097,CUST4621,01-05-2023,Pune,PROD137,2,599,1198,Pending,PayPal
ORD13098,CUST4773,29-10-2022,Bangalore,PROD126,3,299,897,Pending,Cash on Delivery
ORD13099,CUST5303,26-12-2023,Chennai,PROD192,1,4999,4999,Cancelled,Credit Card
ORD13100,CUST3793,21-07-2023,Indore,PROD185,3,1499,4497,Returned,Credit Card
ORD13101,CUST4279,30-03-2024,Ahmedabad,PROD177,3,1599,4797,Returned,PayPal
ORD13102,CUST2096,08-12-2024,Kolkata,PROD214,2,499,998,Returned,Cash on Delivery
ORD13103,CUST4986,03-11-2024,Chennai,PROD105,1,2499,2499,Returned,PayPal
ORD13104,CUST5266,24-01-2025,Pune,PROD197,1,5999,5999,Delivered,Credit Card
ORD13105,CUST3529,21-07-2025,Bangalore,PROD184,1,2999,2999,Cancelled,Cash on Delivery
ORD13106,CUST4785,23-06-2025,Kolkata,PROD159,1,4499,4499,Delivered,Cash on Delivery
ORD13107,CUST1816,02-06-2024,Bangalore,PROD160,1,5999,5999,Pending,Cash on Delivery
ORD13108,CUST3433,09-02-2023,Mumbai,PROD122,2,399,798,Returned,Credit Card
ORD13109,CUST2022,15-09-2022,Kochi,PROD157,1,14999,14999,Returned,Credit Card
ORD13110,CUST4344,11-06-2025,Chennai,PROD152,1,39999,39999,Delivered,Cash on Delivery
ORD13111,CUST3880,09-04-2024,Delhi,PROD201,2,799,1598,Shipped,PayPal
ORD13112,CUST3580,15-04-2023,Mumbai,PROD140,1,69999,69999,Pending,PayPal
ORD13113,CUST3589,24-11-2022,Visakhapatnam,PROD142,1,59999,59999,Pending,Credit Card
ORD13114,CUST3783,22-12-2024,Ahmedabad,PROD194,2,999,1998,Delivered,PayPal
ORD13115,CUST4381,24-09-2022,Chandigarh,PROD109,1,2399,2399,Pending,PayPal
ORD13116,CUST1906,10-12-2022,Mumbai,PROD114,3,1999,5997,Delivered,Credit Card
ORD13117,CUST4881,13-01-2025,Hyderabad,PROD212,1,5499,5499,Returned,Cash on Delivery
ORD13118,CUST5128,23-07-2025,Jaipur,PROD219,2,799,1598,Delivered,PayPal
ORD13119,CUST2222,16-05-2023,Kolkata,PROD142,1,59999,59999,Delivered,Cash on Delivery
ORD13120,CUST2156,08-05-2025,Chennai,PROD168,2,1299,2598,Cancelled,Cash on Delivery
ORD13121,CUST5103,12-03-2024,Ahmedabad,PROD134,2,450,900,Delivered,PayPal
ORD13122,CUST1173,11-07-2025,Chennai,PROD151,1,49999,49999,Cancelled,PayPal
ORD13123,CUST1230,01-07-2025,Mumbai,PROD131,3,499,1497,Shipped,PayPal
ORD13124,CUST4010,14-08-2024,Kolkata,PROD141,1,64999,64999,Returned,PayPal
ORD13125,CUST2919,30-11-2024,Gurgaon,PROD144,1,58499,58499,Delivered,Credit Card
ORD13126,CUST4668,29-06-2025,Pune,PROD148,1,6499,6499,Cancelled,Credit Card
ORD13127,CUST4525,23-03-2024,Jaipur,PROD131,3,499,1497,Pending,Credit Card
ORD13128,CUST3530,28-10-2024,Bhubaneswar,PROD210,1,2499,2499,Cancelled,Credit Card
ORD13129,CUST1368,10-04-2025,Pune,PROD107,2,1299,2598,Delivered,Cash on Delivery
ORD13130,CUST2498,12-03-2023,Kolkata,PROD211,3,1799,5397,Returned,Cash on Delivery
ORD13131,CUST1476,03-12-2024,Hyderabad,PROD173,3,1299,3897,Shipped,Cash on Delivery
ORD13132,CUST1560,10-01-2024,Mumbai,PROD158,1,8995,8995,Delivered,Cash on Delivery
ORD13133,CUST2650,09-10-2022,Kolkata,PROD163,1,4999,4999,Pending,Credit Card
ORD13134,CUST2064,14-06-2023,Lucknow,PROD166,1,9499,9499,Returned,Cash on Delivery
ORD13135,CUST4724,06-11-2022,Surat,PROD155,1,34999,34999,Cancelled,PayPal
ORD13136,CUST4700,31-07-2024,Pune,PROD127,3,899,2697,Cancelled,Cash on Delivery
ORD13137,CUST1324,01-05-2024,Surat,PROD131,2,499,998,Delivered,PayPal
ORD13138,CUST3572,30-08-2023,Indore,PROD206,2,699,1398,Returned,PayPal
ORD13139,CUST1061,18-11-2022,Gurgaon,PROD105,1,2499,2499,Delivered,PayPal
ORD13140,CUST4440,19-11-2022,Bhubaneswar,PROD206,2,699,1398,Pending,Cash on Delivery
ORD13141,CUST5323,10-11-2022,Jaipur,PROD187,1,4999,4999,Pending,Credit Card
ORD13142,CUST2269,18-09-2024,Mumbai,PROD175,2,1499,2998,Cancelled,Cash on Delivery
ORD13143,CUST2886,24-01-2024,Hyderabad,PROD145,1,62990,62990,Shipped,Credit Card
ORD13144,CUST2721,05-09-2024,Gurgaon,PROD121,3,499,1497,Pending,Cash on Delivery
ORD13145,CUST1056,28-03-2023,Kolkata,PROD181,3,1299,3897,Cancelled,Credit Card
ORD13146,CUST1662,12-06-2025,Lucknow,PROD122,2,399,798,Delivered,Credit Card
ORD13147,CUST3926,16-09-2024,Pune,PROD127,2,899,1798,Pending,Cash on Delivery
ORD13148,CUST3796,27-04-2023,Chennai,PROD156,1,29990,29990,Pending,Cash on Delivery
ORD13149,CUST3311,31-08-2022,Kolkata,PROD142,1,59999,59999,Returned,Credit Card
ORD13150,CUST3425,05-10-2023,Chandigarh,PROD158,1,8995,8995,Delivered,Credit Card
ORD13151,CUST4488,04-04-2025,Visakhapatnam,PROD206,2,699,1398,Shipped,PayPal
ORD13152,CUST5061,13-11-2023,Mumbai,PROD130,2,599,1198,Returned,PayPal
ORD13153,CUST1141,14-03-2024,Pune,PROD159,1,4499,4499,Returned,Cash on Delivery
ORD13154,CUST4055,08-12-2023,Bangalore,PROD184,1,2999,2999,Cancelled,PayPal
ORD13155,CUST1959,17-11-2023,Kolkata,PROD124,3,699,2097,Returned,PayPal
ORD13156,CUST1377,07-11-2023,Bangalore,PROD139,2,499,998,Returned,Credit Card
ORD13157,CUST3488,22-02-2025,Kolkata,PROD150,1,42999,42999,Pending,PayPal
ORD13158,CUST2448,26-10-2022,Mumbai,PROD117,1,2299,2299,Delivered,Cash on Delivery
ORD13159,CUST3534,21-09-2023,Chennai,PROD102,3,1799,5397,Delivered,Credit Card
ORD13160,CUST3206,28-04-2023,Indore,PROD124,3,699,2097,Cancelled,Cash on Delivery
ORD13161,CUST5248,27-08-2022,Nagpur,PROD212,1,5499,5499,Returned,Credit Card
ORD13162,CUST1340,02-12-2022,Pune,PROD166,1,9499,9499,Delivered,PayPal
ORD13163,CUST2882,05-08-2025,Kolkata,PROD138,3,799,2397,Delivered,PayPal
ORD13164,CUST4116,31-05-2023,Gurgaon,PROD162,1,3299,3299,Shipped,Credit Card
ORD13165,CUST1843,04-05-2024,Noida,PROD176,1,3499,3499,Pending,PayPal
ORD13166,CUST2552,25-10-2023,Nagpur,PROD193,3,1499,4497,Delivered,Cash on Delivery
ORD13167,CUST4901,20-01-2025,Mumbai,PROD211,3,1799,5397,Cancelled,PayPal
ORD13168,CUST1398,22-11-2024,Pune,PROD112,3,1699,5097,Returned,Credit Card
ORD13169,CUST1302,08-05-2023,Patna,PROD217,2,999,1998,Cancelled,Cash on Delivery
ORD13170,CUST3737,05-03-2024,Bangalore,PROD208,2,899,1798,Shipped,PayPal
ORD13171,CUST4467,31-03-2024,Bangalore,PROD201,3,799,2397,Returned,Cash on Delivery
ORD13172,CUST2779,25-06-2025,Surat,PROD123,2,449,898,Pending,PayPal
ORD13173,CUST4231,08-02-2024,Noida,PROD104,1,4499,4499,Cancelled,Cash on Delivery
ORD13174,CUST4309,16-08-2024,Ahmedabad,PROD207,2,1299,2598,Pending,Cash on Delivery
ORD13175,CUST1609,08-09-2024,Chennai,PROD168,3,1299,3897,Shipped,Credit Card
ORD13176,CUST2420,06-01-2023,Chennai,PROD180,1,2499,2499,Pending,Credit Card
ORD13177,CUST1671,23-04-2025,Lucknow,PROD173,3,1299,3897,Delivered,Credit Card
ORD13178,CUST1747,28-03-2025,Kochi,PROD194,3,999,2997,Delivered,Credit Card
ORD13179,CUST4381,25-10-2022,Noida,PROD197,1,5999,5999,Pending,Cash on Delivery
ORD13180,CUST4383,08-09-2022,Mumbai,PROD130,2,599,1198,Returned,Cash on Delivery
ORD13181,CUST1349,02-04-2023,Delhi,PROD217,3,999,2997,Pending,Credit Card
ORD13182,CUST2625,22-09-2024,Pune,PROD126,2,299,598,Pending,Credit Card
ORD13183,CUST3440,26-01-2023,Nagpur,PROD180,1,2499,2499,Delivered,Credit Card
ORD13184,CUST4245,28-03-2025,Lucknow,PROD198,1,6999,6999,Shipped,Credit Card
ORD13185,CUST1304,04-07-2024,Bangalore,PROD122,2,399,798,Pending,Cash on Delivery
ORD13186,CUST3536,27-03-2024,Mumbai,PROD218,2,299,598,Pending,PayPal
ORD13187,CUST4133,15-07-2023,Kochi,PROD188,3,499,1497,Shipped,PayPal
ORD13188,CUST2731,22-08-2024,Delhi,PROD133,3,299,897,Delivered,Cash on Delivery
ORD13189,CUST3589,27-05-2025,Delhi,PROD121,2,499,998,Cancelled,Cash on Delivery
ORD13190,CUST3839,24-11-2023,Delhi,PROD172,1,3999,3999,Returned,Credit Card
ORD13191,CUST5028,26-04-2023,Indore,PROD141,1,64999,64999,Returned,PayPal
ORD13192,CUST2760,16-09-2023,Patna,PROD110,1,2999,2999,Delivered,Cash on Delivery
ORD13193,CUST2527,09-05-2024,Visakhapatnam,PROD146,1,34999,34999,Returned,Cash on Delivery
ORD13194,CUST3330,30-05-2023,Bhubaneswar,PROD129,3,349,1047,Delivered,PayPal
ORD13195,CUST4313,21-09-2024,Mumbai,PROD198,1,6999,6999,Pending,Cash on Delivery
ORD13196,CUST3401,25-10-2024,Kochi,PROD133,2,299,598,Returned,PayPal
ORD13197,CUST1766,20-01-2025,Gurgaon,PROD147,1,29990,29990,Cancelled,Cash on Delivery
ORD13198,CUST3400,22-11-2022,Hyderabad,PROD197,1,5999,5999,Returned,Credit Card
ORD13199,CUST3338,01-01-2025,Kolkata,PROD108,2,1499,2998,Cancelled,PayPal
ORD13200,CUST3759,05-10-2024,Mumbai,PROD194,2,999,1998,Cancelled,Credit Card
ORD13201,CUST1891,10-06-2025,Bangalore,PROD118,1,2999,2999,Delivered,Credit Card
ORD13202,CUST5209,21-08-2023,Gurgaon,PROD178,3,1299,3897,Pending,Credit Card
ORD13203,CUST2881,13-10-2022,Lucknow,PROD201,3,799,2397,Pending,PayPal
ORD13204,CUST2381,29-09-2024,Hyderabad,PROD118,1,2999,2999,Returned,PayPal
ORD13205,CUST3388,04-09-2024,Hyderabad,PROD174,3,899,2697,Cancelled,Credit Card
ORD13206,CUST3148,26-11-2022,Patna,PROD100,1,2799,2799,Cancelled,PayPal
ORD13207,CUST5267,14-11-2024,Kolkata,PROD201,2,799,1598,Returned,Credit Card
ORD13208,CUST1108,16-01-2024,Chennai,PROD109,1,2399,2399,Delivered,Cash on Delivery
ORD13209,CUST3436,24-11-2022,Mumbai,PROD130,2,599,1198,Returned,Cash on Delivery
ORD13210,CUST3176,02-03-2025,Delhi,PROD156,1,29990,29990,Pending,Cash on Delivery
ORD13211,CUST3864,10-03-2023,Bangalore,PROD151,1,49999,49999,Returned,Cash on Delivery
ORD13212,CUST3741,31-05-2023,Mumbai,PROD121,3,499,1497,Pending,Cash on Delivery
ORD13213,CUST5297,06-12-2024,Mumbai,PROD214,2,499,998,Pending,PayPal
ORD13214,CUST3574,16-02-2023,Hyderabad,PROD115,1,2499,2499,Pending,Cash on Delivery
ORD13215,CUST2675,03-10-2022,Bangalore,PROD115,1,2499,2499,Delivered,PayPal
ORD13216,CUST1578,06-08-2023,Kolkata,PROD144,1,58499,58499,Cancelled,Credit Card
ORD13217,CUST3727,13-07-2023,Jaipur,PROD107,2,1299,2598,Shipped,Cash on Delivery
ORD13218,CUST2122,12-10-2024,Kolkata,PROD120,2,599,1198,Shipped,Cash on Delivery
ORD13219,CUST3166,20-07-2025,Visakhapatnam,PROD208,3,899,2697,Pending,PayPal
ORD13220,CUST3457,23-08-2023,Pune,PROD194,2,999,1998,Returned,PayPal
ORD13221,CUST4806,21-02-2024,Pune,PROD171,1,6999,6999,Returned,PayPal
ORD13222,CUST3303,18-08-2024,Mumbai,PROD171,1,6999,6999,Delivered,PayPal
ORD13223,CUST1411,05-10-2024,Mumbai,PROD126,3,299,897,Pending,Cash on Delivery
ORD13224,CUST2100,20-12-2024,Hyderabad,PROD161,2,1499,2998,Pending,Cash on Delivery
ORD13225,CUST2232,04-06-2025,Bhubaneswar,PROD199,2,1299,2598,Returned,Cash on Delivery
ORD13226,CUST3701,19-03-2024,Hyderabad,PROD144,1,58499,58499,Cancelled,PayPal
ORD13227,CUST4381,09-03-2023,Delhi,PROD173,3,1299,3897,Shipped,Credit Card
ORD13228,CUST1232,26-12-2022,Chandigarh,PROD179,3,1799,5397,Returned,Credit Card
ORD13229,CUST1507,19-10-2022,Indore,PROD216,1,2299,2299,Returned,Credit Card
ORD13230,CUST4179,21-11-2022,Mumbai,PROD103,1,2999,2999,Shipped,Cash on Delivery
ORD13231,CUST4761,02-12-2022,Pune,PROD184,1,2999,2999,Pending,Cash on Delivery
ORD13232,CUST1197,19-03-2023,Kolkata,PROD144,1,58499,58499,Cancelled,PayPal
ORD13233,CUST1131,15-06-2023,Ahmedabad,PROD101,1,6499,6499,Pending,PayPal
ORD13234,CUST4035,24-06-2023,Bhubaneswar,PROD108,3,1499,4497,Pending,Cash on Delivery
ORD13235,CUST3094,11-10-2023,Mumbai,PROD113,2,1499,2998,Shipped,Cash on Delivery
ORD13236,CUST3079,05-10-2022,Bangalore,PROD134,2,450,900,Pending,Cash on Delivery
ORD13237,CUST4919,26-07-2025,Surat,PROD166,1,9499,9499,Returned,PayPal
ORD13238,CUST2763,15-10-2023,Mumbai,PROD189,3,899,2697,Shipped,Credit Card
ORD13239,CUST3795,10-02-2024,Pune,PROD157,1,14999,14999,Returned,PayPal
ORD13240,CUST1725,14-08-2025,Chandigarh,PROD210,1,2499,2499,Delivered,Credit Card
ORD13241,CUST2253,16-09-2023,Chennai,PROD157,1,14999,14999,Shipped,Cash on Delivery
ORD13242,CUST1427,24-03-2024,Surat,PROD150,1,42999,42999,Returned,Cash on Delivery
ORD13243,CUST2007,23-01-2025,Pune,PROD131,2,499,998,Returned,Credit Card
ORD13244,CUST1412,30-11-2022,Nagpur,PROD153,1,62990,62990,Delivered,Credit Card
ORD13245,CUST2215,14-02-2025,Gurgaon,PROD112,2,1699,3398,Delivered,Credit Card
ORD13246,CUST4665,20-01-2025,Kolkata,PROD188,2,499,998,Shipped,PayPal
ORD13247,CUST4482,16-11-2023,Bangalore,PROD210,1,2499,2499,Delivered,Credit Card
ORD13248,CUST4823,05-02-2023,Bangalore,PROD195,1,4499,4499,Returned,PayPal
ORD13249,CUST5024,07-05-2023,Indore,PROD172,1,3999,3999,Returned,PayPal
ORD13250,CUST2038,16-12-2023,Bangalore,PROD157,1,14999,14999,Cancelled,PayPal
ORD13251,CUST4646,09-01-2023,Kolkata,PROD106,1,5999,5999,Cancelled,Credit Card
ORD13252,CUST2819,04-10-2023,Mumbai,PROD123,2,449,898,Returned,Credit Card
ORD13253,CUST4154,13-12-2023,Delhi,PROD143,1,89999,89999,Cancelled,PayPal
ORD13254,CUST4416,05-01-2023,Kolkata,PROD175,3,1499,4497,Delivered,Credit Card
ORD13255,CUST2637,05-03-2024,Visakhapatnam,PROD120,2,599,1198,Returned,Credit Card
ORD13256,CUST2990,20-08-2023,Bangalore,PROD160,1,5999,5999,Delivered,Credit Card
ORD13257,CUST3042,09-05-2023,Nagpur,PROD125,2,549,1098,Delivered,Credit Card
ORD13258,CUST1776,19-10-2024,Bhubaneswar,PROD172,1,3999,3999,Returned,Cash on Delivery
ORD13259,CUST2183,27-06-2023,Pune,PROD116,1,3499,3499,Cancelled,PayPal
ORD13260,CUST4060,10-10-2023,Pune,PROD127,2,899,1798,Delivered,Cash on Delivery
ORD13261,CUST5206,22-09-2022,Nagpur,PROD107,2,1299,2598,Pending,Credit Card
ORD13262,CUST4429,19-09-2023,Gurgaon,PROD134,2,450,900,Cancelled,Credit Card
ORD13263,CUST3811,29-01-2023,Mumbai,PROD110,1,2999,2999,Delivered,Credit Card
ORD13264,CUST4264,23-12-2022,Bangalore,PROD134,2,450,900,Delivered,Cash on Delivery
ORD13265,CUST1898,12-04-2023,Chandigarh,PROD156,1,29990,29990,Returned,PayPal
ORD13266,CUST1321,11-11-2022,Lucknow,PROD183,2,999,1998,Cancelled,PayPal
ORD13267,CUST2333,30-07-2023,Chennai,PROD190,1,2499,2499,Delivered,PayPal
ORD13268,CUST4550,16-06-2024,Bangalore,PROD142,1,59999,59999,Cancelled,Cash on Delivery
ORD13269,CUST1146,25-08-2023,Bangalore,PROD100,1,2799,2799,Cancelled,PayPal
ORD13270,CUST1537,30-11-2024,Gurgaon,PROD115,1,2499,2499,Delivered,PayPal
ORD13271,CUST5142,07-12-2023,Kolkata,PROD198,1,6999,6999,Pending,PayPal
ORD13272,CUST2024,28-09-2024,Kolkata,PROD219,3,799,2397,Delivered,PayPal
ORD13273,CUST5262,05-06-2025,Kochi,PROD121,3,499,1497,Pending,Cash on Delivery
ORD13274,CUST3130,26-12-2023,Bangalore,PROD188,2,499,998,Delivered,Cash on Delivery
ORD13275,CUST3436,02-09-2024,Pune,PROD104,1,4499,4499,Pending,Cash on Delivery
ORD13276,CUST5194,12-03-2025,Jaipur,PROD164,3,1199,3597,Pending,PayPal
ORD13277,CUST5287,13-11-2024,Nagpur,PROD131,2,499,998,Shipped,PayPal
ORD13278,CUST1931,18-03-2025,Kolkata,PROD184,1,2999,2999,Delivered,Credit Card
ORD13279,CUST4789,10-11-2022,Pune,PROD165,3,1799,5397,Pending,PayPal
ORD13280,CUST3458,16-10-2023,Bangalore,PROD123,3,449,1347,Shipped,Credit Card
ORD13281,CUST4293,11-05-2023,Hyderabad,PROD211,2,1799,3598,Returned,PayPal
ORD13282,CUST3590,21-01-2025,Hyderabad,PROD144,1,58499,58499,Shipped,Credit Card
ORD13283,CUST2320,10-12-2022,Mumbai,PROD148,1,6499,6499,Returned,Cash on Delivery
ORD13284,CUST1804,09-10-2023,Surat,PROD166,1,9499,9499,Delivered,PayPal
ORD13285,CUST3099,19-07-2023,Chennai,PROD169,3,1899,5697,Cancelled,Credit Card
ORD13286,CUST3799,06-06-2023,Noida,PROD156,1,29990,29990,Cancelled,Cash on Delivery
ORD13287,CUST1083,25-06-2023,Hyderabad,PROD124,2,699,1398,Shipped,Credit Card
ORD13288,CUST4666,12-04-2025,Chennai,PROD134,3,450,1350,Shipped,Credit Card
ORD13289,CUST1350,21-06-2025,Kolkata,PROD124,3,699,2097,Returned,Credit Card
ORD13290,CUST1697,06-09-2023,Chennai,PROD216,1,2299,2299,Delivered,Credit Card
ORD13291,CUST1080,09-05-2024,Bangalore,PROD172,1,3999,3999,Shipped,Cash on Delivery
ORD13292,CUST2506,22-03-2025,Bangalore,PROD146,1,34999,34999,Pending,Credit Card
ORD13293,CUST4158,19-12-2023,Lucknow,PROD145,1,62990,62990,Delivered,PayPal
ORD13294,CUST2378,14-06-2023,Chandigarh,PROD174,3,899,2697,Pending,Cash on Delivery
ORD13295,CUST2134,29-03-2024,Chennai,PROD177,3,1599,4797,Delivered,Cash on Delivery
ORD13296,CUST4415,19-08-2024,Bhubaneswar,PROD140,1,69999,69999,Shipped,Credit Card
ORD13297,CUST1253,15-07-2023,Bhubaneswar,PROD156,1,29990,29990,Cancelled,Credit Card
ORD13298,CUST1199,25-03-2023,Kolkata,PROD194,2,999,1998,Delivered,Cash on Delivery
ORD13299,CUST4381,27-04-2025,Pune,PROD120,2,599,1198,Returned,Credit Card
ORD13300,CUST1535,03-05-2023,Visakhapatnam,PROD187,1,4999,4999,Cancelled,Cash on Delivery
ORD13301,CUST1637,08-06-2023,Jaipur,PROD168,2,1299,2598,Delivered,Cash on Delivery
ORD13302,CUST3065,31-03-2025,Bangalore,PROD108,2,1499,2998,Delivered,Cash on Delivery
ORD13303,CUST3815,15-05-2025,Chennai,PROD182,3,1899,5697,Shipped,Credit Card
ORD13304,CUST2866,08-03-2025,Mumbai,PROD107,3,1299,3897,Returned,Cash on Delivery
ORD13305,CUST5074,24-11-2022,Indore,PROD168,2,1299,2598,Delivered,Cash on Delivery
ORD13306,CUST1144,22-06-2024,Mumbai,PROD103,1,2999,2999,Delivered,Credit Card
ORD13307,CUST1873,07-05-2023,Bhubaneswar,PROD129,3,349,1047,Shipped,PayPal
ORD13308,CUST1014,20-10-2024,Gurgaon,PROD120,3,599,1797,Shipped,Credit Card
ORD13309,CUST1189,12-04-2023,Visakhapatnam,PROD101,1,6499,6499,Delivered,Credit Card
ORD13310,CUST3861,27-11-2024,Hyderabad,PROD189,2,899,1798,Cancelled,Cash on Delivery
ORD13311,CUST3514,14-10-2023,Chennai,PROD207,3,1299,3897,Cancelled,PayPal
ORD13312,CUST2343,26-01-2025,Indore,PROD189,3,899,2697,Shipped,Cash on Delivery
ORD13313,CUST1679,03-10-2024,Chennai,PROD150,1,42999,42999,Cancelled,Credit Card
ORD13314,CUST4619,14-10-2023,Indore,PROD202,2,1499,2998,Delivered,Credit Card
ORD13315,CUST2735,26-09-2022,Mumbai,PROD218,3,299,897,Pending,PayPal
ORD13316,CUST2549,14-01-2025,Bangalore,PROD179,3,1799,5397,Cancelled,Cash on Delivery
ORD13317,CUST4020,24-07-2024,Pune,PROD107,3,1299,3897,Returned,PayPal
ORD13318,CUST2038,13-07-2025,Chennai,PROD210,1,2499,2499,Cancelled,Cash on Delivery
ORD13319,CUST4729,28-12-2024,Hyderabad,PROD198,1,6999,6999,Shipped,Cash on Delivery
ORD13320,CUST3152,10-01-2025,Lucknow,PROD214,2,499,998,Pending,PayPal
ORD13321,CUST5300,19-11-2024,Pune,PROD213,3,1999,5997,Pending,Cash on Delivery
ORD13322,CUST2665,10-06-2024,Patna,PROD158,1,8995,8995,Delivered,Cash on Delivery
ORD13323,CUST2042,17-05-2023,Kolkata,PROD184,1,2999,2999,Shipped,PayPal
ORD13324,CUST4244,13-02-2024,Hyderabad,PROD111,2,1899,3798,Returned,Credit Card
ORD13325,CUST3811,02-08-2024,Gurgaon,PROD102,3,1799,5397,Pending,Credit Card
ORD13326,CUST1267,13-12-2023,Kolkata,PROD144,1,58499,58499,Cancelled,PayPal
ORD13327,CUST4088,18-02-2025,Ahmedabad,PROD209,2,1799,3598,Delivered,Credit Card
ORD13328,CUST2151,18-08-2023,Bhubaneswar,PROD111,3,1899,5697,Pending,Cash on Delivery
ORD13329,CUST1044,09-12-2023,Chandigarh,PROD181,2,1299,2598,Shipped,Credit Card
ORD13330,CUST3753,12-02-2023,Bhubaneswar,PROD218,2,299,598,Pending,Credit Card
ORD13331,CUST2855,06-01-2023,Jaipur,PROD114,3,1999,5997,Returned,Credit Card
ORD13332,CUST1093,13-10-2023,Hyderabad,PROD148,1,6499,6499,Pending,Credit Card
ORD13333,CUST1657,29-10-2022,Kochi,PROD162,1,3299,3299,Returned,PayPal
ORD13334,CUST5299,29-12-2023,Mumbai,PROD144,1,58499,58499,Shipped,Credit Card
ORD13335,CUST2822,08-10-2022,Jaipur,PROD126,2,299,598,Shipped,Cash on Delivery
ORD13336,CUST4636,17-05-2023,Kochi,PROD149,3,1499,4497,Shipped,Cash on Delivery
ORD13337,CUST1008,07-12-2022,Hyderabad,PROD172,1,3999,3999,Pending,Credit Card
ORD13338,CUST4909,05-04-2025,Delhi,PROD125,3,549,1647,Shipped,Credit Card
ORD13339,CUST1234,23-01-2025,Hyderabad,PROD148,1,6499,6499,Cancelled,Credit Card
ORD13340,CUST5000,30-09-2024,Mumbai,PROD127,2,899,1798,Shipped,PayPal
ORD13341,CUST5110,22-10-2022,Indore,PROD155,1,34999,34999,Cancelled,PayPal
ORD13342,CUST2397,13-11-2023,Surat,PROD122,3,399,1197,Pending,Credit Card
ORD13343,CUST2040,27-01-2023,Bhubaneswar,PROD212,1,5499,5499,Cancelled,PayPal
ORD13344,CUST2414,08-02-2025,Jaipur,PROD185,3,1499,4497,Shipped,Credit Card
ORD13345,CUST1697,13-07-2025,Chandigarh,PROD146,1,34999,34999,Delivered,PayPal
ORD13346,CUST5084,08-02-2023,Chennai,PROD180,1,2499,2499,Delivered,Cash on Delivery
ORD13347,CUST4331,22-08-2025,Jaipur,PROD140,1,69999,69999,Cancelled,Cash on Delivery
ORD13348,CUST1042,09-04-2024,Nagpur,PROD154,1,71990,71990,Cancelled,Credit Card
ORD13349,CUST3740,08-01-2023,Lucknow,PROD201,2,799,1598,Delivered,Cash on Delivery
ORD13350,CUST4170,02-08-2025,Gurgaon,PROD130,2,599,1198,Delivered,PayPal
ORD13351,CUST1512,19-04-2025,Noida,PROD106,1,5999,5999,Delivered,Credit Card
ORD13352,CUST1743,03-08-2024,Kochi,PROD100,1,2799,2799,Cancelled,Cash on Delivery
ORD13353,CUST2899,14-06-2023,Kochi,PROD146,1,34999,34999,Shipped,Credit Card
ORD13354,CUST1424,22-04-2023,Bangalore,PROD136,2,499,998,Delivered,Credit Card
ORD13355,CUST4666,29-03-2024,Patna,PROD196,3,899,2697,Cancelled,Cash on Delivery
ORD13356,CUST4734,13-05-2025,Mumbai,PROD152,1,39999,39999,Cancelled,PayPal
ORD13357,CUST4669,11-09-2022,Kolkata,PROD173,3,1299,3897,Cancelled,Cash on Delivery
ORD13358,CUST3991,18-04-2025,Hyderabad,PROD102,3,1799,5397,Delivered,PayPal
ORD13359,CUST5121,27-02-2024,Gurgaon,PROD172,1,3999,3999,Returned,Cash on Delivery
ORD13360,CUST1381,22-04-2024,Gurgaon,PROD134,2,450,900,Cancelled,Credit Card
ORD13361,CUST2133,05-09-2023,Patna,PROD125,2,549,1098,Pending,PayPal
ORD13362,CUST4201,16-04-2023,Mumbai,PROD173,2,1299,2598,Pending,Cash on Delivery
ORD13363,CUST1249,02-10-2022,Mumbai,PROD137,2,599,1198,Cancelled,Cash on Delivery
ORD13364,CUST1670,13-11-2022,Mumbai,PROD217,2,999,1998,Cancelled,Credit Card
ORD13365,CUST2531,31-03-2023,Visakhapatnam,PROD103,1,2999,2999,Pending,Credit Card
ORD13366,CUST2563,05-05-2025,Chennai,PROD150,1,42999,42999,Shipped,PayPal
ORD13367,CUST4574,01-05-2025,Delhi,PROD102,2,1799,3598,Cancelled,PayPal
ORD13368,CUST3708,06-08-2023,Gurgaon,PROD118,1,2999,2999,Cancelled,Cash on Delivery
ORD13369,CUST1373,26-07-2023,Chandigarh,PROD171,1,6999,6999,Returned,PayPal
ORD13370,CUST4602,09-01-2024,Hyderabad,PROD106,1,5999,5999,Cancelled,PayPal
ORD13371,CUST2030,02-06-2023,Mumbai,PROD149,3,1499,4497,Returned,PayPal
ORD13372,CUST4524,09-12-2023,Mumbai,PROD160,1,5999,5999,Shipped,Cash on Delivery
ORD13373,CUST4183,07-05-2024,Delhi,PROD180,1,2499,2499,Pending,Cash on Delivery
ORD13374,CUST2421,02-07-2025,Nagpur,PROD150,1,42999,42999,Pending,PayPal
ORD13375,CUST4416,05-02-2025,Bangalore,PROD118,1,2999,2999,Returned,Cash on Delivery
ORD13376,CUST3358,15-10-2024,Mumbai,PROD153,1,62990,62990,Shipped,Credit Card
ORD13377,CUST2333,13-06-2024,Patna,PROD114,2,1999,3998,Returned,Cash on Delivery
ORD13378,CUST3872,28-02-2023,Mumbai,PROD109,1,2399,2399,Returned,Cash on Delivery
ORD13379,CUST3535,26-07-2024,Jaipur,PROD170,1,2499,2499,Cancelled,Credit Card
ORD13380,CUST4047,17-04-2023,Delhi,PROD173,3,1299,3897,Returned,Cash on Delivery
ORD13381,CUST4581,28-05-2024,Nagpur,PROD192,1,4999,4999,Delivered,Cash on Delivery
ORD13382,CUST4320,23-06-2024,Pune,PROD104,1,4499,4499,Cancelled,Credit Card
ORD13383,CUST4670,29-10-2022,Nagpur,PROD103,1,2999,2999,Pending,PayPal
ORD13384,CUST4848,02-08-2025,Noida,PROD148,1,6499,6499,Delivered,Cash on Delivery
ORD13385,CUST2693,02-08-2023,Pune,PROD163,1,4999,4999,Shipped,PayPal
ORD13386,CUST1654,01-11-2023,Pune,PROD160,1,5999,5999,Pending,Cash on Delivery
ORD13387,CUST3086,20-01-2024,Nagpur,PROD112,2,1699,3398,Returned,Credit Card
ORD13388,CUST2289,04-07-2023,Pune,PROD149,2,1499,2998,Returned,Credit Card
ORD13389,CUST1166,29-12-2024,Jaipur,PROD163,1,4999,4999,Returned,PayPal
ORD13390,CUST5086,26-09-2023,Hyderabad,PROD117,1,2299,2299,Returned,Cash on Delivery
ORD13391,CUST3620,20-08-2024,Nagpur,PROD159,1,4499,4499,Shipped,Cash on Delivery
ORD13392,CUST4224,15-01-2023,Chennai,PROD151,1,49999,49999,Returned,Credit Card
ORD13393,CUST2568,09-12-2022,Kolkata,PROD128,2,799,1598,Cancelled,Cash on Delivery
ORD13394,CUST3115,27-10-2022,Bangalore,PROD119,3,1799,5397,Delivered,PayPal
ORD13395,CUST4222,23-06-2024,Surat,PROD198,1,6999,6999,Shipped,PayPal
ORD13396,CUST1526,20-08-2025,Gurgaon,PROD163,1,4999,4999,Delivered,Credit Card
ORD13397,CUST4913,12-01-2025,Chandigarh,PROD186,1,3499,3499,Shipped,PayPal
ORD13398,CUST4319,20-04-2025,Hyderabad,PROD129,2,349,698,Cancelled,Cash on Delivery
ORD13399,CUST1154,13-01-2023,Delhi,PROD183,3,999,2997,Cancelled,PayPal
ORD13400,CUST2363,31-10-2022,Gurgaon,PROD205,2,399,798,Shipped,Cash on Delivery
ORD13401,CUST1372,16-12-2023,Mumbai,PROD189,2,899,1798,Cancelled,Cash on Delivery
ORD13402,CUST1867,06-12-2022,Bangalore,PROD108,3,1499,4497,Shipped,PayPal
ORD13403,CUST1718,20-10-2023,Pune,PROD148,1,6499,6499,Pending,Cash on Delivery
ORD13404,CUST1637,03-01-2024,Kolkata,PROD172,1,3999,3999,Returned,PayPal
ORD13405,CUST2426,21-01-2023,Bhubaneswar,PROD183,2,999,1998,Returned,PayPal
ORD13406,CUST1712,07-12-2023,Delhi,PROD193,3,1499,4497,Delivered,Credit Card
ORD13407,CUST4116,28-12-2023,Chennai,PROD185,2,1499,2998,Delivered,PayPal
ORD13408,CUST1651,04-12-2024,Lucknow,PROD192,1,4999,4999,Returned,Credit Card
ORD13409,CUST2964,04-12-2023,Mumbai,PROD154,1,71990,71990,Cancelled,Credit Card
ORD13410,CUST2558,09-02-2023,Hyderabad,PROD185,2,1499,2998,Shipped,Credit Card
ORD13411,CUST3633,19-02-2025,Chennai,PROD117,1,2299,2299,Delivered,PayPal
ORD13412,CUST1736,20-11-2022,Hyderabad,PROD199,3,1299,3897,Shipped,Cash on Delivery
ORD13413,CUST4532,07-02-2023,Kolkata,PROD151,1,49999,49999,Shipped,Cash on Delivery
ORD13414,CUST3027,26-01-2024,Kochi,PROD205,2,399,798,Delivered,PayPal
ORD13415,CUST2662,07-08-2025,Pune,PROD120,2,599,1198,Shipped,Cash on Delivery
ORD13416,CUST4381,31-07-2025,Lucknow,PROD178,2,1299,2598,Delivered,Cash on Delivery
ORD13417,CUST2750,18-02-2024,Nagpur,PROD173,3,1299,3897,Pending,PayPal
ORD13418,CUST4677,07-02-2025,Chennai,PROD139,3,499,1497,Pending,PayPal
ORD13419,CUST2170,02-12-2022,Chennai,PROD173,3,1299,3897,Returned,Credit Card
ORD13420,CUST3839,14-05-2024,Surat,PROD121,2,499,998,Pending,Cash on Delivery
ORD13421,CUST5234,02-11-2024,Kolkata,PROD143,1,89999,89999,Returned,PayPal
ORD13422,CUST4503,18-11-2024,Jaipur,PROD114,2,1999,3998,Pending,Credit Card
ORD13423,CUST2228,12-11-2022,Noida,PROD204,1,2299,2299,Pending,Credit Card
ORD13424,CUST3913,30-10-2022,Kolkata,PROD155,1,34999,34999,Pending,Credit Card
ORD13425,CUST4238,19-11-2023,Mumbai,PROD145,1,62990,62990,Returned,Cash on Delivery
ORD13426,CUST1700,07-04-2024,Pune,PROD131,2,499,998,Cancelled,PayPal
ORD13427,CUST2182,06-08-2025,Hyderabad,PROD178,3,1299,3897,Cancelled,PayPal
ORD13428,CUST2525,31-10-2023,Mumbai,PROD129,2,349,698,Delivered,PayPal
ORD13429,CUST1010,19-01-2025,Ahmedabad,PROD160,1,5999,5999,Cancelled,PayPal
ORD13430,CUST2396,21-06-2024,Hyderabad,PROD142,1,59999,59999,Shipped,Credit Card
ORD13431,CUST4742,15-01-2023,Hyderabad,PROD218,3,299,897,Pending,Cash on Delivery
ORD13432,CUST1019,27-06-2023,Bhubaneswar,PROD188,3,499,1497,Delivered,Cash on Delivery
ORD13433,CUST3814,09-06-2023,Bhubaneswar,PROD153,1,62990,62990,Delivered,Credit Card
ORD13434,CUST2273,21-03-2023,Pune,PROD112,2,1699,3398,Returned,Cash on Delivery
ORD13435,CUST1941,22-07-2025,Bangalore,PROD107,2,1299,2598,Cancelled,Cash on Delivery
ORD13436,CUST4571,19-05-2024,Kolkata,PROD114,2,1999,3998,Cancelled,Cash on Delivery
ORD13437,CUST3042,27-03-2025,Chennai,PROD148,1,6499,6499,Pending,Cash on Delivery
ORD13438,CUST4411,26-04-2025,Hyderabad,PROD106,1,5999,5999,Pending,PayPal
ORD13439,CUST4055,25-11-2022,Kolkata,PROD101,1,6499,6499,Returned,Cash on Delivery
ORD13440,CUST1282,22-09-2023,Mumbai,PROD206,3,699,2097,Returned,Credit Card
ORD13441,CUST1629,22-01-2023,Kochi,PROD214,2,499,998,Delivered,PayPal
ORD13442,CUST1532,12-07-2024,Chennai,PROD134,2,450,900,Pending,Cash on Delivery
ORD13443,CUST4777,06-07-2025,Mumbai,PROD180,1,2499,2499,Cancelled,Credit Card
ORD13444,CUST1945,04-01-2025,Kochi,PROD141,1,64999,64999,Cancelled,Credit Card
ORD13445,CUST3692,01-02-2023,Noida,PROD186,1,3499,3499,Delivered,Credit Card
ORD13446,CUST3014,20-08-2025,Hyderabad,PROD124,2,699,1398,Cancelled,Credit Card
ORD13447,CUST2618,08-10-2024,Mumbai,PROD161,3,1499,4497,Returned,Cash on Delivery
ORD13448,CUST2608,23-10-2023,Delhi,PROD149,3,1499,4497,Delivered,PayPal
ORD13449,CUST3972,04-05-2023,Delhi,PROD154,1,71990,71990,Shipped,Cash on Delivery
ORD13450,CUST1628,04-11-2022,Bangalore,PROD101,1,6499,6499,Shipped,Cash on Delivery
ORD13451,CUST4970,15-09-2023,Visakhapatnam,PROD171,1,6999,6999,Returned,Cash on Delivery
ORD13452,CUST3827,22-12-2023,Gurgaon,PROD155,1,34999,34999,Shipped,Cash on Delivery
ORD13453,CUST1015,17-07-2024,Chandigarh,PROD160,1,5999,5999,Delivered,Cash on Delivery
ORD13454,CUST3269,09-05-2023,Surat,PROD217,3,999,2997,Delivered,Cash on Delivery
ORD13455,CUST2877,03-01-2024,Chennai,PROD127,3,899,2697,Delivered,Credit Card
ORD13456,CUST3293,15-02-2024,Kolkata,PROD154,1,71990,71990,Shipped,Credit Card
ORD13457,CUST3618,04-10-2022,Jaipur,PROD106,1,5999,5999,Delivered,Cash on Delivery
ORD13458,CUST3831,18-09-2023,Kolkata,PROD166,1,9499,9499,Cancelled,Cash on Delivery
ORD13459,CUST4516,23-09-2024,Gurgaon,PROD168,2,1299,2598,Returned,PayPal
ORD13460,CUST3946,16-11-2022,Hyderabad,PROD166,1,9499,9499,Pending,Cash on Delivery
ORD13461,CUST2792,17-04-2024,Delhi,PROD156,1,29990,29990,Pending,Credit Card
ORD13462,CUST1736,23-03-2023,Mumbai,PROD120,3,599,1797,Pending,Credit Card
ORD13463,CUST4037,21-11-2024,Jaipur,PROD167,1,3499,3499,Cancelled,Credit Card
ORD13464,CUST2522,12-07-2025,Pune,PROD181,3,1299,3897,Pending,Credit Card
ORD13465,CUST3206,02-03-2025,Indore,PROD144,1,58499,58499,Delivered,PayPal
ORD13466,CUST1857,23-10-2024,Chennai,PROD112,3,1699,5097,Delivered,Cash on Delivery
ORD13467,CUST1843,12-11-2023,Kolkata,PROD107,3,1299,3897,Shipped,PayPal
ORD13468,CUST4008,24-04-2023,Indore,PROD174,2,899,1798,Cancelled,PayPal
ORD13469,CUST5082,19-09-2022,Hyderabad,PROD169,3,1899,5697,Pending,Credit Card
ORD13470,CUST2289,11-07-2024,Delhi,PROD133,2,299,598,Delivered,Credit Card
ORD13471,CUST2390,29-12-2024,Bhubaneswar,PROD214,2,499,998,Shipped,Credit Card
ORD13472,CUST1762,04-12-2023,Ahmedabad,PROD153,1,62990,62990,Delivered,PayPal
ORD13473,CUST4699,08-05-2025,Jaipur,PROD129,2,349,698,Delivered,PayPal
ORD13474,CUST4692,28-07-2024,Delhi,PROD215,2,1799,3598,Delivered,Credit Card
ORD13475,CUST5306,28-04-2025,Kochi,PROD144,1,58499,58499,Pending,Credit Card
ORD13476,CUST4137,20-05-2023,Pune,PROD108,3,1499,4497,Delivered,PayPal
ORD13477,CUST1193,18-08-2025,Kolkata,PROD101,1,6499,6499,Cancelled,Cash on Delivery
ORD13478,CUST5071,04-11-2023,Surat,PROD112,3,1699,5097,Pending,Credit Card
ORD13479,CUST3524,06-07-2024,Hyderabad,PROD128,2,799,1598,Cancelled,Credit Card
ORD13480,CUST2412,01-05-2024,Noida,PROD169,3,1899,5697,Delivered,Cash on Delivery
ORD13481,CUST4387,28-09-2024,Bangalore,PROD145,1,62990,62990,Shipped,PayPal
ORD13482,CUST4605,08-08-2023,Pune,PROD119,2,1799,3598,Cancelled,Cash on Delivery
ORD13483,CUST3259,15-11-2023,Hyderabad,PROD113,3,1499,4497,Pending,Credit Card
ORD13484,CUST2379,12-06-2024,Kochi,PROD179,3,1799,5397,Cancelled,Credit Card
ORD13485,CUST2613,07-02-2023,Nagpur,PROD205,2,399,798,Returned,Cash on Delivery
ORD13486,CUST2343,01-04-2025,Hyderabad,PROD162,1,3299,3299,Cancelled,Credit Card
ORD13487,CUST1646,30-04-2025,Visakhapatnam,PROD143,1,89999,89999,Pending,PayPal
ORD13488,CUST1983,28-02-2024,Kolkata,PROD181,2,1299,2598,Shipped,PayPal
ORD13489,CUST1350,17-06-2023,Hyderabad,PROD179,2,1799,3598,Shipped,Cash on Delivery
ORD13490,CUST4304,17-10-2024,Kolkata,PROD180,1,2499,2499,Cancelled,PayPal
ORD13491,CUST3378,05-07-2023,Mumbai,PROD140,1,69999,69999,Cancelled,Cash on Delivery
ORD13492,CUST1643,23-07-2024,Bangalore,PROD136,2,499,998,Returned,PayPal
ORD13493,CUST2906,26-05-2023,Mumbai,PROD181,3,1299,3897,Cancelled,Credit Card
ORD13494,CUST3523,20-03-2023,Visakhapatnam,PROD141,1,64999,64999,Shipped,PayPal
ORD13495,CUST2493,23-04-2025,Kolkata,PROD158,1,8995,8995,Cancelled,PayPal
ORD13496,CUST2846,11-01-2024,Visakhapatnam,PROD150,1,42999,42999,Delivered,PayPal
ORD13497,CUST1369,21-06-2025,Pune,PROD121,2,499,998,Returned,PayPal
ORD13498,CUST3243,14-09-2024,Hyderabad,PROD196,3,899,2697,Shipped,Credit Card
ORD13499,CUST1755,31-01-2023,Bhubaneswar,PROD138,2,799,1598,Shipped,Credit Card
ORD13500,CUST3661,16-01-2024,Visakhapatnam,PROD196,3,899,2697,Shipped,PayPal
ORD13501,CUST3580,30-09-2022,Hyderabad,PROD111,3,1899,5697,Shipped,Credit Card
ORD13502,CUST5180,05-05-2025,Kolkata,PROD101,1,6499,6499,Pending,Cash on Delivery
ORD13503,CUST4381,26-08-2023,Mumbai,PROD157,1,14999,14999,Delivered,PayPal
ORD13504,CUST3359,10-03-2023,Delhi,PROD150,1,42999,42999,Delivered,Cash on Delivery
ORD13505,CUST4888,07-04-2023,Hyderabad,PROD184,1,2999,2999,Delivered,PayPal
ORD13506,CUST1834,03-01-2023,Bangalore,PROD175,3,1499,4497,Pending,PayPal
ORD13507,CUST1472,17-01-2023,Bhubaneswar,PROD149,2,1499,2998,Shipped,Credit Card
ORD13508,CUST3340,05-02-2023,Bhubaneswar,PROD183,2,999,1998,Returned,PayPal
ORD13509,CUST1502,18-07-2025,Bhubaneswar,PROD216,1,2299,2299,Cancelled,Credit Card
ORD13510,CUST4239,28-12-2023,Lucknow,PROD164,2,1199,2398,Pending,Credit Card
ORD13511,CUST3388,25-03-2023,Ahmedabad,PROD168,2,1299,2598,Pending,Credit Card
ORD13512,CUST2289,22-11-2024,Nagpur,PROD215,2,1799,3598,Delivered,PayPal
ORD13513,CUST1848,19-09-2023,Delhi,PROD123,3,449,1347,Cancelled,Cash on Delivery
ORD13514,CUST3263,13-05-2024,Pune,PROD213,3,1999,5997,Delivered,Cash on Delivery
ORD13515,CUST4133,17-08-2023,Bangalore,PROD169,2,1899,3798,Returned,Credit Card
ORD13516,CUST1963,20-10-2022,Patna,PROD102,3,1799,5397,Returned,PayPal
ORD13517,CUST2041,20-08-2024,Kolkata,PROD219,3,799,2397,Delivered,Cash on Delivery
ORD13518,CUST4775,30-10-2022,Noida,PROD158,1,8995,8995,Pending,Cash on Delivery
ORD13519,CUST2368,20-04-2023,Delhi,PROD144,1,58499,58499,Delivered,PayPal
ORD13520,CUST2106,23-08-2023,Bangalore,PROD194,3,999,2997,Delivered,Cash on Delivery
ORD13521,CUST4349,19-02-2025,Gurgaon,PROD197,1,5999,5999,Shipped,Credit Card
ORD13522,CUST4071,18-12-2024,Pune,PROD149,3,1499,4497,Returned,Cash on Delivery
ORD13523,CUST2794,22-10-2022,Pune,PROD138,2,799,1598,Cancelled,Credit Card
ORD13524,CUST2042,21-04-2025,Delhi,PROD176,1,3499,3499,Returned,Credit Card
ORD13525,CUST4802,30-09-2022,Bangalore,PROD119,3,1799,5397,Shipped,Cash on Delivery
ORD13526,CUST3517,21-07-2023,Mumbai,PROD145,1,62990,62990,Cancelled,Cash on Delivery
ORD13527,CUST2208,23-11-2022,Indore,PROD140,1,69999,69999,Cancelled,Cash on Delivery
ORD13528,CUST2635,02-12-2024,Delhi,PROD109,1,2399,2399,Delivered,Credit Card
ORD13529,CUST5255,17-07-2024,Pune,PROD120,2,599,1198,Delivered,Credit Card
ORD13530,CUST2689,07-04-2025,Pune,PROD123,2,449,898,Pending,Credit Card
ORD13531,CUST4164,28-02-2024,Chandigarh,PROD103,1,2999,2999,Shipped,Cash on Delivery
ORD13532,CUST3154,23-11-2024,Pune,PROD115,1,2499,2499,Cancelled,PayPal
ORD13533,CUST2092,15-12-2023,Visakhapatnam,PROD127,3,899,2697,Pending,Credit Card
ORD13534,CUST3522,27-04-2023,Mumbai,PROD137,3,599,1797,Returned,Credit Card
ORD13535,CUST2928,09-05-2024,Kolkata,PROD170,1,2499,2499,Pending,Credit Card
ORD13536,CUST3757,13-04-2023,Kolkata,PROD179,2,1799,3598,Pending,PayPal
ORD13537,CUST1999,20-10-2022,Mumbai,PROD206,3,699,2097,Pending,Credit Card
ORD13538,CUST1117,27-03-2025,Chandigarh,PROD170,1,2499,2499,Returned,PayPal
ORD13539,CUST2622,20-03-2025,Delhi,PROD123,2,449,898,Pending,Credit Card
ORD13540,CUST2171,06-08-2025,Bangalore,PROD123,3,449,1347,Shipped,PayPal
ORD13541,CUST4743,22-07-2025,Bhubaneswar,PROD206,3,699,2097,Returned,Cash on Delivery
ORD13542,CUST2340,03-04-2023,Pune,PROD113,2,1499,2998,Shipped,PayPal
ORD13543,CUST4849,14-09-2023,Surat,PROD178,3,1299,3897,Cancelled,Credit Card
ORD13544,CUST2205,11-06-2025,Patna,PROD180,1,2499,2499,Delivered,Credit Card
ORD13545,CUST3769,21-11-2022,Noida,PROD123,2,449,898,Pending,PayPal
ORD13546,CUST1546,14-04-2025,Mumbai,PROD119,2,1799,3598,Shipped,Cash on Delivery
ORD13547,CUST2823,29-12-2024,Chennai,PROD196,3,899,2697,Pending,Credit Card
ORD13548,CUST1643,21-02-2023,Surat,PROD202,3,1499,4497,Delivered,Credit Card
ORD13549,CUST2365,18-08-2024,Indore,PROD215,3,1799,5397,Shipped,Credit Card
ORD13550,CUST2132,04-12-2023,Kolkata,PROD122,2,399,798,Returned,PayPal
ORD13551,CUST1077,27-10-2024,Noida,PROD117,1,2299,2299,Returned,Cash on Delivery
ORD13552,CUST4027,09-10-2023,Bhubaneswar,PROD106,1,5999,5999,Shipped,Cash on Delivery
ORD13553,CUST5007,16-09-2022,Kochi,PROD106,1,5999,5999,Delivered,Cash on Delivery
ORD13554,CUST4028,25-08-2024,Mumbai,PROD118,1,2999,2999,Cancelled,Credit Card
ORD13555,CUST4271,17-09-2024,Bangalore,PROD198,1,6999,6999,Returned,PayPal
ORD13556,CUST2909,18-01-2025,Chennai,PROD214,2,499,998,Returned,PayPal
ORD13557,CUST1734,01-08-2023,Bangalore,PROD201,3,799,2397,Delivered,PayPal
ORD13558,CUST2911,27-02-2025,Pune,PROD104,1,4499,4499,Cancelled,Credit Card
ORD13559,CUST2326,26-03-2023,Chandigarh,PROD189,3,899,2697,Pending,PayPal
ORD13560,CUST3393,19-07-2025,Mumbai,PROD164,3,1199,3597,Shipped,PayPal
ORD13561,CUST1387,15-12-2024,Noida,PROD110,1,2999,2999,Returned,Cash on Delivery
ORD13562,CUST1958,03-11-2023,Bangalore,PROD129,2,349,698,Returned,Credit Card
ORD13563,CUST4569,22-05-2023,Ahmedabad,PROD118,1,2999,2999,Returned,PayPal
ORD13564,CUST2278,26-07-2023,Pune,PROD113,2,1499,2998,Delivered,Credit Card
ORD13565,CUST3518,07-12-2022,Bangalore,PROD214,3,499,1497,Shipped,Cash on Delivery
ORD13566,CUST3764,29-12-2022,Bangalore,PROD163,1,4999,4999,Returned,Credit Card
ORD13567,CUST5315,26-04-2023,Kochi,PROD154,1,71990,71990,Pending,Credit Card
ORD13568,CUST4918,08-11-2023,Kochi,PROD141,1,64999,64999,Shipped,Cash on Delivery
ORD13569,CUST3059,09-07-2024,Chennai,PROD104,1,4499,4499,Pending,PayPal
ORD13570,CUST1703,07-09-2024,Patna,PROD218,2,299,598,Shipped,Credit Card
ORD13571,CUST1823,27-11-2024,Chennai,PROD153,1,62990,62990,Delivered,Cash on Delivery
ORD13572,CUST1353,29-09-2024,Kolkata,PROD123,2,449,898,Cancelled,Cash on Delivery
ORD13573,CUST4028,03-07-2025,Ahmedabad,PROD204,1,2299,2299,Cancelled,PayPal
ORD13574,CUST3396,06-11-2023,Chennai,PROD184,1,2999,2999,Delivered,Credit Card
ORD13575,CUST5290,21-07-2025,Mumbai,PROD139,3,499,1497,Shipped,PayPal
ORD13576,CUST3345,30-03-2024,Chandigarh,PROD104,1,4499,4499,Cancelled,Credit Card
ORD13577,CUST2128,03-02-2023,Kochi,PROD148,1,6499,6499,Shipped,Credit Card
ORD13578,CUST4600,15-04-2024,Hyderabad,PROD178,3,1299,3897,Delivered,PayPal
ORD13579,CUST4288,14-04-2024,Kolkata,PROD188,3,499,1497,Delivered,PayPal
ORD13580,CUST1942,19-10-2023,Kolkata,PROD114,2,1999,3998,Shipped,Cash on Delivery
ORD13581,CUST1613,13-09-2022,Lucknow,PROD217,2,999,1998,Delivered,Credit Card
ORD13582,CUST1676,13-01-2023,Mumbai,PROD175,2,1499,2998,Pending,PayPal
ORD13583,CUST3965,09-07-2024,Hyderabad,PROD102,3,1799,5397,Cancelled,Credit Card
ORD13584,CUST2902,16-10-2023,Nagpur,PROD108,3,1499,4497,Pending,PayPal
ORD13585,CUST3751,10-08-2023,Bhubaneswar,PROD191,2,1999,3998,Cancelled,Credit Card
ORD13586,CUST2470,19-07-2023,Kolkata,PROD129,2,349,698,Shipped,PayPal
ORD13587,CUST3869,24-11-2024,Bangalore,PROD187,1,4999,4999,Cancelled,Cash on Delivery
ORD13588,CUST5017,09-08-2025,Mumbai,PROD119,3,1799,5397,Shipped,PayPal
ORD13589,CUST2279,29-04-2024,Patna,PROD146,1,34999,34999,Returned,Credit Card
ORD13590,CUST5082,04-10-2022,Chennai,PROD203,3,1999,5997,Pending,PayPal
ORD13591,CUST2062,26-03-2024,Bangalore,PROD184,1,2999,2999,Pending,Cash on Delivery
ORD13592,CUST3498,01-07-2025,Hyderabad,PROD102,2,1799,3598,Returned,Cash on Delivery
ORD13593,CUST3888,05-03-2024,Gurgaon,PROD201,3,799,2397,Returned,Credit Card
ORD13594,CUST3252,06-08-2024,Bangalore,PROD141,1,64999,64999,Delivered,Cash on Delivery
ORD13595,CUST2778,06-09-2024,Pune,PROD149,2,1499,2998,Shipped,PayPal
ORD13596,CUST2162,21-07-2025,Chandigarh,PROD163,1,4999,4999,Delivered,Credit Card
ORD13597,CUST2881,10-03-2023,Mumbai,PROD205,3,399,1197,Delivered,PayPal
ORD13598,CUST1223,11-06-2023,Mumbai,PROD140,1,69999,69999,Cancelled,Cash on Delivery
ORD13599,CUST1621,30-05-2024,Mumbai,PROD126,2,299,598,Cancelled,Cash on Delivery
ORD13600,CUST3857,22-03-2025,Chennai,PROD138,3,799,2397,Delivered,Credit Card
ORD13601,CUST1904,20-09-2024,Bangalore,PROD124,2,699,1398,Delivered,PayPal
ORD13602,CUST5065,04-10-2022,Bangalore,PROD158,1,8995,8995,Shipped,Cash on Delivery
ORD13603,CUST2161,27-09-2022,Chandigarh,PROD219,3,799,2397,Delivered,Credit Card
ORD13604,CUST2143,14-02-2024,Bangalore,PROD107,3,1299,3897,Delivered,PayPal
ORD13605,CUST3926,19-09-2024,Chennai,PROD175,3,1499,4497,Cancelled,Credit Card
ORD13606,CUST1662,11-07-2024,Chennai,PROD214,3,499,1497,Pending,PayPal
ORD13607,CUST4314,05-09-2022,Surat,PROD190,1,2499,2499,Delivered,Credit Card
ORD13608,CUST2898,26-12-2023,Hyderabad,PROD202,2,1499,2998,Delivered,Credit Card
ORD13609,CUST3135,16-10-2022,Surat,PROD108,2,1499,2998,Delivered,Cash on Delivery
ORD13610,CUST1919,22-03-2025,Kolkata,PROD169,2,1899,3798,Returned,PayPal
ORD13611,CUST3769,03-06-2023,Nagpur,PROD211,2,1799,3598,Returned,Credit Card
ORD13612,CUST2465,26-09-2024,Visakhapatnam,PROD155,1,34999,34999,Cancelled,Cash on Delivery
ORD13613,CUST1644,07-03-2023,Ahmedabad,PROD211,3,1799,5397,Pending,PayPal
ORD13614,CUST4815,15-07-2023,Bangalore,PROD101,1,6499,6499,Cancelled,PayPal
ORD13615,CUST3327,25-06-2025,Pune,PROD193,2,1499,2998,Shipped,PayPal
ORD13616,CUST4085,06-10-2022,Ahmedabad,PROD158,1,8995,8995,Pending,Cash on Delivery
ORD13617,CUST1524,03-06-2023,Bangalore,PROD107,3,1299,3897,Shipped,Cash on Delivery
ORD13618,CUST1491,13-09-2023,Bangalore,PROD189,3,899,2697,Shipped,PayPal
ORD13619,CUST2561,27-02-2024,Pune,PROD166,1,9499,9499,Shipped,Credit Card
ORD13620,CUST3800,15-09-2024,Chennai,PROD175,2,1499,2998,Cancelled,Cash on Delivery
ORD13621,CUST4373,19-08-2023,Lucknow,PROD109,1,2399,2399,Cancelled,Cash on Delivery
ORD13622,CUST1799,14-03-2024,Jaipur,PROD159,1,4499,4499,Returned,PayPal
ORD13623,CUST3395,14-03-2024,Chennai,PROD183,2,999,1998,Returned,PayPal
ORD13624,CUST1088,08-05-2025,Pune,PROD163,1,4999,4999,Cancelled,Cash on Delivery
ORD13625,CUST4957,15-10-2023,Bangalore,PROD175,3,1499,4497,Pending,Credit Card
ORD13626,CUST4645,04-06-2023,Delhi,PROD119,2,1799,3598,Returned,PayPal
ORD13627,CUST4131,01-08-2025,Chennai,PROD219,3,799,2397,Cancelled,PayPal
ORD13628,CUST2877,10-09-2022,Hyderabad,PROD110,1,2999,2999,Pending,Cash on Delivery
ORD13629,CUST2893,10-11-2024,Pune,PROD142,1,59999,59999,Delivered,PayPal
ORD13630,CUST1268,05-03-2024,Chennai,PROD154,1,71990,71990,Shipped,PayPal
ORD13631,CUST1194,02-04-2023,Chennai,PROD170,1,2499,2499,Delivered,PayPal
ORD13632,CUST5157,03-01-2025,Noida,PROD143,1,89999,89999,Returned,Credit Card
ORD13633,CUST1242,08-04-2024,Pune,PROD135,3,350,1050,Shipped,Credit Card
ORD13634,CUST1392,21-09-2024,Hyderabad,PROD207,3,1299,3897,Cancelled,PayPal
ORD13635,CUST5164,06-08-2023,Ahmedabad,PROD155,1,34999,34999,Delivered,Credit Card
ORD13636,CUST2182,19-11-2022,Ahmedabad,PROD187,1,4999,4999,Cancelled,Cash on Delivery
ORD13637,CUST1932,03-09-2022,Noida,PROD116,1,3499,3499,Delivered,PayPal
ORD13638,CUST4171,22-05-2023,Kolkata,PROD215,2,1799,3598,Delivered,Cash on Delivery
ORD13639,CUST1834,25-06-2024,Nagpur,PROD100,1,2799,2799,Pending,PayPal
ORD13640,CUST5225,12-06-2024,Delhi,PROD107,3,1299,3897,Cancelled,PayPal
ORD13641,CUST2570,02-07-2024,Chandigarh,PROD152,1,39999,39999,Returned,Cash on Delivery
ORD13642,CUST1093,04-03-2023,Indore,PROD105,1,2499,2499,Shipped,PayPal
ORD13643,CUST2842,19-08-2023,Kolkata,PROD132,2,399,798,Delivered,PayPal
ORD13644,CUST4338,21-01-2023,Kolkata,PROD137,2,599,1198,Cancelled,PayPal
ORD13645,CUST3119,18-11-2023,Kochi,PROD133,3,299,897,Returned,Cash on Delivery
ORD13646,CUST2189,24-07-2025,Bhubaneswar,PROD191,2,1999,3998,Returned,Cash on Delivery
ORD13647,CUST1696,31-05-2025,Bangalore,PROD129,2,349,698,Cancelled,PayPal
ORD13648,CUST4154,06-03-2023,Kolkata,PROD169,3,1899,5697,Returned,Credit Card
ORD13649,CUST2184,16-10-2023,Pune,PROD130,3,599,1797,Delivered,Cash on Delivery
ORD13650,CUST2169,28-05-2025,Kolkata,PROD103,1,2999,2999,Cancelled,Credit Card
ORD13651,CUST4348,31-05-2025,Mumbai,PROD144,1,58499,58499,Cancelled,PayPal
ORD13652,CUST1245,25-02-2025,Bangalore,PROD143,1,89999,89999,Delivered,Credit Card
ORD13653,CUST4595,03-12-2022,Bangalore,PROD159,1,4499,4499,Cancelled,Cash on Delivery
ORD13654,CUST1072,20-06-2025,Chennai,PROD200,1,2499,2499,Delivered,Credit Card
ORD13655,CUST5168,19-08-2025,Nagpur,PROD205,2,399,798,Cancelled,Cash on Delivery
ORD13656,CUST3921,03-06-2024,Ahmedabad,PROD144,1,58499,58499,Pending,Cash on Delivery
ORD13657,CUST3653,10-05-2025,Indore,PROD140,1,69999,69999,Cancelled,Credit Card
ORD13658,CUST4991,15-10-2022,Bangalore,PROD166,1,9499,9499,Pending,PayPal
ORD13659,CUST1110,21-01-2024,Bangalore,PROD217,3,999,2997,Pending,Cash on Delivery
ORD13660,CUST4863,28-08-2022,Chandigarh,PROD214,3,499,1497,Cancelled,PayPal
ORD13661,CUST1664,09-11-2023,Kolkata,PROD149,3,1499,4497,Cancelled,Cash on Delivery
ORD13662,CUST3960,02-01-2024,Patna,PROD210,1,2499,2499,Shipped,Cash on Delivery
ORD13663,CUST2013,24-08-2025,Kolkata,PROD127,3,899,2697,Delivered,PayPal
ORD13664,CUST4967,05-04-2025,Hyderabad,PROD136,3,499,1497,Delivered,PayPal
ORD13665,CUST3772,17-07-2023,Mumbai,PROD194,3,999,2997,Cancelled,PayPal
ORD13666,CUST4138,23-09-2022,Chandigarh,PROD168,3,1299,3897,Delivered,PayPal
ORD13667,CUST3225,16-03-2024,Hyderabad,PROD124,3,699,2097,Shipped,Credit Card
ORD13668,CUST2945,07-02-2024,Pune,PROD144,1,58499,58499,Delivered,Credit Card
ORD13669,CUST3896,12-12-2023,Chandigarh,PROD182,2,1899,3798,Delivered,PayPal
ORD13670,CUST2214,17-03-2023,Bangalore,PROD117,1,2299,2299,Cancelled,Credit Card
ORD13671,CUST4505,08-08-2023,Ahmedabad,PROD161,2,1499,2998,Cancelled,Credit Card
ORD13672,CUST3063,13-02-2025,Mumbai,PROD170,1,2499,2499,Cancelled,PayPal
ORD13673,CUST1001,22-11-2023,Pune,PROD172,1,3999,3999,Pending,Cash on Delivery
ORD13674,CUST4916,07-01-2025,Jaipur,PROD195,1,4499,4499,Shipped,PayPal
ORD13675,CUST2587,23-11-2022,Mumbai,PROD158,1,8995,8995,Returned,Cash on Delivery
ORD13676,CUST3316,30-07-2024,Chennai,PROD168,2,1299,2598,Returned,PayPal
ORD13677,CUST4545,11-08-2025,Pune,PROD198,1,6999,6999,Delivered,Cash on Delivery
ORD13678,CUST1315,10-10-2024,Hyderabad,PROD214,3,499,1497,Pending,PayPal
ORD13679,CUST2411,21-03-2024,Bangalore,PROD145,1,62990,62990,Cancelled,Cash on Delivery
ORD13680,CUST1025,16-06-2024,Delhi,PROD102,3,1799,5397,Delivered,Credit Card
ORD13681,CUST2139,10-03-2025,Mumbai,PROD102,3,1799,5397,Cancelled,Credit Card
ORD13682,CUST3776,20-05-2024,Mumbai,PROD175,3,1499,4497,Cancelled,PayPal
ORD13683,CUST2258,14-05-2024,Chennai,PROD146,1,34999,34999,Returned,Cash on Delivery
ORD13684,CUST3242,15-03-2025,Pune,PROD174,3,899,2697,Delivered,Cash on Delivery
ORD13685,CUST1068,23-12-2024,Delhi,PROD183,3,999,2997,Pending,PayPal
ORD13686,CUST1769,21-04-2025,Gurgaon,PROD137,3,599,1797,Delivered,PayPal
ORD13687,CUST3089,05-11-2023,Bhubaneswar,PROD162,1,3299,3299,Shipped,Cash on Delivery
ORD13688,CUST2925,03-09-2022,Lucknow,PROD152,1,39999,39999,Pending,Credit Card
ORD13689,CUST2489,08-06-2025,Kolkata,PROD129,3,349,1047,Returned,PayPal
ORD13690,CUST1552,17-05-2023,Mumbai,PROD208,2,899,1798,Shipped,PayPal
ORD13691,CUST4187,30-06-2023,Pune,PROD137,3,599,1797,Delivered,PayPal
ORD13692,CUST4729,18-06-2025,Pune,PROD142,1,59999,59999,Cancelled,PayPal
ORD13693,CUST1767,31-07-2025,Chennai,PROD206,2,699,1398,Cancelled,Cash on Delivery
ORD13694,CUST2223,27-07-2023,Bangalore,PROD215,2,1799,3598,Delivered,Credit Card
ORD13695,CUST1406,11-10-2024,Chennai,PROD175,2,1499,2998,Returned,PayPal
ORD13696,CUST2346,04-08-2023,Noida,PROD134,3,450,1350,Pending,Credit Card
ORD13697,CUST2754,04-11-2022,Nagpur,PROD219,2,799,1598,Returned,Cash on Delivery
ORD13698,CUST2370,22-12-2023,Chennai,PROD106,1,5999,5999,Returned,PayPal
ORD13699,CUST2872,21-04-2023,Kolkata,PROD163,1,4999,4999,Cancelled,PayPal
ORD13700,CUST1176,26-08-2022,Bhubaneswar,PROD109,1,2399,2399,Shipped,Cash on Delivery
ORD13701,CUST4446,13-01-2025,Pune,PROD200,1,2499,2499,Cancelled,Credit Card
ORD13702,CUST2323,19-09-2024,Pune,PROD159,1,4499,4499,Cancelled,Credit Card
ORD13703,CUST3045,01-08-2025,Hyderabad,PROD189,3,899,2697,Shipped,PayPal
ORD13704,CUST5025,31-05-2025,Chennai,PROD115,1,2499,2499,Pending,Credit Card
ORD13705,CUST2070,09-11-2022,Mumbai,PROD183,3,999,2997,Pending,Credit Card
ORD13706,CUST2106,31-10-2022,Bangalore,PROD109,1,2399,2399,Returned,Credit Card
ORD13707,CUST2556,31-07-2024,Pune,PROD160,1,5999,5999,Pending,Cash on Delivery
ORD13708,CUST1729,30-08-2023,Kolkata,PROD178,2,1299,2598,Delivered,PayPal
ORD13709,CUST2246,16-04-2023,Visakhapatnam,PROD214,3,499,1497,Delivered,Credit Card
ORD13710,CUST3860,20-09-2022,Nagpur,PROD105,1,2499,2499,Shipped,PayPal
ORD13711,CUST1524,19-11-2023,Bangalore,PROD119,3,1799,5397,Shipped,PayPal
ORD13712,CUST1029,03-12-2023,Delhi,PROD134,2,450,900,Delivered,Credit Card
ORD13713,CUST4688,25-05-2024,Delhi,PROD184,1,2999,2999,Returned,PayPal
ORD13714,CUST4619,04-11-2023,Chennai,PROD127,3,899,2697,Delivered,PayPal
ORD13715,CUST2200,28-01-2023,Lucknow,PROD201,2,799,1598,Cancelled,PayPal
ORD13716,CUST3034,01-04-2025,Hyderabad,PROD203,3,1999,5997,Delivered,PayPal
ORD13717,CUST4145,26-05-2025,Chennai,PROD152,1,39999,39999,Returned,Credit Card
ORD13718,CUST4519,09-07-2023,Lucknow,PROD126,2,299,598,Pending,Cash on Delivery
ORD13719,CUST2902,17-04-2025,Patna,PROD107,3,1299,3897,Shipped,Cash on Delivery
ORD13720,CUST3567,29-08-2024,Bangalore,PROD178,3,1299,3897,Delivered,PayPal
ORD13721,CUST1252,29-01-2023,Pune,PROD102,2,1799,3598,Shipped,PayPal
ORD13722,CUST1532,14-03-2025,Lucknow,PROD163,1,4999,4999,Pending,Credit Card
ORD13723,CUST3656,22-10-2024,Pune,PROD131,2,499,998,Pending,PayPal
ORD13724,CUST2085,22-05-2023,Bhubaneswar,PROD131,3,499,1497,Delivered,PayPal
ORD13725,CUST4133,27-05-2024,Nagpur,PROD121,2,499,998,Shipped,Credit Card
ORD13726,CUST4838,18-02-2024,Delhi,PROD169,2,1899,3798,Shipped,Cash on Delivery
ORD13727,CUST1156,12-11-2022,Mumbai,PROD116,1,3499,3499,Cancelled,Credit Card
ORD13728,CUST4541,30-12-2022,Kolkata,PROD131,3,499,1497,Returned,Credit Card
ORD13729,CUST3805,18-05-2023,Pune,PROD190,1,2499,2499,Pending,Cash on Delivery
ORD13730,CUST1319,17-07-2025,Delhi,PROD144,1,58499,58499,Delivered,Credit Card
ORD13731,CUST1792,04-02-2024,Kolkata,PROD191,2,1999,3998,Cancelled,Cash on Delivery
ORD13732,CUST4463,29-11-2022,Hyderabad,PROD114,3,1999,5997,Delivered,Cash on Delivery
ORD13733,CUST3792,29-08-2024,Delhi,PROD213,3,1999,5997,Cancelled,Cash on Delivery
ORD13734,CUST5303,20-03-2024,Mumbai,PROD152,1,39999,39999,Pending,Credit Card
ORD13735,CUST3560,30-07-2025,Bangalore,PROD195,1,4499,4499,Shipped,Credit Card
ORD13736,CUST3769,30-05-2024,Chennai,PROD212,1,5499,5499,Cancelled,Cash on Delivery
ORD13737,CUST4802,08-05-2025,Kochi,PROD147,1,29990,29990,Shipped,PayPal
ORD13738,CUST3535,23-08-2025,Jaipur,PROD130,2,599,1198,Cancelled,Cash on Delivery
ORD13739,CUST4291,26-05-2025,Pune,PROD145,1,62990,62990,Pending,Credit Card
ORD13740,CUST3737,13-12-2024,Mumbai,PROD169,2,1899,3798,Returned,PayPal
ORD13741,CUST1648,27-04-2023,Gurgaon,PROD172,1,3999,3999,Pending,Cash on Delivery
ORD13742,CUST4451,20-11-2022,Lucknow,PROD122,2,399,798,Delivered,Cash on Delivery
ORD13743,CUST3489,28-11-2024,Hyderabad,PROD149,2,1499,2998,Returned,Cash on Delivery
ORD13744,CUST5245,20-12-2024,Patna,PROD154,1,71990,71990,Shipped,Credit Card
ORD13745,CUST4444,06-01-2023,Kolkata,PROD199,3,1299,3897,Pending,Cash on Delivery
ORD13746,CUST2122,05-03-2023,Ahmedabad,PROD172,1,3999,3999,Shipped,Cash on Delivery
ORD13747,CUST2103,06-12-2024,Hyderabad,PROD208,3,899,2697,Delivered,PayPal
ORD13748,CUST5020,11-08-2024,Pune,PROD105,1,2499,2499,Pending,PayPal
ORD13749,CUST4417,01-03-2024,Chandigarh,PROD214,2,499,998,Cancelled,Credit Card
ORD13750,CUST2990,04-10-2023,Mumbai,PROD147,1,29990,29990,Shipped,PayPal
ORD13751,CUST2660,21-12-2024,Mumbai,PROD108,2,1499,2998,Shipped,Credit Card
ORD13752,CUST3012,06-11-2022,Delhi,PROD178,2,1299,2598,Delivered,Cash on Delivery
ORD13753,CUST3416,05-10-2024,Indore,PROD119,3,1799,5397,Shipped,Cash on Delivery
ORD13754,CUST3457,19-09-2023,Bangalore,PROD124,3,699,2097,Shipped,PayPal
ORD13755,CUST3734,19-11-2022,Noida,PROD124,2,699,1398,Returned,Credit Card
ORD13756,CUST4168,02-11-2023,Bangalore,PROD130,3,599,1797,Pending,Cash on Delivery
ORD13757,CUST5023,23-10-2024,Kolkata,PROD204,1,2299,2299,Pending,PayPal
ORD13758,CUST3115,25-09-2024,Kolkata,PROD147,1,29990,29990,Delivered,PayPal
ORD13759,CUST2454,03-10-2024,Kolkata,PROD211,3,1799,5397,Returned,Credit Card
ORD13760,CUST2538,18-10-2022,Pune,PROD133,2,299,598,Pending,Credit Card
ORD13761,CUST1183,10-07-2025,Surat,PROD100,1,2799,2799,Shipped,Credit Card
ORD13762,CUST1519,31-08-2022,Surat,PROD198,1,6999,6999,Delivered,Credit Card
ORD13763,CUST2697,14-05-2024,Pune,PROD120,2,599,1198,Pending,Credit Card
ORD13764,CUST2205,14-08-2023,Bangalore,PROD165,3,1799,5397,Returned,Credit Card
ORD13765,CUST1295,15-01-2025,Hyderabad,PROD149,2,1499,2998,Pending,PayPal
ORD13766,CUST4802,29-12-2023,Delhi,PROD137,2,599,1198,Cancelled,PayPal
ORD13767,CUST2527,26-08-2022,Kochi,PROD208,3,899,2697,Delivered,Cash on Delivery
ORD13768,CUST4353,13-02-2024,Kolkata,PROD101,1,6499,6499,Pending,Cash on Delivery
ORD13769,CUST4939,02-04-2024,Mumbai,PROD157,1,14999,14999,Cancelled,PayPal
ORD13770,CUST2808,30-09-2024,Kolkata,PROD182,2,1899,3798,Delivered,Credit Card
ORD13771,CUST4904,30-01-2024,Gurgaon,PROD133,3,299,897,Delivered,Cash on Delivery
ORD13772,CUST2646,26-09-2023,Pune,PROD101,1,6499,6499,Returned,Credit Card
ORD13773,CUST1833,05-07-2025,Mumbai,PROD148,1,6499,6499,Delivered,Credit Card
ORD13774,CUST2415,14-01-2023,Mumbai,PROD150,1,42999,42999,Pending,Credit Card
ORD13775,CUST2862,10-09-2024,Visakhapatnam,PROD163,1,4999,4999,Cancelled,Credit Card
ORD13776,CUST4296,05-09-2024,Bangalore,PROD202,3,1499,4497,Shipped,Cash on Delivery
ORD13777,CUST4181,31-03-2025,Pune,PROD188,2,499,998,Shipped,Cash on Delivery
ORD13778,CUST1776,16-11-2022,Ahmedabad,PROD118,1,2999,2999,Cancelled,PayPal
ORD13779,CUST2446,31-07-2025,Mumbai,PROD218,3,299,897,Pending,PayPal
ORD13780,CUST2654,10-11-2024,Lucknow,PROD121,3,499,1497,Cancelled,Cash on Delivery
ORD13781,CUST5204,27-09-2024,Patna,PROD197,1,5999,5999,Cancelled,Credit Card
ORD13782,CUST2935,04-08-2024,Pune,PROD123,3,449,1347,Returned,PayPal
ORD13783,CUST2221,20-08-2024,Hyderabad,PROD209,3,1799,5397,Returned,PayPal
ORD13784,CUST5224,14-04-2023,Delhi,PROD157,1,14999,14999,Delivered,PayPal
ORD13785,CUST1581,07-02-2024,Hyderabad,PROD170,1,2499,2499,Returned,PayPal
ORD13786,CUST4015,06-01-2023,Pune,PROD147,1,29990,29990,Cancelled,PayPal
ORD13787,CUST3529,14-06-2025,Chennai,PROD102,3,1799,5397,Delivered,Cash on Delivery
ORD13788,CUST4145,29-11-2022,Bangalore,PROD129,2,349,698,Cancelled,Credit Card
ORD13789,CUST4976,30-12-2023,Patna,PROD186,1,3499,3499,Pending,PayPal
ORD13790,CUST5121,05-11-2022,Hyderabad,PROD170,1,2499,2499,Pending,PayPal
ORD13791,CUST5003,29-11-2024,Kolkata,PROD165,2,1799,3598,Delivered,Cash on Delivery
ORD13792,CUST3996,20-07-2024,Pune,PROD129,3,349,1047,Cancelled,PayPal
ORD13793,CUST3547,27-10-2024,Chennai,PROD165,3,1799,5397,Returned,PayPal
ORD13794,CUST4106,26-03-2023,Bangalore,PROD103,1,2999,2999,Shipped,Cash on Delivery
ORD13795,CUST3040,03-08-2024,Kolkata,PROD144,1,58499,58499,Delivered,PayPal
ORD13796,CUST1396,27-07-2024,Bhubaneswar,PROD177,3,1599,4797,Pending,Cash on Delivery
ORD13797,CUST3541,11-09-2022,Chennai,PROD141,1,64999,64999,Delivered,Credit Card
ORD13798,CUST3951,16-11-2022,Pune,PROD125,3,549,1647,Shipped,Credit Card
ORD13799,CUST1392,18-08-2024,Chennai,PROD109,1,2399,2399,Returned,Credit Card
ORD13800,CUST2302,07-08-2023,Kolkata,PROD180,1,2499,2499,Cancelled,PayPal
ORD13801,CUST2490,30-10-2022,Mumbai,PROD170,1,2499,2499,Shipped,Credit Card
ORD13802,CUST2119,22-07-2024,Kolkata,PROD175,3,1499,4497,Pending,PayPal
ORD13803,CUST3261,09-05-2023,Bhubaneswar,PROD150,1,42999,42999,Cancelled,PayPal
ORD13804,CUST1208,29-01-2023,Ahmedabad,PROD125,3,549,1647,Shipped,Credit Card
ORD13805,CUST1085,06-01-2025,Delhi,PROD193,2,1499,2998,Pending,Cash on Delivery
ORD13806,CUST3383,25-08-2024,Pune,PROD164,2,1199,2398,Delivered,Cash on Delivery
ORD13807,CUST2981,23-06-2025,Chandigarh,PROD132,3,399,1197,Shipped,Cash on Delivery
ORD13808,CUST1502,14-10-2023,Kolkata,PROD139,2,499,998,Pending,PayPal
ORD13809,CUST1315,26-12-2022,Pune,PROD152,1,39999,39999,Returned,PayPal
ORD13810,CUST1317,23-07-2023,Chennai,PROD149,2,1499,2998,Returned,Cash on Delivery
ORD13811,CUST4304,05-11-2023,Indore,PROD135,3,350,1050,Returned,PayPal
ORD13812,CUST4224,05-09-2024,Kolkata,PROD118,1,2999,2999,Returned,Credit Card
ORD13813,CUST2993,16-07-2023,Ahmedabad,PROD164,2,1199,2398,Pending,Cash on Delivery
ORD13814,CUST2592,13-03-2023,Jaipur,PROD133,2,299,598,Pending,Cash on Delivery
ORD13815,CUST2484,08-01-2025,Chennai,PROD193,3,1499,4497,Delivered,Cash on Delivery
ORD13816,CUST1302,03-10-2024,Kolkata,PROD177,2,1599,3198,Pending,PayPal
ORD13817,CUST4917,22-08-2023,Surat,PROD156,1,29990,29990,Shipped,Cash on Delivery
ORD13818,CUST2740,28-08-2023,Chennai,PROD193,3,1499,4497,Shipped,Cash on Delivery
ORD13819,CUST2344,22-01-2024,Hyderabad,PROD218,2,299,598,Cancelled,Cash on Delivery
ORD13820,CUST3769,13-09-2024,Pune,PROD106,1,5999,5999,Cancelled,Credit Card
ORD13821,CUST1176,29-10-2023,Noida,PROD163,1,4999,4999,Pending,Cash on Delivery
ORD13822,CUST3146,19-08-2024,Kolkata,PROD144,1,58499,58499,Pending,Credit Card
ORD13823,CUST3647,24-08-2024,Jaipur,PROD133,3,299,897,Returned,Credit Card
ORD13824,CUST2350,28-01-2023,Delhi,PROD135,2,350,700,Shipped,Cash on Delivery
ORD13825,CUST2093,10-11-2024,Noida,PROD213,2,1999,3998,Returned,PayPal
ORD13826,CUST1963,19-05-2023,Bangalore,PROD127,3,899,2697,Cancelled,Cash on Delivery
ORD13827,CUST4959,23-07-2025,Delhi,PROD155,1,34999,34999,Delivered,PayPal
ORD13828,CUST3314,31-03-2023,Pune,PROD125,2,549,1098,Shipped,Credit Card
ORD13829,CUST3094,15-11-2022,Visakhapatnam,PROD173,2,1299,2598,Pending,PayPal
ORD13830,CUST3588,14-04-2023,Kochi,PROD136,3,499,1497,Returned,PayPal
ORD13831,CUST1138,19-12-2023,Hyderabad,PROD101,1,6499,6499,Pending,Cash on Delivery
ORD13832,CUST3199,03-09-2024,Mumbai,PROD182,3,1899,5697,Cancelled,PayPal
ORD13833,CUST3247,20-05-2024,Ahmedabad,PROD128,3,799,2397,Cancelled,Cash on Delivery
ORD13834,CUST2001,06-03-2023,Bhubaneswar,PROD172,1,3999,3999,Returned,PayPal
ORD13835,CUST2227,30-06-2025,Hyderabad,PROD130,2,599,1198,Delivered,PayPal
ORD13836,CUST3508,31-10-2024,Chennai,PROD149,2,1499,2998,Delivered,Credit Card
ORD13837,CUST2296,20-11-2022,Bangalore,PROD136,3,499,1497,Pending,Credit Card
ORD13838,CUST4774,13-12-2024,Kolkata,PROD209,3,1799,5397,Returned,PayPal
ORD13839,CUST1362,24-05-2023,Bhubaneswar,PROD189,3,899,2697,Cancelled,Cash on Delivery
ORD13840,CUST3597,27-04-2023,Mumbai,PROD183,3,999,2997,Shipped,Cash on Delivery
ORD13841,CUST1180,05-09-2024,Kolkata,PROD189,3,899,2697,Cancelled,Cash on Delivery
ORD13842,CUST4617,10-02-2025,Bangalore,PROD113,2,1499,2998,Returned,Cash on Delivery
ORD13843,CUST5227,14-10-2024,Jaipur,PROD201,3,799,2397,Pending,Cash on Delivery
ORD13844,CUST2851,01-04-2025,Mumbai,PROD105,1,2499,2499,Returned,Cash on Delivery
ORD13845,CUST2987,01-02-2024,Kolkata,PROD189,3,899,2697,Cancelled,PayPal
ORD13846,CUST3745,17-11-2024,Mumbai,PROD167,1,3499,3499,Pending,PayPal
ORD13847,CUST5157,17-08-2025,Chennai,PROD136,2,499,998,Returned,Cash on Delivery
ORD13848,CUST4563,06-05-2025,Gurgaon,PROD214,3,499,1497,Delivered,Cash on Delivery
ORD13849,CUST1931,10-06-2023,Pune,PROD205,2,399,798,Pending,Cash on Delivery
ORD13850,CUST4290,17-07-2023,Kolkata,PROD197,1,5999,5999,Delivered,Credit Card
ORD13851,CUST4011,31-12-2024,Noida,PROD141,1,64999,64999,Pending,PayPal
ORD13852,CUST4909,14-03-2024,Mumbai,PROD110,1,2999,2999,Delivered,Cash on Delivery
ORD13853,CUST4796,09-01-2023,Chandigarh,PROD116,1,3499,3499,Delivered,PayPal
ORD13854,CUST4594,24-04-2023,Mumbai,PROD116,1,3499,3499,Returned,Cash on Delivery
ORD13855,CUST2472,02-05-2024,Visakhapatnam,PROD208,2,899,1798,Delivered,Credit Card
ORD13856,CUST1475,01-08-2024,Jaipur,PROD203,3,1999,5997,Shipped,PayPal
ORD13857,CUST2652,25-01-2023,Hyderabad,PROD161,3,1499,4497,Shipped,Cash on Delivery
ORD13858,CUST4926,19-11-2023,Nagpur,PROD155,1,34999,34999,Shipped,PayPal
ORD13859,CUST2509,08-08-2023,Mumbai,PROD147,1,29990,29990,Returned,PayPal
ORD13860,CUST5304,24-10-2023,Kochi,PROD160,1,5999,5999,Shipped,Cash on Delivery
ORD13861,CUST2775,22-02-2023,Jaipur,PROD152,1,39999,39999,Pending,Cash on Delivery
ORD13862,CUST4359,26-02-2023,Bangalore,PROD133,3,299,897,Pending,Cash on Delivery
ORD13863,CUST3870,08-03-2023,Lucknow,PROD146,1,34999,34999,Pending,Credit Card
ORD13864,CUST4956,03-11-2023,Pune,PROD125,2,549,1098,Delivered,Cash on Delivery
ORD13865,CUST3583,19-07-2024,Delhi,PROD115,1,2499,2499,Cancelled,Cash on Delivery
ORD13866,CUST1987,13-07-2023,Bhubaneswar,PROD103,1,2999,2999,Returned,PayPal
ORD13867,CUST2024,14-11-2024,Chandigarh,PROD120,3,599,1797,Shipped,Cash on Delivery
ORD13868,CUST1427,22-11-2024,Pune,PROD101,1,6499,6499,Shipped,Cash on Delivery
ORD13869,CUST1793,03-12-2023,Pune,PROD108,3,1499,4497,Returned,PayPal
ORD13870,CUST5003,12-05-2023,Bangalore,PROD194,2,999,1998,Returned,PayPal
ORD13871,CUST2137,30-09-2024,Chennai,PROD137,2,599,1198,Pending,PayPal
ORD13872,CUST3959,05-12-2022,Pune,PROD172,1,3999,3999,Pending,Cash on Delivery
ORD13873,CUST3694,22-08-2023,Mumbai,PROD174,3,899,2697,Pending,Cash on Delivery
ORD13874,CUST3396,16-08-2025,Hyderabad,PROD186,1,3499,3499,Returned,Cash on Delivery
ORD13875,CUST1173,08-01-2025,Hyderabad,PROD131,2,499,998,Returned,PayPal
ORD13876,CUST3881,04-04-2024,Chandigarh,PROD146,1,34999,34999,Shipped,PayPal
ORD13877,CUST3546,19-05-2023,Jaipur,PROD180,1,2499,2499,Shipped,Credit Card
ORD13878,CUST1146,09-06-2024,Hyderabad,PROD198,1,6999,6999,Delivered,Cash on Delivery
ORD13879,CUST5236,25-02-2025,Hyderabad,PROD216,1,2299,2299,Delivered,Cash on Delivery
ORD13880,CUST3818,14-04-2025,Visakhapatnam,PROD113,3,1499,4497,Cancelled,Cash on Delivery
ORD13881,CUST3310,14-12-2022,Ahmedabad,PROD145,1,62990,62990,Cancelled,Credit Card
ORD13882,CUST5242,29-08-2023,Bhubaneswar,PROD152,1,39999,39999,Delivered,Cash on Delivery
ORD13883,CUST3817,17-09-2022,Bangalore,PROD137,2,599,1198,Shipped,Cash on Delivery
ORD13884,CUST1938,01-09-2022,Gurgaon,PROD170,1,2499,2499,Cancelled,Cash on Delivery
ORD13885,CUST3816,04-01-2025,Nagpur,PROD174,3,899,2697,Delivered,PayPal
ORD13886,CUST4244,09-12-2024,Pune,PROD147,1,29990,29990,Shipped,Cash on Delivery
ORD13887,CUST3623,05-10-2024,Bangalore,PROD117,1,2299,2299,Pending,Cash on Delivery
ORD13888,CUST4111,12-03-2023,Pune,PROD193,2,1499,2998,Delivered,Cash on Delivery
ORD13889,CUST3764,03-03-2023,Lucknow,PROD182,2,1899,3798,Shipped,Cash on Delivery
ORD13890,CUST3258,18-10-2024,Noida,PROD171,1,6999,6999,Returned,PayPal
ORD13891,CUST4640,29-01-2024,Chennai,PROD180,1,2499,2499,Delivered,Credit Card
ORD13892,CUST2684,23-12-2023,Chandigarh,PROD198,1,6999,6999,Shipped,Credit Card
ORD13893,CUST5012,27-06-2023,Patna,PROD171,1,6999,6999,Returned,Credit Card
ORD13894,CUST3221,27-12-2022,Chennai,PROD161,2,1499,2998,Pending,Credit Card
ORD13895,CUST1513,07-05-2025,Bangalore,PROD169,3,1899,5697,Delivered,Cash on Delivery
ORD13896,CUST4395,13-05-2024,Kolkata,PROD146,1,34999,34999,Pending,Credit Card
ORD13897,CUST1538,31-08-2023,Chennai,PROD206,3,699,2097,Delivered,Credit Card
ORD13898,CUST2592,08-08-2025,Bangalore,PROD124,3,699,2097,Returned,Credit Card
ORD13899,CUST5174,31-01-2025,Kolkata,PROD144,1,58499,58499,Delivered,Credit Card
ORD13900,CUST4781,25-05-2024,Pune,PROD145,1,62990,62990,Pending,PayPal
ORD13901,CUST4141,27-01-2024,Chandigarh,PROD109,1,2399,2399,Cancelled,Cash on Delivery
ORD13902,CUST5163,07-01-2025,Bangalore,PROD201,2,799,1598,Delivered,Credit Card
ORD13903,CUST3700,13-04-2024,Hyderabad,PROD104,1,4499,4499,Shipped,Credit Card
ORD13904,CUST3769,10-09-2024,Bangalore,PROD125,2,549,1098,Pending,Cash on Delivery
ORD13905,CUST3222,15-06-2025,Delhi,PROD105,1,2499,2499,Shipped,PayPal
ORD13906,CUST1629,28-11-2024,Indore,PROD169,2,1899,3798,Returned,PayPal
ORD13907,CUST2639,11-02-2023,Delhi,PROD163,1,4999,4999,Pending,Cash on Delivery
ORD13908,CUST3276,22-07-2025,Delhi,PROD159,1,4499,4499,Pending,Credit Card
ORD13909,CUST1436,05-02-2024,Kolkata,PROD141,1,64999,64999,Delivered,PayPal
ORD13910,CUST1842,11-12-2023,Bangalore,PROD157,1,14999,14999,Pending,PayPal
ORD13911,CUST2661,28-05-2024,Kolkata,PROD164,2,1199,2398,Pending,PayPal
ORD13912,CUST3560,10-04-2024,Chennai,PROD112,2,1699,3398,Pending,Credit Card
ORD13913,CUST1518,04-06-2025,Chennai,PROD113,2,1499,2998,Returned,Cash on Delivery
ORD13914,CUST1221,10-06-2025,Indore,PROD133,3,299,897,Pending,Credit Card
ORD13915,CUST1238,04-07-2025,Bangalore,PROD124,3,699,2097,Delivered,Credit Card
ORD13916,CUST1405,20-09-2023,Patna,PROD102,2,1799,3598,Delivered,Credit Card
ORD13917,CUST1980,07-03-2024,Delhi,PROD149,3,1499,4497,Returned,Credit Card
ORD13918,CUST3794,04-10-2024,Kochi,PROD178,3,1299,3897,Cancelled,Credit Card
ORD13919,CUST2765,21-01-2024,Bhubaneswar,PROD210,1,2499,2499,Pending,Cash on Delivery
ORD13920,CUST3625,25-02-2023,Pune,PROD214,2,499,998,Returned,Credit Card
ORD13921,CUST5037,13-01-2024,Pune,PROD132,3,399,1197,Pending,Cash on Delivery
ORD13922,CUST2153,14-11-2023,Pune,PROD148,1,6499,6499,Returned,PayPal
ORD13923,CUST2599,27-10-2024,Surat,PROD174,3,899,2697,Cancelled,PayPal
ORD13924,CUST2424,04-02-2023,Mumbai,PROD154,1,71990,71990,Delivered,Credit Card
ORD13925,CUST2990,16-09-2023,Hyderabad,PROD145,1,62990,62990,Delivered,PayPal
ORD13926,CUST3462,14-10-2022,Pune,PROD121,2,499,998,Returned,Credit Card
ORD13927,CUST2590,26-02-2023,Delhi,PROD189,3,899,2697,Delivered,PayPal
ORD13928,CUST3996,23-01-2023,Surat,PROD130,3,599,1797,Pending,PayPal
ORD13929,CUST4887,26-10-2023,Mumbai,PROD162,1,3299,3299,Shipped,Credit Card
ORD13930,CUST3247,24-11-2023,Hyderabad,PROD217,3,999,2997,Returned,PayPal
ORD13931,CUST3339,07-06-2025,Jaipur,PROD189,3,899,2697,Cancelled,Credit Card
ORD13932,CUST2186,17-02-2023,Hyderabad,PROD104,1,4499,4499,Pending,PayPal
ORD13933,CUST4073,17-04-2025,Bangalore,PROD166,1,9499,9499,Delivered,PayPal
ORD13934,CUST4710,03-11-2023,Kolkata,PROD180,1,2499,2499,Cancelled,PayPal
ORD13935,CUST1552,19-05-2023,Nagpur,PROD127,3,899,2697,Cancelled,Cash on Delivery
ORD13936,CUST2117,24-08-2024,Nagpur,PROD105,1,2499,2499,Shipped,Credit Card
ORD13937,CUST2482,18-01-2025,Noida,PROD159,1,4499,4499,Delivered,PayPal
ORD13938,CUST4052,08-02-2023,Patna,PROD182,3,1899,5697,Delivered,Credit Card
ORD13939,CUST3168,17-07-2023,Visakhapatnam,PROD113,2,1499,2998,Shipped,Cash on Delivery
ORD13940,CUST1785,03-01-2024,Patna,PROD128,2,799,1598,Returned,PayPal
ORD13941,CUST4867,27-11-2023,Chennai,PROD202,2,1499,2998,Cancelled,PayPal
ORD13942,CUST5268,12-09-2024,Surat,PROD169,2,1899,3798,Shipped,Cash on Delivery
ORD13943,CUST1537,10-10-2023,Kolkata,PROD169,3,1899,5697,Returned,Cash on Delivery
ORD13944,CUST1411,01-06-2023,Ahmedabad,PROD216,1,2299,2299,Returned,Cash on Delivery
ORD13945,CUST1439,27-11-2023,Bhubaneswar,PROD196,2,899,1798,Shipped,Cash on Delivery
ORD13946,CUST3467,03-01-2023,Ahmedabad,PROD191,3,1999,5997,Pending,PayPal
ORD13947,CUST3209,21-03-2025,Pune,PROD154,1,71990,71990,Shipped,Cash on Delivery
ORD13948,CUST2698,30-05-2025,Mumbai,PROD200,1,2499,2499,Shipped,Credit Card
ORD13949,CUST2657,12-01-2024,Kolkata,PROD137,2,599,1198,Cancelled,Credit Card
ORD13950,CUST1003,08-09-2023,Kochi,PROD139,3,499,1497,Delivered,Cash on Delivery
ORD13951,CUST2266,06-03-2023,Ahmedabad,PROD106,1,5999,5999,Returned,Credit Card
ORD13952,CUST4024,15-12-2024,Indore,PROD184,1,2999,2999,Pending,PayPal
ORD13953,CUST4432,17-12-2022,Kolkata,PROD144,1,58499,58499,Shipped,Credit Card
ORD13954,CUST4026,11-11-2022,Pune,PROD130,3,599,1797,Returned,Cash on Delivery
ORD13955,CUST2233,06-07-2023,Pune,PROD191,2,1999,3998,Cancelled,Cash on Delivery
ORD13956,CUST2847,02-03-2023,Bangalore,PROD196,3,899,2697,Delivered,PayPal
ORD13957,CUST4283,26-03-2024,Bangalore,PROD132,2,399,798,Shipped,PayPal
ORD13958,CUST2737,26-11-2024,Delhi,PROD181,2,1299,2598,Shipped,Credit Card
ORD13959,CUST2446,17-07-2025,Mumbai,PROD113,2,1499,2998,Delivered,Cash on Delivery
ORD13960,CUST3517,23-01-2024,Mumbai,PROD215,3,1799,5397,Shipped,Cash on Delivery
ORD13961,CUST2334,16-08-2025,Kochi,PROD194,2,999,1998,Shipped,Credit Card
ORD13962,CUST3275,06-10-2024,Chennai,PROD149,3,1499,4497,Delivered,Credit Card
ORD13963,CUST4805,21-08-2024,Chennai,PROD184,1,2999,2999,Delivered,Cash on Delivery
ORD13964,CUST3900,09-10-2024,Ahmedabad,PROD177,2,1599,3198,Delivered,Credit Card
ORD13965,CUST4334,26-03-2024,Bangalore,PROD159,1,4499,4499,Shipped,Cash on Delivery
ORD13966,CUST4129,09-02-2023,Bangalore,PROD118,1,2999,2999,Cancelled,Cash on Delivery
ORD13967,CUST3761,13-10-2023,Chandigarh,PROD126,2,299,598,Shipped,Credit Card
ORD13968,CUST4365,01-09-2023,Ahmedabad,PROD145,1,62990,62990,Delivered,PayPal
ORD13969,CUST3625,25-09-2023,Delhi,PROD194,2,999,1998,Pending,Credit Card
ORD13970,CUST2384,06-09-2024,Hyderabad,PROD148,1,6499,6499,Cancelled,Credit Card
ORD13971,CUST2494,01-06-2025,Kochi,PROD107,3,1299,3897,Cancelled,PayPal
ORD13972,CUST4397,14-12-2024,Noida,PROD142,1,59999,59999,Pending,Cash on Delivery
ORD13973,CUST1131,05-01-2024,Visakhapatnam,PROD199,3,1299,3897,Pending,Credit Card
ORD13974,CUST4348,24-12-2023,Patna,PROD120,3,599,1797,Returned,Cash on Delivery
ORD13975,CUST4441,01-04-2023,Hyderabad,PROD165,3,1799,5397,Pending,Cash on Delivery
ORD13976,CUST3826,06-08-2024,Surat,PROD213,2,1999,3998,Cancelled,Cash on Delivery
ORD13977,CUST1260,26-07-2024,Hyderabad,PROD212,1,5499,5499,Returned,Credit Card
ORD13978,CUST3034,28-01-2025,Pune,PROD103,1,2999,2999,Shipped,PayPal
ORD13979,CUST1848,07-08-2025,Chennai,PROD207,3,1299,3897,Cancelled,Cash on Delivery
ORD13980,CUST3574,15-08-2024,Kolkata,PROD175,3,1499,4497,Shipped,Cash on Delivery
ORD13981,CUST3947,20-12-2024,Gurgaon,PROD162,1,3299,3299,Returned,Credit Card
ORD13982,CUST2468,22-11-2022,Kolkata,PROD114,3,1999,5997,Pending,PayPal
ORD13983,CUST3601,15-09-2023,Patna,PROD115,1,2499,2499,Pending,PayPal
ORD13984,CUST1356,13-01-2023,Bangalore,PROD127,3,899,2697,Returned,PayPal
ORD13985,CUST3245,10-09-2022,Kolkata,PROD103,1,2999,2999,Shipped,Credit Card
ORD13986,CUST2203,13-08-2023,Bangalore,PROD121,3,499,1497,Cancelled,Cash on Delivery
ORD13987,CUST3769,12-10-2024,Hyderabad,PROD181,2,1299,2598,Shipped,PayPal
ORD13988,CUST3276,01-04-2025,Chennai,PROD163,1,4999,4999,Returned,Credit Card
ORD13989,CUST1041,20-10-2022,Mumbai,PROD180,1,2499,2499,Pending,Credit Card
ORD13990,CUST1797,01-12-2022,Ahmedabad,PROD145,1,62990,62990,Returned,Cash on Delivery
ORD13991,CUST4346,02-05-2023,Hyderabad,PROD186,1,3499,3499,Shipped,Credit Card
ORD13992,CUST4398,25-01-2025,Pune,PROD120,3,599,1797,Shipped,Credit Card
ORD13993,CUST3972,04-02-2024,Hyderabad,PROD172,1,3999,3999,Returned,PayPal
ORD13994,CUST4680,17-10-2024,Chennai,PROD129,3,349,1047,Delivered,Cash on Delivery
ORD13995,CUST1512,17-03-2023,Hyderabad,PROD176,1,3499,3499,Cancelled,Cash on Delivery
ORD13996,CUST2062,20-01-2025,Chennai,PROD114,2,1999,3998,Pending,Cash on Delivery
ORD13997,CUST3867,08-03-2025,Delhi,PROD190,1,2499,2499,Returned,Cash on Delivery
ORD13998,CUST1784,12-11-2022,Chennai,PROD171,1,6999,6999,Returned,PayPal
ORD13999,CUST3062,05-01-2024,Delhi,PROD209,2,1799,3598,Cancelled,Credit Card
ORD14000,CUST2750,25-11-2023,Mumbai,PROD110,1,2999,2999,Returned,Cash on Delivery
ORD14001,CUST1057,27-07-2024,Hyderabad,PROD214,3,499,1497,Shipped,Credit Card
ORD14002,CUST2337,20-09-2022,Chennai,PROD185,3,1499,4497,Cancelled,PayPal
ORD14003,CUST4699,28-05-2024,Jaipur,PROD181,2,1299,2598,Returned,PayPal
ORD14004,CUST3744,30-03-2025,Delhi,PROD116,1,3499,3499,Cancelled,Credit Card
ORD14005,CUST2169,01-10-2023,Gurgaon,PROD170,1,2499,2499,Returned,PayPal
ORD14006,CUST4671,24-01-2025,Hyderabad,PROD210,1,2499,2499,Delivered,Cash on Delivery
ORD14007,CUST1227,20-09-2023,Ahmedabad,PROD126,2,299,598,Returned,PayPal
ORD14008,CUST1002,24-08-2025,Lucknow,PROD161,3,1499,4497,Delivered,Cash on Delivery
ORD14009,CUST3887,30-08-2024,Mumbai,PROD213,2,1999,3998,Cancelled,Credit Card
ORD14010,CUST4432,19-03-2025,Gurgaon,PROD157,1,14999,14999,Shipped,PayPal
ORD14011,CUST4142,19-09-2022,Lucknow,PROD198,1,6999,6999,Delivered,PayPal
ORD14012,CUST3856,04-04-2025,Mumbai,PROD166,1,9499,9499,Shipped,PayPal
ORD14013,CUST4059,06-01-2025,Bangalore,PROD195,1,4499,4499,Returned,Credit Card
ORD14014,CUST3333,17-07-2024,Chennai,PROD120,2,599,1198,Delivered,PayPal
ORD14015,CUST4495,28-11-2023,Mumbai,PROD172,1,3999,3999,Pending,Cash on Delivery
ORD14016,CUST4942,10-08-2024,Mumbai,PROD152,1,39999,39999,Delivered,Credit Card
ORD14017,CUST4096,06-01-2024,Jaipur,PROD121,2,499,998,Delivered,PayPal
ORD14018,CUST2326,29-09-2024,Hyderabad,PROD216,1,2299,2299,Pending,Credit Card
ORD14019,CUST1003,28-07-2024,Surat,PROD140,1,69999,69999,Cancelled,Credit Card
ORD14020,CUST3147,07-04-2025,Bangalore,PROD134,2,450,900,Pending,Credit Card
ORD14021,CUST1591,23-01-2023,Pune,PROD135,3,350,1050,Cancelled,Credit Card
ORD14022,CUST3112,16-09-2023,Mumbai,PROD180,1,2499,2499,Pending,Credit Card
ORD14023,CUST1455,02-01-2025,Gurgaon,PROD162,1,3299,3299,Shipped,PayPal
ORD14024,CUST3324,24-01-2024,Jaipur,PROD152,1,39999,39999,Pending,PayPal
ORD14025,CUST4510,07-01-2023,Chandigarh,PROD129,3,349,1047,Cancelled,PayPal
ORD14026,CUST3746,24-06-2025,Chennai,PROD199,2,1299,2598,Cancelled,Cash on Delivery
ORD14027,CUST2805,05-09-2024,Kolkata,PROD185,3,1499,4497,Delivered,Cash on Delivery
ORD14028,CUST2710,21-12-2024,Nagpur,PROD165,2,1799,3598,Cancelled,PayPal
ORD14029,CUST1176,13-01-2024,Pune,PROD106,1,5999,5999,Cancelled,Credit Card
ORD14030,CUST4406,03-07-2024,Gurgaon,PROD170,1,2499,2499,Delivered,Credit Card
ORD14031,CUST1084,09-06-2024,Ahmedabad,PROD148,1,6499,6499,Returned,Credit Card
ORD14032,CUST3803,14-09-2024,Nagpur,PROD124,2,699,1398,Returned,PayPal
ORD14033,CUST1549,21-06-2023,Visakhapatnam,PROD193,2,1499,2998,Delivered,PayPal
ORD14034,CUST4527,04-12-2022,Bhubaneswar,PROD158,1,8995,8995,Returned,Cash on Delivery
ORD14035,CUST3258,28-11-2022,Delhi,PROD215,3,1799,5397,Pending,PayPal
ORD14036,CUST4852,02-04-2023,Gurgaon,PROD214,3,499,1497,Cancelled,PayPal
ORD14037,CUST2857,08-03-2024,Chennai,PROD174,2,899,1798,Delivered,Cash on Delivery
ORD14038,CUST1106,30-12-2024,Mumbai,PROD132,3,399,1197,Shipped,Credit Card
ORD14039,CUST1159,13-10-2023,Mumbai,PROD131,2,499,998,Cancelled,Cash on Delivery
ORD14040,CUST1009,05-09-2024,Kolkata,PROD191,3,1999,5997,Shipped,Cash on Delivery
ORD14041,CUST3915,19-11-2022,Chennai,PROD146,1,34999,34999,Returned,PayPal
ORD14042,CUST2157,17-08-2023,Bangalore,PROD149,3,1499,4497,Delivered,Credit Card
ORD14043,CUST3926,05-07-2025,Lucknow,PROD182,3,1899,5697,Cancelled,Cash on Delivery
ORD14044,CUST1982,15-05-2024,Pune,PROD156,1,29990,29990,Cancelled,Credit Card
ORD14045,CUST3685,23-10-2022,Chennai,PROD158,1,8995,8995,Shipped,Cash on Delivery
ORD14046,CUST4136,22-01-2025,Kolkata,PROD135,2,350,700,Shipped,PayPal
ORD14047,CUST4033,05-08-2025,Mumbai,PROD134,3,450,1350,Pending,Credit Card
ORD14048,CUST2929,24-10-2023,Bangalore,PROD118,1,2999,2999,Returned,PayPal
ORD14049,CUST1088,17-09-2024,Nagpur,PROD116,1,3499,3499,Delivered,Credit Card
ORD14050,CUST2129,11-08-2024,Surat,PROD101,1,6499,6499,Delivered,PayPal
ORD14051,CUST5288,28-10-2024,Delhi,PROD136,3,499,1497,Cancelled,Credit Card
ORD14052,CUST4579,31-03-2024,Pune,PROD131,3,499,1497,Returned,Credit Card
ORD14053,CUST2864,28-09-2024,Kolkata,PROD180,1,2499,2499,Shipped,Cash on Delivery
ORD14054,CUST4481,09-11-2024,Delhi,PROD115,1,2499,2499,Shipped,Credit Card
ORD14055,CUST4372,04-09-2024,Gurgaon,PROD208,3,899,2697,Pending,PayPal
ORD14056,CUST3509,07-11-2022,Hyderabad,PROD147,1,29990,29990,Shipped,Cash on Delivery
ORD14057,CUST2825,03-05-2025,Hyderabad,PROD131,2,499,998,Cancelled,Credit Card
ORD14058,CUST4780,17-09-2023,Bangalore,PROD182,2,1899,3798,Cancelled,Credit Card
ORD14059,CUST4365,01-06-2025,Kolkata,PROD137,2,599,1198,Pending,PayPal
ORD14060,CUST1469,05-02-2024,Visakhapatnam,PROD106,1,5999,5999,Cancelled,Cash on Delivery
ORD14061,CUST4446,26-10-2023,Mumbai,PROD105,1,2499,2499,Pending,Credit Card
ORD14062,CUST4624,05-01-2023,Patna,PROD218,3,299,897,Pending,PayPal
ORD14063,CUST4952,17-07-2023,Delhi,PROD149,3,1499,4497,Delivered,PayPal
ORD14064,CUST3223,13-02-2023,Hyderabad,PROD194,3,999,2997,Pending,PayPal
ORD14065,CUST4479,24-02-2023,Hyderabad,PROD201,2,799,1598,Delivered,PayPal
ORD14066,CUST2336,01-04-2024,Mumbai,PROD152,1,39999,39999,Delivered,PayPal
ORD14067,CUST4010,21-01-2024,Kolkata,PROD175,3,1499,4497,Shipped,PayPal
ORD14068,CUST4263,06-04-2023,Noida,PROD127,2,899,1798,Returned,Credit Card
ORD14069,CUST2124,26-01-2024,Chennai,PROD166,1,9499,9499,Shipped,Cash on Delivery
ORD14070,CUST2245,06-01-2023,Bangalore,PROD198,1,6999,6999,Shipped,Credit Card
ORD14071,CUST4275,10-03-2023,Mumbai,PROD159,1,4499,4499,Pending,PayPal
ORD14072,CUST3510,09-09-2022,Ahmedabad,PROD157,1,14999,14999,Shipped,PayPal
ORD14073,CUST4664,31-12-2023,Gurgaon,PROD119,3,1799,5397,Delivered,Cash on Delivery
ORD14074,CUST4475,26-09-2024,Noida,PROD124,2,699,1398,Pending,PayPal
ORD14075,CUST4149,24-09-2022,Delhi,PROD147,1,29990,29990,Cancelled,PayPal
ORD14076,CUST1406,02-01-2024,Bangalore,PROD129,3,349,1047,Delivered,Cash on Delivery
ORD14077,CUST4260,14-06-2025,Lucknow,PROD217,2,999,1998,Shipped,Cash on Delivery
ORD14078,CUST5209,19-03-2025,Chennai,PROD185,3,1499,4497,Shipped,Cash on Delivery
ORD14079,CUST2784,30-12-2024,Bangalore,PROD190,1,2499,2499,Pending,Credit Card
ORD14080,CUST5114,22-11-2022,Pune,PROD215,3,1799,5397,Shipped,PayPal
ORD14081,CUST4729,20-10-2022,Delhi,PROD141,1,64999,64999,Pending,Cash on Delivery
ORD14082,CUST4204,05-12-2024,Pune,PROD123,2,449,898,Shipped,PayPal
ORD14083,CUST5288,03-04-2025,Noida,PROD199,2,1299,2598,Shipped,PayPal
ORD14084,CUST1570,27-01-2025,Delhi,PROD136,2,499,998,Returned,Cash on Delivery
ORD14085,CUST2322,24-03-2023,Kolkata,PROD186,1,3499,3499,Shipped,Credit Card
ORD14086,CUST5254,04-12-2022,Chennai,PROD156,1,29990,29990,Shipped,Credit Card
ORD14087,CUST2246,05-11-2024,Ahmedabad,PROD170,1,2499,2499,Cancelled,Cash on Delivery
ORD14088,CUST3064,28-12-2024,Jaipur,PROD209,3,1799,5397,Returned,Cash on Delivery
ORD14089,CUST2495,13-03-2024,Hyderabad,PROD157,1,14999,14999,Delivered,Credit Card
ORD14090,CUST1264,09-12-2024,Chennai,PROD203,3,1999,5997,Delivered,PayPal
ORD14091,CUST3681,27-05-2023,Delhi,PROD151,1,49999,49999,Cancelled,Credit Card
ORD14092,CUST3734,28-06-2025,Pune,PROD204,1,2299,2299,Delivered,PayPal
ORD14093,CUST4049,14-08-2024,Delhi,PROD197,1,5999,5999,Shipped,Cash on Delivery
ORD14094,CUST4111,05-04-2024,Bangalore,PROD140,1,69999,69999,Returned,Cash on Delivery
ORD14095,CUST2646,28-05-2023,Delhi,PROD190,1,2499,2499,Shipped,Cash on Delivery
ORD14096,CUST4207,07-05-2025,Pune,PROD194,2,999,1998,Returned,PayPal
ORD14097,CUST4263,25-07-2024,Hyderabad,PROD191,3,1999,5997,Cancelled,Cash on Delivery
ORD14098,CUST3955,02-03-2024,Kolkata,PROD136,3,499,1497,Cancelled,Cash on Delivery
ORD14099,CUST2369,24-02-2024,Delhi,PROD144,1,58499,58499,Cancelled,Credit Card
ORD14100,CUST4973,08-10-2023,Delhi,PROD160,1,5999,5999,Delivered,PayPal
ORD14101,CUST4988,30-05-2024,Mumbai,PROD206,2,699,1398,Shipped,Credit Card
ORD14102,CUST3752,05-08-2025,Visakhapatnam,PROD115,1,2499,2499,Pending,Credit Card
ORD14103,CUST4422,28-02-2025,Kolkata,PROD116,1,3499,3499,Pending,Credit Card
ORD14104,CUST3106,05-07-2023,Chennai,PROD133,2,299,598,Shipped,PayPal
ORD14105,CUST2013,29-12-2023,Bhubaneswar,PROD108,3,1499,4497,Cancelled,Credit Card
ORD14106,CUST4074,28-11-2023,Hyderabad,PROD180,1,2499,2499,Pending,Cash on Delivery
ORD14107,CUST3213,04-04-2023,Bangalore,PROD218,3,299,897,Pending,Cash on Delivery
ORD14108,CUST5239,12-10-2022,Surat,PROD112,2,1699,3398,Shipped,Credit Card
ORD14109,CUST2446,12-09-2024,Kolkata,PROD189,2,899,1798,Returned,PayPal
ORD14110,CUST4701,08-11-2024,Bangalore,PROD144,1,58499,58499,Returned,Credit Card
ORD14111,CUST5221,17-10-2023,Chennai,PROD128,2,799,1598,Pending,Cash on Delivery
ORD14112,CUST2190,31-07-2023,Bhubaneswar,PROD170,1,2499,2499,Shipped,Cash on Delivery
ORD14113,CUST2697,25-02-2025,Delhi,PROD124,2,699,1398,Shipped,Credit Card
ORD14114,CUST3105,19-08-2025,Hyderabad,PROD182,2,1899,3798,Cancelled,Cash on Delivery
ORD14115,CUST1055,27-09-2023,Visakhapatnam,PROD124,2,699,1398,Pending,PayPal
ORD14116,CUST2179,18-03-2025,Visakhapatnam,PROD189,3,899,2697,Returned,Cash on Delivery
ORD14117,CUST2674,02-01-2023,Mumbai,PROD216,1,2299,2299,Delivered,PayPal
ORD14118,CUST2799,10-06-2025,Bangalore,PROD193,3,1499,4497,Cancelled,Cash on Delivery
ORD14119,CUST3610,23-05-2025,Chennai,PROD195,1,4499,4499,Delivered,Credit Card
ORD14120,CUST1710,11-02-2025,Noida,PROD175,3,1499,4497,Cancelled,PayPal
ORD14121,CUST2446,05-11-2022,Chennai,PROD133,2,299,598,Pending,PayPal
ORD14122,CUST2738,06-05-2024,Jaipur,PROD138,2,799,1598,Cancelled,Cash on Delivery
ORD14123,CUST3769,27-05-2025,Indore,PROD192,1,4999,4999,Pending,Credit Card
ORD14124,CUST4134,11-08-2024,Mumbai,PROD111,3,1899,5697,Delivered,Credit Card
ORD14125,CUST5142,19-01-2023,Pune,PROD162,1,3299,3299,Cancelled,Credit Card
ORD14126,CUST1105,28-07-2023,Jaipur,PROD213,2,1999,3998,Pending,PayPal
ORD14127,CUST2497,02-06-2024,Hyderabad,PROD180,1,2499,2499,Returned,PayPal
ORD14128,CUST2702,29-09-2023,Delhi,PROD100,1,2799,2799,Pending,Cash on Delivery
ORD14129,CUST1880,11-04-2024,Delhi,PROD212,1,5499,5499,Returned,PayPal
ORD14130,CUST3211,27-05-2023,Bangalore,PROD188,3,499,1497,Delivered,Cash on Delivery
ORD14131,CUST1486,07-06-2023,Bangalore,PROD184,1,2999,2999,Delivered,Credit Card
ORD14132,CUST5262,20-06-2023,Delhi,PROD137,2,599,1198,Cancelled,Cash on Delivery
ORD14133,CUST1396,24-06-2025,Noida,PROD168,3,1299,3897,Pending,PayPal
ORD14134,CUST1009,16-11-2023,Nagpur,PROD151,1,49999,49999,Delivered,Cash on Delivery
ORD14135,CUST3105,13-03-2025,Mumbai,PROD202,2,1499,2998,Returned,PayPal
ORD14136,CUST3055,18-10-2022,Mumbai,PROD148,1,6499,6499,Pending,Cash on Delivery
ORD14137,CUST3285,18-12-2023,Hyderabad,PROD207,2,1299,2598,Cancelled,PayPal
ORD14138,CUST1811,01-08-2023,Ahmedabad,PROD143,1,89999,89999,Returned,Cash on Delivery
ORD14139,CUST2518,16-02-2025,Gurgaon,PROD119,3,1799,5397,Delivered,Cash on Delivery
ORD14140,CUST4028,28-09-2022,Mumbai,PROD197,1,5999,5999,Returned,Cash on Delivery
ORD14141,CUST1410,23-09-2023,Ahmedabad,PROD151,1,49999,49999,Cancelled,PayPal
ORD14142,CUST1868,16-08-2025,Pune,PROD161,2,1499,2998,Shipped,Cash on Delivery
ORD14143,CUST3573,27-08-2022,Delhi,PROD136,2,499,998,Shipped,Cash on Delivery
ORD14144,CUST2347,30-03-2025,Kolkata,PROD100,1,2799,2799,Returned,Credit Card
ORD14145,CUST3054,07-09-2024,Ahmedabad,PROD138,2,799,1598,Cancelled,Cash on Delivery
ORD14146,CUST4586,29-01-2024,Hyderabad,PROD180,1,2499,2499,Delivered,Credit Card
ORD14147,CUST5180,11-07-2025,Kolkata,PROD201,3,799,2397,Delivered,Cash on Delivery
ORD14148,CUST4750,06-12-2024,Surat,PROD161,3,1499,4497,Pending,Cash on Delivery
ORD14149,CUST2122,24-10-2022,Pune,PROD214,3,499,1497,Pending,Cash on Delivery
ORD14150,CUST4913,17-03-2023,Surat,PROD181,2,1299,2598,Shipped,Cash on Delivery
ORD14151,CUST4179,19-12-2024,Bangalore,PROD168,3,1299,3897,Delivered,PayPal
ORD14152,CUST3605,04-12-2023,Mumbai,PROD140,1,69999,69999,Returned,PayPal
ORD14153,CUST2091,26-05-2024,Chandigarh,PROD219,2,799,1598,Returned,Cash on Delivery
ORD14154,CUST1600,23-06-2023,Delhi,PROD124,3,699,2097,Cancelled,Cash on Delivery
ORD14155,CUST4787,03-05-2025,Bangalore,PROD121,3,499,1497,Pending,Cash on Delivery
ORD14156,CUST1985,09-11-2022,Indore,PROD185,3,1499,4497,Cancelled,Credit Card
ORD14157,CUST2718,16-06-2025,Bhubaneswar,PROD103,1,2999,2999,Shipped,Cash on Delivery
ORD14158,CUST4217,30-04-2024,Ahmedabad,PROD139,2,499,998,Returned,Credit Card
ORD14159,CUST2731,08-08-2025,Bangalore,PROD112,2,1699,3398,Pending,Credit Card
ORD14160,CUST2214,07-06-2024,Hyderabad,PROD158,1,8995,8995,Cancelled,Cash on Delivery
ORD14161,CUST2928,31-05-2023,Pune,PROD140,1,69999,69999,Returned,Cash on Delivery
ORD14162,CUST1218,03-07-2025,Bangalore,PROD139,3,499,1497,Shipped,Credit Card
ORD14163,CUST1549,28-09-2023,Hyderabad,PROD140,1,69999,69999,Returned,Credit Card
ORD14164,CUST1829,18-10-2023,Noida,PROD207,3,1299,3897,Returned,Credit Card
ORD14165,CUST4558,16-10-2024,Nagpur,PROD204,1,2299,2299,Delivered,Credit Card
ORD14166,CUST2739,14-04-2024,Bhubaneswar,PROD144,1,58499,58499,Shipped,Cash on Delivery
ORD14167,CUST3913,03-06-2025,Bangalore,PROD218,2,299,598,Shipped,PayPal
ORD14168,CUST4523,23-05-2025,Mumbai,PROD203,2,1999,3998,Cancelled,PayPal
ORD14169,CUST4329,16-08-2023,Jaipur,PROD218,2,299,598,Delivered,Cash on Delivery
ORD14170,CUST5104,12-06-2023,Chandigarh,PROD210,1,2499,2499,Returned,Credit Card
ORD14171,CUST4306,11-05-2025,Patna,PROD203,3,1999,5997,Returned,Cash on Delivery
ORD14172,CUST3525,31-12-2022,Delhi,PROD115,1,2499,2499,Delivered,Cash on Delivery
ORD14173,CUST2777,21-02-2025,Visakhapatnam,PROD170,1,2499,2499,Pending,Credit Card
ORD14174,CUST3735,25-07-2024,Pune,PROD119,2,1799,3598,Delivered,Cash on Delivery
ORD14175,CUST5048,22-04-2025,Chandigarh,PROD135,3,350,1050,Cancelled,Cash on Delivery
ORD14176,CUST2749,22-07-2023,Nagpur,PROD156,1,29990,29990,Cancelled,PayPal
ORD14177,CUST5124,12-04-2023,Delhi,PROD148,1,6499,6499,Cancelled,Credit Card
ORD14178,CUST1858,24-07-2024,Bangalore,PROD183,3,999,2997,Returned,Credit Card
ORD14179,CUST3865,16-07-2024,Noida,PROD179,2,1799,3598,Pending,PayPal
ORD14180,CUST1022,13-05-2025,Hyderabad,PROD172,1,3999,3999,Pending,PayPal
ORD14181,CUST5029,26-12-2023,Indore,PROD138,2,799,1598,Delivered,PayPal
ORD14182,CUST4063,29-05-2025,Visakhapatnam,PROD197,1,5999,5999,Shipped,Cash on Delivery
ORD14183,CUST2349,03-11-2024,Mumbai,PROD172,1,3999,3999,Pending,Credit Card
ORD14184,CUST4532,10-01-2025,Delhi,PROD173,3,1299,3897,Shipped,Cash on Delivery
ORD14185,CUST3829,02-09-2024,Delhi,PROD200,1,2499,2499,Returned,Cash on Delivery
ORD14186,CUST2438,10-10-2023,Chennai,PROD122,3,399,1197,Pending,PayPal
ORD14187,CUST2417,17-05-2024,Bangalore,PROD183,2,999,1998,Shipped,PayPal
ORD14188,CUST4649,17-06-2025,Chandigarh,PROD172,1,3999,3999,Delivered,Cash on Delivery
ORD14189,CUST4770,17-12-2024,Mumbai,PROD142,1,59999,59999,Cancelled,Cash on Delivery
ORD14190,CUST2194,23-04-2024,Bangalore,PROD176,1,3499,3499,Delivered,Credit Card
ORD14191,CUST3204,22-11-2024,Hyderabad,PROD100,1,2799,2799,Delivered,Cash on Delivery
ORD14192,CUST1689,27-03-2024,Chennai,PROD189,3,899,2697,Shipped,PayPal
ORD14193,CUST2782,05-01-2025,Hyderabad,PROD175,2,1499,2998,Returned,Cash on Delivery
ORD14194,CUST4753,20-08-2024,Chandigarh,PROD147,1,29990,29990,Delivered,PayPal
ORD14195,CUST1257,28-09-2023,Mumbai,PROD130,2,599,1198,Returned,PayPal
ORD14196,CUST4939,22-01-2024,Visakhapatnam,PROD164,2,1199,2398,Cancelled,Credit Card
ORD14197,CUST4624,09-06-2023,Mumbai,PROD176,1,3499,3499,Returned,Credit Card
ORD14198,CUST1996,28-12-2023,Nagpur,PROD205,3,399,1197,Cancelled,Cash on Delivery
ORD14199,CUST4375,24-06-2023,Ahmedabad,PROD104,1,4499,4499,Delivered,Cash on Delivery
ORD14200,CUST1468,20-12-2023,Kolkata,PROD109,1,2399,2399,Returned,Credit Card
ORD14201,CUST4717,04-03-2023,Mumbai,PROD153,1,62990,62990,Cancelled,Credit Card
ORD14202,CUST2574,03-10-2023,Pune,PROD173,2,1299,2598,Delivered,PayPal
ORD14203,CUST3767,12-08-2025,Jaipur,PROD202,3,1499,4497,Pending,PayPal
ORD14204,CUST4265,15-01-2025,Pune,PROD149,2,1499,2998,Returned,Cash on Delivery
ORD14205,CUST4138,07-02-2024,Chennai,PROD155,1,34999,34999,Delivered,PayPal
ORD14206,CUST1932,24-05-2025,Kochi,PROD160,1,5999,5999,Delivered,PayPal
ORD14207,CUST1255,11-07-2025,Pune,PROD202,3,1499,4497,Pending,Cash on Delivery
ORD14208,CUST3982,22-12-2023,Hyderabad,PROD118,1,2999,2999,Delivered,PayPal
ORD14209,CUST1959,29-06-2023,Surat,PROD133,3,299,897,Returned,PayPal
ORD14210,CUST4625,16-01-2025,Bangalore,PROD145,1,62990,62990,Cancelled,PayPal
ORD14211,CUST2553,14-10-2023,Hyderabad,PROD219,2,799,1598,Delivered,PayPal
ORD14212,CUST4310,15-05-2025,Bangalore,PROD167,1,3499,3499,Shipped,Credit Card
ORD14213,CUST3735,08-01-2025,Surat,PROD168,2,1299,2598,Cancelled,Cash on Delivery
ORD14214,CUST3080,19-02-2023,Kochi,PROD166,1,9499,9499,Shipped,Credit Card
ORD14215,CUST4095,09-05-2025,Hyderabad,PROD138,2,799,1598,Cancelled,PayPal
ORD14216,CUST4520,17-11-2022,Chennai,PROD140,1,69999,69999,Cancelled,PayPal
ORD14217,CUST4503,06-07-2024,Patna,PROD134,3,450,1350,Returned,Cash on Delivery
ORD14218,CUST4287,21-07-2025,Chennai,PROD208,2,899,1798,Delivered,PayPal
ORD14219,CUST2866,24-10-2022,Bangalore,PROD120,3,599,1797,Returned,Cash on Delivery
ORD14220,CUST5100,09-12-2024,Noida,PROD114,3,1999,5997,Shipped,Cash on Delivery
ORD14221,CUST1575,16-03-2025,Delhi,PROD129,3,349,1047,Shipped,PayPal
ORD14222,CUST3625,29-10-2023,Ahmedabad,PROD115,1,2499,2499,Shipped,Cash on Delivery
ORD14223,CUST1454,13-12-2022,Delhi,PROD195,1,4499,4499,Pending,Cash on Delivery
ORD14224,CUST4419,04-06-2023,Kolkata,PROD109,1,2399,2399,Pending,Credit Card
ORD14225,CUST2779,27-09-2022,Kolkata,PROD219,2,799,1598,Cancelled,PayPal
ORD14226,CUST1119,04-12-2022,Kolkata,PROD216,1,2299,2299,Shipped,Credit Card
ORD14227,CUST2455,15-05-2025,Jaipur,PROD180,1,2499,2499,Delivered,Credit Card
ORD14228,CUST3860,09-11-2024,Chennai,PROD119,3,1799,5397,Returned,PayPal
ORD14229,CUST2816,31-03-2023,Ahmedabad,PROD210,1,2499,2499,Cancelled,Cash on Delivery
ORD14230,CUST4209,01-07-2024,Chandigarh,PROD129,3,349,1047,Delivered,Credit Card
ORD14231,CUST1394,02-11-2022,Bangalore,PROD135,3,350,1050,Cancelled,Credit Card
ORD14232,CUST4590,17-11-2022,Mumbai,PROD200,1,2499,2499,Delivered,Credit Card
ORD14233,CUST3111,15-02-2024,Mumbai,PROD114,3,1999,5997,Shipped,Credit Card
ORD14234,CUST3031,17-02-2023,Pune,PROD147,1,29990,29990,Shipped,PayPal
ORD14235,CUST3518,24-10-2022,Chennai,PROD171,1,6999,6999,Pending,Credit Card
ORD14236,CUST1735,01-07-2023,Hyderabad,PROD108,3,1499,4497,Pending,Cash on Delivery
ORD14237,CUST1877,27-12-2024,Delhi,PROD131,3,499,1497,Cancelled,PayPal
ORD14238,CUST1428,23-01-2023,Kolkata,PROD135,2,350,700,Shipped,Credit Card
ORD14239,CUST1415,17-03-2024,Hyderabad,PROD193,2,1499,2998,Shipped,Credit Card
ORD14240,CUST4416,26-04-2025,Lucknow,PROD186,1,3499,3499,Delivered,Credit Card
ORD14241,CUST5244,12-04-2023,Chandigarh,PROD150,1,42999,42999,Returned,Credit Card
ORD14242,CUST3937,04-11-2022,Pune,PROD130,3,599,1797,Pending,Credit Card
ORD14243,CUST4587,28-06-2024,Kolkata,PROD187,1,4999,4999,Cancelled,Credit Card
ORD14244,CUST4326,09-12-2022,Noida,PROD200,1,2499,2499,Shipped,PayPal
ORD14245,CUST1930,24-12-2024,Bangalore,PROD148,1,6499,6499,Delivered,PayPal
ORD14246,CUST1090,08-05-2023,Jaipur,PROD132,3,399,1197,Cancelled,Credit Card
ORD14247,CUST1524,04-11-2022,Visakhapatnam,PROD159,1,4499,4499,Cancelled,PayPal
ORD14248,CUST5238,03-03-2025,Patna,PROD208,2,899,1798,Delivered,Credit Card
ORD14249,CUST2474,09-10-2022,Surat,PROD205,2,399,798,Delivered,Cash on Delivery
ORD14250,CUST2392,21-05-2025,Hyderabad,PROD138,2,799,1598,Pending,Credit Card
ORD14251,CUST3416,29-03-2025,Chennai,PROD110,1,2999,2999,Cancelled,Cash on Delivery
ORD14252,CUST3769,27-04-2025,Hyderabad,PROD166,1,9499,9499,Shipped,Credit Card
ORD14253,CUST5145,31-03-2025,Indore,PROD132,2,399,798,Delivered,PayPal
ORD14254,CUST3424,05-12-2023,Nagpur,PROD192,1,4999,4999,Returned,Cash on Delivery
ORD14255,CUST5038,29-05-2023,Delhi,PROD133,3,299,897,Shipped,Credit Card
ORD14256,CUST4997,15-08-2024,Kolkata,PROD144,1,58499,58499,Pending,Credit Card
ORD14257,CUST3286,25-10-2022,Gurgaon,PROD174,3,899,2697,Cancelled,Cash on Delivery
ORD14258,CUST4622,22-05-2024,Kolkata,PROD179,3,1799,5397,Delivered,Cash on Delivery
ORD14259,CUST1869,15-08-2024,Noida,PROD189,2,899,1798,Returned,Credit Card
ORD14260,CUST3710,01-09-2023,Hyderabad,PROD142,1,59999,59999,Returned,Credit Card
ORD14261,CUST3973,12-01-2024,Kolkata,PROD186,1,3499,3499,Returned,PayPal
ORD14262,CUST1167,08-12-2023,Ahmedabad,PROD156,1,29990,29990,Pending,PayPal
ORD14263,CUST3061,21-02-2024,Ahmedabad,PROD107,3,1299,3897,Shipped,PayPal
ORD14264,CUST5051,03-01-2025,Mumbai,PROD175,2,1499,2998,Returned,PayPal
ORD14265,CUST1456,21-11-2023,Bhubaneswar,PROD183,3,999,2997,Returned,Credit Card
ORD14266,CUST2209,02-05-2025,Kolkata,PROD207,3,1299,3897,Returned,PayPal
ORD14267,CUST4327,08-05-2023,Kochi,PROD218,2,299,598,Pending,Credit Card
ORD14268,CUST4767,12-09-2023,Pune,PROD133,2,299,598,Cancelled,Credit Card
ORD14269,CUST2399,07-11-2022,Indore,PROD177,2,1599,3198,Shipped,Credit Card
ORD14270,CUST2432,18-11-2023,Hyderabad,PROD195,1,4499,4499,Returned,Cash on Delivery
ORD14271,CUST1489,07-06-2024,Mumbai,PROD160,1,5999,5999,Shipped,PayPal
ORD14272,CUST3951,14-10-2024,Visakhapatnam,PROD189,3,899,2697,Delivered,PayPal
ORD14273,CUST2710,14-07-2025,Delhi,PROD158,1,8995,8995,Delivered,Credit Card
ORD14274,CUST2595,10-07-2023,Hyderabad,PROD107,3,1299,3897,Returned,PayPal
ORD14275,CUST2730,18-02-2024,Mumbai,PROD122,2,399,798,Pending,Credit Card
ORD14276,CUST1505,13-07-2025,Noida,PROD168,2,1299,2598,Shipped,Cash on Delivery
ORD14277,CUST4143,12-01-2025,Pune,PROD102,2,1799,3598,Delivered,Credit Card
ORD14278,CUST3900,29-10-2023,Bangalore,PROD200,1,2499,2499,Delivered,PayPal
ORD14279,CUST1752,15-12-2024,Patna,PROD195,1,4499,4499,Cancelled,Credit Card
ORD14280,CUST1317,20-08-2024,Chandigarh,PROD152,1,39999,39999,Cancelled,Credit Card
ORD14281,CUST4997,10-02-2023,Mumbai,PROD171,1,6999,6999,Returned,Credit Card
ORD14282,CUST3268,02-08-2025,Chennai,PROD217,3,999,2997,Cancelled,Cash on Delivery
ORD14283,CUST1154,02-07-2025,Chandigarh,PROD102,2,1799,3598,Pending,Cash on Delivery
ORD14284,CUST1967,28-02-2025,Kochi,PROD147,1,29990,29990,Returned,PayPal
ORD14285,CUST2249,15-04-2024,Kochi,PROD150,1,42999,42999,Pending,Cash on Delivery
ORD14286,CUST1908,26-10-2023,Delhi,PROD102,3,1799,5397,Pending,PayPal
ORD14287,CUST2192,09-09-2023,Mumbai,PROD135,3,350,1050,Shipped,Cash on Delivery
ORD14288,CUST4303,28-11-2024,Lucknow,PROD172,1,3999,3999,Delivered,PayPal
ORD14289,CUST1312,10-03-2024,Bangalore,PROD158,1,8995,8995,Returned,Cash on Delivery
ORD14290,CUST3462,28-02-2024,Hyderabad,PROD143,1,89999,89999,Pending,PayPal
ORD14291,CUST3177,02-06-2024,Surat,PROD211,2,1799,3598,Shipped,Credit Card
ORD14292,CUST1111,12-02-2025,Kolkata,PROD141,1,64999,64999,Cancelled,Credit Card
ORD14293,CUST5233,04-07-2025,Bangalore,PROD216,1,2299,2299,Returned,Credit Card
ORD14294,CUST2349,28-09-2024,Pune,PROD133,3,299,897,Shipped,Credit Card
ORD14295,CUST2112,28-09-2023,Kolkata,PROD122,2,399,798,Returned,Cash on Delivery
ORD14296,CUST4624,15-09-2022,Delhi,PROD147,1,29990,29990,Pending,Cash on Delivery
ORD14297,CUST4517,08-11-2024,Noida,PROD158,1,8995,8995,Shipped,Cash on Delivery
ORD14298,CUST3787,30-12-2023,Indore,PROD131,3,499,1497,Delivered,Credit Card
ORD14299,CUST1286,15-01-2023,Delhi,PROD190,1,2499,2499,Shipped,PayPal
ORD14300,CUST3854,10-12-2023,Pune,PROD169,2,1899,3798,Delivered,Credit Card
ORD14301,CUST3379,22-02-2024,Gurgaon,PROD206,3,699,2097,Pending,Credit Card
ORD14302,CUST4473,03-07-2023,Bangalore,PROD198,1,6999,6999,Returned,Credit Card
ORD14303,CUST2780,09-12-2022,Kolkata,PROD142,1,59999,59999,Shipped,Cash on Delivery
ORD14304,CUST5231,03-04-2025,Mumbai,PROD195,1,4499,4499,Shipped,Cash on Delivery
ORD14305,CUST2155,12-05-2024,Bangalore,PROD208,3,899,2697,Cancelled,PayPal
ORD14306,CUST4213,15-04-2025,Indore,PROD190,1,2499,2499,Returned,Credit Card
ORD14307,CUST3538,12-12-2022,Jaipur,PROD172,1,3999,3999,Cancelled,PayPal
ORD14308,CUST5203,20-11-2022,Pune,PROD165,2,1799,3598,Delivered,PayPal
ORD14309,CUST4902,10-07-2025,Surat,PROD180,1,2499,2499,Delivered,Cash on Delivery
ORD14310,CUST2989,26-09-2023,Kolkata,PROD169,3,1899,5697,Returned,Cash on Delivery
ORD14311,CUST3446,29-10-2024,Mumbai,PROD121,2,499,998,Shipped,PayPal
ORD14312,CUST1493,15-12-2024,Kolkata,PROD200,1,2499,2499,Pending,Credit Card
ORD14313,CUST2950,21-09-2022,Mumbai,PROD105,1,2499,2499,Returned,PayPal
ORD14314,CUST2028,25-05-2023,Gurgaon,PROD127,3,899,2697,Cancelled,Credit Card
ORD14315,CUST1232,26-07-2023,Gurgaon,PROD109,1,2399,2399,Cancelled,Cash on Delivery
ORD14316,CUST4871,24-03-2025,Pune,PROD178,3,1299,3897,Cancelled,Credit Card
ORD14317,CUST1915,09-10-2023,Pune,PROD186,1,3499,3499,Returned,Cash on Delivery
ORD14318,CUST3218,05-04-2024,Pune,PROD152,1,39999,39999,Pending,Cash on Delivery
ORD14319,CUST1542,27-12-2024,Pune,PROD207,2,1299,2598,Returned,PayPal
ORD14320,CUST2854,16-05-2024,Nagpur,PROD178,3,1299,3897,Shipped,PayPal
ORD14321,CUST1109,11-06-2025,Mumbai,PROD203,2,1999,3998,Delivered,Credit Card
ORD14322,CUST3051,23-01-2025,Kolkata,PROD163,1,4999,4999,Delivered,Cash on Delivery
ORD14323,CUST3254,08-03-2025,Bangalore,PROD145,1,62990,62990,Cancelled,PayPal
ORD14324,CUST1205,19-04-2025,Chennai,PROD143,1,89999,89999,Returned,Cash on Delivery
ORD14325,CUST2600,16-09-2023,Mumbai,PROD190,1,2499,2499,Cancelled,Credit Card
ORD14326,CUST1375,06-06-2023,Gurgaon,PROD162,1,3299,3299,Shipped,Credit Card
ORD14327,CUST1693,04-01-2024,Bangalore,PROD100,1,2799,2799,Returned,Cash on Delivery
ORD14328,CUST2448,30-09-2022,Delhi,PROD194,3,999,2997,Shipped,Cash on Delivery
ORD14329,CUST1376,28-06-2025,Kolkata,PROD188,3,499,1497,Pending,PayPal
ORD14330,CUST2235,10-11-2023,Chennai,PROD113,3,1499,4497,Shipped,PayPal
ORD14331,CUST1319,06-07-2025,Mumbai,PROD153,1,62990,62990,Shipped,PayPal
ORD14332,CUST3076,05-03-2025,Mumbai,PROD177,2,1599,3198,Cancelled,Cash on Delivery
ORD14333,CUST4775,22-01-2024,Hyderabad,PROD211,3,1799,5397,Cancelled,PayPal
ORD14334,CUST5176,12-03-2023,Indore,PROD105,1,2499,2499,Shipped,PayPal
ORD14335,CUST3676,24-04-2025,Jaipur,PROD116,1,3499,3499,Returned,Credit Card
ORD14336,CUST5256,27-10-2022,Kolkata,PROD164,2,1199,2398,Pending,PayPal
ORD14337,CUST4013,21-03-2023,Nagpur,PROD197,1,5999,5999,Returned,Credit Card
ORD14338,CUST1993,17-05-2023,Pune,PROD219,2,799,1598,Pending,Cash on Delivery
ORD14339,CUST3528,06-05-2023,Chennai,PROD183,2,999,1998,Cancelled,Cash on Delivery
ORD14340,CUST4482,11-07-2023,Kolkata,PROD213,2,1999,3998,Returned,Credit Card
ORD14341,CUST3751,23-12-2022,Nagpur,PROD122,2,399,798,Cancelled,PayPal
ORD14342,CUST3147,16-02-2023,Delhi,PROD119,2,1799,3598,Shipped,Credit Card
ORD14343,CUST5118,11-10-2022,Bangalore,PROD157,1,14999,14999,Pending,Credit Card
ORD14344,CUST1826,25-05-2024,Kolkata,PROD201,2,799,1598,Pending,Credit Card
ORD14345,CUST1807,17-04-2023,Hyderabad,PROD140,1,69999,69999,Returned,Cash on Delivery
ORD14346,CUST3445,13-11-2022,Delhi,PROD211,2,1799,3598,Pending,PayPal
ORD14347,CUST3406,07-07-2025,Mumbai,PROD148,1,6499,6499,Returned,Credit Card
ORD14348,CUST3271,03-06-2024,Bangalore,PROD177,3,1599,4797,Delivered,Credit Card
ORD14349,CUST2258,23-05-2024,Gurgaon,PROD156,1,29990,29990,Returned,PayPal
ORD14350,CUST2752,07-07-2025,Chandigarh,PROD131,3,499,1497,Delivered,Credit Card
ORD14351,CUST3356,22-09-2024,Kochi,PROD180,1,2499,2499,Delivered,PayPal
ORD14352,CUST3672,14-06-2023,Chandigarh,PROD166,1,9499,9499,Cancelled,Credit Card
ORD14353,CUST2135,01-12-2022,Surat,PROD176,1,3499,3499,Delivered,PayPal
ORD14354,CUST3482,11-07-2025,Indore,PROD194,3,999,2997,Cancelled,PayPal
ORD14355,CUST1438,11-04-2023,Ahmedabad,PROD136,3,499,1497,Returned,Credit Card
ORD14356,CUST5074,08-09-2023,Bhubaneswar,PROD117,1,2299,2299,Delivered,PayPal
ORD14357,CUST1153,03-09-2023,Hyderabad,PROD203,3,1999,5997,Cancelled,PayPal
ORD14358,CUST4330,21-05-2023,Jaipur,PROD122,2,399,798,Cancelled,Cash on Delivery
ORD14359,CUST4351,29-10-2022,Indore,PROD196,2,899,1798,Returned,Credit Card
ORD14360,CUST3551,28-09-2024,Visakhapatnam,PROD178,3,1299,3897,Returned,Credit Card
ORD14361,CUST1781,29-05-2023,Chandigarh,PROD139,2,499,998,Pending,PayPal
ORD14362,CUST3000,11-02-2023,Hyderabad,PROD168,2,1299,2598,Shipped,Cash on Delivery
ORD14363,CUST4879,23-03-2025,Nagpur,PROD214,3,499,1497,Shipped,Cash on Delivery
ORD14364,CUST4088,01-07-2024,Jaipur,PROD144,1,58499,58499,Shipped,Credit Card
ORD14365,CUST1708,02-06-2025,Chennai,PROD139,3,499,1497,Cancelled,PayPal
ORD14366,CUST2980,14-10-2022,Chennai,PROD178,3,1299,3897,Cancelled,Credit Card
ORD14367,CUST2760,04-08-2024,Pune,PROD173,3,1299,3897,Pending,Cash on Delivery
ORD14368,CUST4930,27-06-2024,Hyderabad,PROD139,3,499,1497,Shipped,PayPal
ORD14369,CUST3109,22-03-2024,Indore,PROD168,2,1299,2598,Cancelled,PayPal
ORD14370,CUST2085,04-03-2025,Delhi,PROD116,1,3499,3499,Returned,Credit Card
ORD14371,CUST3924,25-08-2023,Hyderabad,PROD180,1,2499,2499,Cancelled,Credit Card
ORD14372,CUST1854,24-10-2022,Chennai,PROD126,2,299,598,Returned,Credit Card
ORD14373,CUST4166,26-02-2025,Bangalore,PROD149,3,1499,4497,Delivered,PayPal
ORD14374,CUST4215,27-05-2023,Delhi,PROD207,2,1299,2598,Pending,Cash on Delivery
ORD14375,CUST3769,02-11-2023,Jaipur,PROD103,1,2999,2999,Cancelled,Cash on Delivery
ORD14376,CUST2598,08-03-2024,Chandigarh,PROD205,2,399,798,Shipped,Cash on Delivery
ORD14377,CUST4833,13-04-2024,Indore,PROD160,1,5999,5999,Delivered,PayPal
ORD14378,CUST2402,13-12-2024,Chennai,PROD164,2,1199,2398,Delivered,Credit Card
ORD14379,CUST5297,04-08-2024,Mumbai,PROD125,3,549,1647,Returned,Cash on Delivery
ORD14380,CUST4988,24-08-2024,Mumbai,PROD131,3,499,1497,Shipped,Cash on Delivery
ORD14381,CUST1817,12-01-2024,Visakhapatnam,PROD160,1,5999,5999,Shipped,Credit Card
ORD14382,CUST3233,18-03-2024,Pune,PROD185,3,1499,4497,Shipped,Credit Card
ORD14383,CUST1119,24-01-2024,Bhubaneswar,PROD199,2,1299,2598,Cancelled,Credit Card
ORD14384,CUST4770,13-09-2023,Mumbai,PROD148,1,6499,6499,Pending,Cash on Delivery
ORD14385,CUST1979,06-02-2024,Delhi,PROD121,2,499,998,Returned,PayPal
ORD14386,CUST3318,09-08-2025,Gurgaon,PROD205,3,399,1197,Delivered,Credit Card
ORD14387,CUST3022,02-02-2023,Bangalore,PROD146,1,34999,34999,Returned,Credit Card
ORD14388,CUST2840,13-08-2024,Bangalore,PROD134,3,450,1350,Returned,Credit Card
ORD14389,CUST1046,06-02-2024,Visakhapatnam,PROD152,1,39999,39999,Returned,Cash on Delivery
ORD14390,CUST4466,28-09-2023,Bangalore,PROD175,2,1499,2998,Pending,Cash on Delivery
ORD14391,CUST2508,25-08-2024,Bangalore,PROD178,2,1299,2598,Pending,PayPal
ORD14392,CUST2868,24-03-2025,Delhi,PROD206,3,699,2097,Cancelled,Cash on Delivery
ORD14393,CUST3915,12-03-2024,Gurgaon,PROD176,1,3499,3499,Shipped,Credit Card
ORD14394,CUST2163,04-11-2022,Jaipur,PROD129,3,349,1047,Cancelled,Cash on Delivery
ORD14395,CUST2404,29-02-2024,Delhi,PROD108,2,1499,2998,Shipped,Cash on Delivery
ORD14396,CUST1321,21-03-2025,Jaipur,PROD108,3,1499,4497,Delivered,Cash on Delivery
ORD14397,CUST1561,16-06-2025,Chennai,PROD173,2,1299,2598,Pending,Credit Card
ORD14398,CUST3968,12-02-2024,Indore,PROD176,1,3499,3499,Delivered,Cash on Delivery
ORD14399,CUST1529,04-12-2024,Mumbai,PROD142,1,59999,59999,Delivered,Credit Card
ORD14400,CUST5202,02-03-2025,Noida,PROD201,2,799,1598,Shipped,Credit Card
ORD14401,CUST4197,04-04-2025,Chennai,PROD204,1,2299,2299,Pending,PayPal
ORD14402,CUST2663,01-11-2023,Jaipur,PROD204,1,2299,2299,Delivered,Cash on Delivery
ORD14403,CUST1219,21-08-2023,Mumbai,PROD198,1,6999,6999,Cancelled,PayPal
ORD14404,CUST4814,20-02-2023,Pune,PROD203,2,1999,3998,Cancelled,Credit Card
ORD14405,CUST4574,16-03-2025,Delhi,PROD198,1,6999,6999,Delivered,PayPal
ORD14406,CUST4842,22-01-2025,Hyderabad,PROD185,2,1499,2998,Pending,PayPal
ORD14407,CUST4924,22-05-2024,Delhi,PROD189,3,899,2697,Pending,Credit Card
ORD14408,CUST5094,23-08-2024,Delhi,PROD121,2,499,998,Shipped,PayPal
ORD14409,CUST1709,08-05-2023,Noida,PROD195,1,4499,4499,Pending,PayPal
ORD14410,CUST3722,18-05-2024,Bangalore,PROD198,1,6999,6999,Returned,Cash on Delivery
ORD14411,CUST3425,04-01-2025,Bangalore,PROD113,2,1499,2998,Returned,PayPal
ORD14412,CUST4646,20-09-2023,Delhi,PROD132,2,399,798,Shipped,PayPal
ORD14413,CUST3237,06-12-2024,Hyderabad,PROD203,2,1999,3998,Cancelled,PayPal
ORD14414,CUST1423,19-06-2024,Hyderabad,PROD156,1,29990,29990,Shipped,Credit Card
ORD14415,CUST1223,24-07-2023,Hyderabad,PROD170,1,2499,2499,Returned,Cash on Delivery
ORD14416,CUST3265,29-06-2025,Bhubaneswar,PROD219,2,799,1598,Shipped,PayPal
ORD14417,CUST3173,14-03-2024,Kolkata,PROD162,1,3299,3299,Shipped,Credit Card
ORD14418,CUST4537,15-10-2024,Bangalore,PROD165,2,1799,3598,Returned,Cash on Delivery
ORD14419,CUST1900,20-12-2023,Kolkata,PROD164,3,1199,3597,Delivered,PayPal
ORD14420,CUST1970,01-12-2022,Hyderabad,PROD169,2,1899,3798,Cancelled,Credit Card
ORD14421,CUST5168,16-02-2024,Noida,PROD165,2,1799,3598,Returned,Credit Card
ORD14422,CUST2962,12-05-2025,Kochi,PROD158,1,8995,8995,Delivered,Cash on Delivery
ORD14423,CUST1486,23-02-2023,Pune,PROD103,1,2999,2999,Cancelled,PayPal
ORD14424,CUST1311,05-02-2024,Lucknow,PROD188,2,499,998,Shipped,Cash on Delivery
ORD14425,CUST1895,11-03-2024,Chandigarh,PROD158,1,8995,8995,Pending,Credit Card
ORD14426,CUST2863,01-09-2022,Mumbai,PROD141,1,64999,64999,Pending,PayPal
ORD14427,CUST1196,08-09-2024,Pune,PROD188,3,499,1497,Returned,Credit Card
ORD14428,CUST1220,04-05-2023,Pune,PROD104,1,4499,4499,Pending,Cash on Delivery
ORD14429,CUST3392,23-03-2024,Gurgaon,PROD216,1,2299,2299,Returned,Credit Card
ORD14430,CUST4578,10-10-2023,Surat,PROD205,3,399,1197,Cancelled,Cash on Delivery
ORD14431,CUST1046,28-01-2023,Hyderabad,PROD168,2,1299,2598,Pending,Cash on Delivery
ORD14432,CUST5056,28-11-2022,Noida,PROD151,1,49999,49999,Pending,PayPal
ORD14433,CUST3121,07-03-2025,Surat,PROD161,3,1499,4497,Pending,Cash on Delivery
ORD14434,CUST1436,25-02-2024,Chandigarh,PROD117,1,2299,2299,Returned,PayPal
ORD14435,CUST3160,09-01-2024,Hyderabad,PROD113,3,1499,4497,Pending,Cash on Delivery
ORD14436,CUST1536,28-02-2025,Delhi,PROD187,1,4999,4999,Returned,Credit Card
ORD14437,CUST3352,16-01-2024,Hyderabad,PROD184,1,2999,2999,Cancelled,Cash on Delivery
ORD14438,CUST4702,14-02-2023,Chandigarh,PROD131,2,499,998,Pending,Cash on Delivery
ORD14439,CUST4707,21-02-2023,Jaipur,PROD145,1,62990,62990,Cancelled,Credit Card
ORD14440,CUST4565,06-10-2022,Pune,PROD205,2,399,798,Returned,Cash on Delivery
ORD14441,CUST3714,16-01-2025,Mumbai,PROD198,1,6999,6999,Shipped,PayPal
ORD14442,CUST3436,26-04-2023,Chennai,PROD201,3,799,2397,Pending,PayPal
ORD14443,CUST4330,28-10-2022,Kochi,PROD135,2,350,700,Shipped,Cash on Delivery
ORD14444,CUST3935,04-11-2023,Surat,PROD165,2,1799,3598,Returned,PayPal
ORD14445,CUST2401,01-08-2024,Kolkata,PROD135,3,350,1050,Shipped,PayPal
ORD14446,CUST1350,14-10-2024,Surat,PROD157,1,14999,14999,Pending,PayPal
ORD14447,CUST3325,25-10-2024,Delhi,PROD162,1,3299,3299,Delivered,Cash on Delivery
ORD14448,CUST1710,23-10-2023,Noida,PROD145,1,62990,62990,Shipped,Cash on Delivery
ORD14449,CUST1177,20-10-2023,Ahmedabad,PROD167,1,3499,3499,Cancelled,Credit Card
ORD14450,CUST4048,29-01-2025,Bangalore,PROD200,1,2499,2499,Returned,PayPal
ORD14451,CUST3611,31-01-2024,Gurgaon,PROD112,3,1699,5097,Delivered,Credit Card
ORD14452,CUST2472,01-08-2025,Visakhapatnam,PROD137,3,599,1797,Pending,Credit Card
ORD14453,CUST4037,14-02-2025,Chennai,PROD147,1,29990,29990,Returned,Cash on Delivery
ORD14454,CUST3506,19-04-2024,Jaipur,PROD142,1,59999,59999,Cancelled,PayPal
ORD14455,CUST3822,25-03-2025,Delhi,PROD205,3,399,1197,Delivered,Credit Card
ORD14456,CUST4011,05-02-2025,Chandigarh,PROD214,3,499,1497,Delivered,Cash on Delivery
ORD14457,CUST4682,18-03-2025,Gurgaon,PROD127,3,899,2697,Returned,Credit Card
ORD14458,CUST1178,05-10-2024,Ahmedabad,PROD143,1,89999,89999,Delivered,Credit Card
ORD14459,CUST1858,01-07-2024,Hyderabad,PROD196,3,899,2697,Returned,Cash on Delivery
ORD14460,CUST4156,26-08-2022,Delhi,PROD181,3,1299,3897,Returned,PayPal
ORD14461,CUST2807,04-09-2023,Patna,PROD156,1,29990,29990,Delivered,Credit Card
ORD14462,CUST2223,30-06-2024,Chennai,PROD128,3,799,2397,Cancelled,Cash on Delivery
ORD14463,CUST1776,20-06-2023,Visakhapatnam,PROD214,3,499,1497,Cancelled,PayPal
ORD14464,CUST1691,29-03-2024,Mumbai,PROD188,3,499,1497,Cancelled,Credit Card
ORD14465,CUST5110,13-02-2023,Jaipur,PROD140,1,69999,69999,Pending,PayPal
ORD14466,CUST1212,04-04-2025,Pune,PROD179,2,1799,3598,Pending,Credit Card
ORD14467,CUST2737,06-06-2024,Nagpur,PROD161,2,1499,2998,Cancelled,PayPal
ORD14468,CUST1713,06-07-2025,Hyderabad,PROD213,2,1999,3998,Delivered,PayPal
ORD14469,CUST1272,08-06-2024,Mumbai,PROD201,2,799,1598,Pending,Cash on Delivery
ORD14470,CUST3953,14-02-2025,Bangalore,PROD159,1,4499,4499,Pending,Credit Card
ORD14471,CUST3463,23-09-2022,Surat,PROD218,2,299,598,Delivered,PayPal
ORD14472,CUST3190,01-11-2023,Hyderabad,PROD175,2,1499,2998,Pending,Cash on Delivery
ORD14473,CUST1286,05-02-2025,Bangalore,PROD181,2,1299,2598,Cancelled,Credit Card
ORD14474,CUST3951,12-04-2025,Indore,PROD208,2,899,1798,Shipped,Cash on Delivery
ORD14475,CUST5010,18-12-2022,Hyderabad,PROD218,2,299,598,Pending,Cash on Delivery
ORD14476,CUST2719,21-06-2023,Kolkata,PROD165,2,1799,3598,Shipped,PayPal
ORD14477,CUST1154,01-09-2024,Chandigarh,PROD136,2,499,998,Pending,Cash on Delivery
ORD14478,CUST2762,31-08-2023,Hyderabad,PROD157,1,14999,14999,Returned,Cash on Delivery
ORD14479,CUST1049,20-05-2023,Pune,PROD110,1,2999,2999,Delivered,PayPal
ORD14480,CUST5154,30-04-2024,Chennai,PROD148,1,6499,6499,Returned,Credit Card
ORD14481,CUST3468,24-01-2024,Lucknow,PROD218,3,299,897,Delivered,PayPal
ORD14482,CUST5244,12-07-2023,Bangalore,PROD136,3,499,1497,Shipped,PayPal
ORD14483,CUST5014,02-05-2023,Hyderabad,PROD105,1,2499,2499,Cancelled,PayPal
ORD14484,CUST3190,11-02-2025,Nagpur,PROD210,1,2499,2499,Pending,PayPal
ORD14485,CUST4070,04-02-2023,Bhubaneswar,PROD202,3,1499,4497,Pending,Cash on Delivery
ORD14486,CUST2817,26-04-2025,Hyderabad,PROD117,1,2299,2299,Pending,Cash on Delivery
ORD14487,CUST1644,21-12-2024,Mumbai,PROD183,2,999,1998,Shipped,PayPal
ORD14488,CUST4288,09-07-2025,Chennai,PROD206,2,699,1398,Returned,Cash on Delivery
ORD14489,CUST4279,23-04-2024,Mumbai,PROD158,1,8995,8995,Pending,PayPal
ORD14490,CUST4098,26-04-2025,Kochi,PROD174,3,899,2697,Shipped,PayPal
ORD14491,CUST1833,27-04-2023,Hyderabad,PROD131,2,499,998,Cancelled,PayPal
ORD14492,CUST2643,06-01-2024,Chandigarh,PROD156,1,29990,29990,Pending,PayPal
ORD14493,CUST1338,29-05-2025,Indore,PROD111,2,1899,3798,Pending,PayPal
ORD14494,CUST2162,08-10-2023,Mumbai,PROD117,1,2299,2299,Returned,Credit Card
ORD14495,CUST2975,17-06-2025,Pune,PROD108,3,1499,4497,Shipped,PayPal
ORD14496,CUST1441,26-01-2024,Chennai,PROD113,3,1499,4497,Shipped,Cash on Delivery
ORD14497,CUST2729,12-06-2024,Delhi,PROD160,1,5999,5999,Returned,Credit Card
ORD14498,CUST1821,06-07-2024,Bhubaneswar,PROD120,3,599,1797,Pending,PayPal
ORD14499,CUST3707,14-01-2024,Bhubaneswar,PROD114,2,1999,3998,Delivered,Cash on Delivery
ORD14500,CUST3689,28-02-2023,Delhi,PROD148,1,6499,6499,Cancelled,Credit Card
ORD14501,CUST2978,18-08-2024,Surat,PROD128,2,799,1598,Shipped,Credit Card
ORD14502,CUST2057,24-11-2023,Delhi,PROD133,3,299,897,Pending,Cash on Delivery
ORD14503,CUST3281,24-03-2024,Kolkata,PROD216,1,2299,2299,Delivered,Credit Card
ORD14504,CUST4875,26-04-2024,Bhubaneswar,PROD193,2,1499,2998,Shipped,Credit Card
ORD14505,CUST3902,03-02-2024,Kolkata,PROD118,1,2999,2999,Shipped,Cash on Delivery
ORD14506,CUST3296,12-09-2024,Hyderabad,PROD107,3,1299,3897,Pending,Credit Card
ORD14507,CUST4949,31-05-2024,Delhi,PROD162,1,3299,3299,Delivered,Cash on Delivery
ORD14508,CUST3617,20-02-2023,Delhi,PROD177,2,1599,3198,Shipped,Credit Card
ORD14509,CUST2795,24-01-2024,Pune,PROD122,3,399,1197,Pending,Cash on Delivery
ORD14510,CUST5132,20-11-2023,Kolkata,PROD123,3,449,1347,Shipped,Cash on Delivery
ORD14511,CUST1853,06-05-2024,Kolkata,PROD174,3,899,2697,Shipped,Credit Card
ORD14512,CUST1978,02-10-2024,Mumbai,PROD205,2,399,798,Cancelled,PayPal
ORD14513,CUST1075,20-08-2025,Surat,PROD178,3,1299,3897,Delivered,Credit Card
ORD14514,CUST5084,09-08-2023,Surat,PROD187,1,4999,4999,Pending,Cash on Delivery
ORD14515,CUST2182,28-07-2025,Ahmedabad,PROD162,1,3299,3299,Cancelled,PayPal
ORD14516,CUST1476,22-05-2023,Chennai,PROD148,1,6499,6499,Delivered,PayPal
ORD14517,CUST5189,22-06-2023,Delhi,PROD118,1,2999,2999,Cancelled,Credit Card
ORD14518,CUST2970,07-05-2023,Bangalore,PROD160,1,5999,5999,Delivered,Cash on Delivery
ORD14519,CUST3035,20-10-2022,Ahmedabad,PROD114,2,1999,3998,Cancelled,Cash on Delivery
ORD14520,CUST1442,29-06-2025,Bangalore,PROD122,2,399,798,Pending,Cash on Delivery
ORD14521,CUST2608,21-01-2024,Chennai,PROD136,2,499,998,Returned,PayPal
ORD14522,CUST4633,15-11-2024,Bhubaneswar,PROD181,2,1299,2598,Delivered,Credit Card
ORD14523,CUST1807,07-05-2024,Pune,PROD197,1,5999,5999,Delivered,Credit Card
ORD14524,CUST3892,28-06-2024,Kochi,PROD172,1,3999,3999,Cancelled,PayPal
ORD14525,CUST4663,17-02-2024,Hyderabad,PROD147,1,29990,29990,Returned,Cash on Delivery
ORD14526,CUST4861,13-04-2023,Mumbai,PROD185,3,1499,4497,Returned,Cash on Delivery
ORD14527,CUST2732,24-10-2023,Surat,PROD217,3,999,2997,Cancelled,Cash on Delivery
ORD14528,CUST1528,26-10-2023,Bhubaneswar,PROD203,3,1999,5997,Returned,Credit Card
ORD14529,CUST3252,20-02-2024,Lucknow,PROD171,1,6999,6999,Pending,Cash on Delivery
ORD14530,CUST2071,29-04-2024,Chennai,PROD219,2,799,1598,Delivered,Credit Card
ORD14531,CUST5301,29-05-2023,Hyderabad,PROD218,2,299,598,Returned,Credit Card
ORD14532,CUST2228,08-01-2023,Kolkata,PROD179,2,1799,3598,Cancelled,Cash on Delivery
ORD14533,CUST3434,26-05-2023,Hyderabad,PROD204,1,2299,2299,Delivered,Credit Card
ORD14534,CUST3742,23-06-2024,Hyderabad,PROD132,3,399,1197,Returned,Cash on Delivery
ORD14535,CUST3630,09-06-2023,Delhi,PROD124,2,699,1398,Delivered,PayPal
ORD14536,CUST5041,28-10-2023,Chennai,PROD143,1,89999,89999,Delivered,PayPal
ORD14537,CUST3769,05-07-2025,Bangalore,PROD210,1,2499,2499,Pending,PayPal
ORD14538,CUST5010,08-10-2023,Jaipur,PROD145,1,62990,62990,Pending,Credit Card
ORD14539,CUST4827,14-09-2023,Mumbai,PROD196,3,899,2697,Cancelled,PayPal
ORD14540,CUST2115,22-02-2024,Kolkata,PROD128,2,799,1598,Pending,Credit Card
ORD14541,CUST1455,10-09-2023,Bhubaneswar,PROD194,3,999,2997,Cancelled,Cash on Delivery
ORD14542,CUST1064,14-11-2023,Bangalore,PROD213,2,1999,3998,Cancelled,Cash on Delivery
ORD14543,CUST2242,23-09-2022,Jaipur,PROD132,2,399,798,Cancelled,Credit Card
ORD14544,CUST1664,27-07-2024,Bangalore,PROD194,2,999,1998,Pending,PayPal
ORD14545,CUST4790,23-10-2022,Mumbai,PROD142,1,59999,59999,Delivered,Credit Card
ORD14546,CUST4871,24-08-2024,Hyderabad,PROD204,1,2299,2299,Shipped,Credit Card
ORD14547,CUST2478,06-09-2022,Jaipur,PROD102,3,1799,5397,Returned,Credit Card
ORD14548,CUST4983,29-01-2024,Delhi,PROD150,1,42999,42999,Delivered,PayPal
ORD14549,CUST4251,15-04-2023,Pune,PROD200,1,2499,2499,Shipped,Credit Card
ORD14550,CUST1758,31-10-2023,Hyderabad,PROD153,1,62990,62990,Delivered,PayPal
ORD14551,CUST2155,02-09-2022,Delhi,PROD189,3,899,2697,Delivered,Credit Card
ORD14552,CUST4901,16-10-2022,Kolkata,PROD108,3,1499,4497,Delivered,Credit Card
ORD14553,CUST2227,04-06-2024,Mumbai,PROD113,2,1499,2998,Pending,Cash on Delivery
ORD14554,CUST3381,05-08-2024,Gurgaon,PROD144,1,58499,58499,Cancelled,Credit Card
ORD14555,CUST3777,13-11-2024,Kolkata,PROD192,1,4999,4999,Shipped,PayPal
ORD14556,CUST1970,01-06-2025,Mumbai,PROD159,1,4499,4499,Shipped,Credit Card
ORD14557,CUST2125,02-05-2023,Chennai,PROD182,2,1899,3798,Returned,Credit Card
ORD14558,CUST2851,01-09-2023,Pune,PROD176,1,3499,3499,Shipped,Cash on Delivery
ORD14559,CUST4212,13-09-2022,Ahmedabad,PROD139,2,499,998,Shipped,PayPal
ORD14560,CUST4299,16-05-2023,Kolkata,PROD202,2,1499,2998,Returned,Cash on Delivery
ORD14561,CUST4927,20-08-2024,Kolkata,PROD205,2,399,798,Pending,Credit Card
ORD14562,CUST2209,07-10-2024,Hyderabad,PROD107,2,1299,2598,Shipped,PayPal
ORD14563,CUST1452,09-05-2023,Jaipur,PROD169,2,1899,3798,Cancelled,Credit Card
ORD14564,CUST2095,24-09-2023,Bhubaneswar,PROD127,2,899,1798,Pending,Cash on Delivery
ORD14565,CUST1645,04-03-2024,Jaipur,PROD110,1,2999,2999,Delivered,Credit Card
ORD14566,CUST3382,12-07-2023,Kochi,PROD183,3,999,2997,Delivered,Credit Card
ORD14567,CUST2090,02-04-2024,Jaipur,PROD205,2,399,798,Pending,PayPal
ORD14568,CUST1189,09-02-2024,Hyderabad,PROD168,3,1299,3897,Returned,PayPal
ORD14569,CUST1483,25-04-2025,Noida,PROD216,1,2299,2299,Returned,PayPal
ORD14570,CUST2066,19-06-2025,Hyderabad,PROD125,3,549,1647,Returned,PayPal
ORD14571,CUST4981,18-01-2024,Bangalore,PROD157,1,14999,14999,Cancelled,Credit Card
ORD14572,CUST1054,02-12-2023,Bangalore,PROD188,3,499,1497,Pending,Cash on Delivery
ORD14573,CUST2316,25-02-2025,Pune,PROD108,3,1499,4497,Shipped,PayPal
ORD14574,CUST3412,01-08-2025,Kolkata,PROD197,1,5999,5999,Pending,Cash on Delivery
ORD14575,CUST2931,21-03-2025,Kolkata,PROD117,1,2299,2299,Shipped,PayPal
ORD14576,CUST4835,18-09-2024,Hyderabad,PROD179,3,1799,5397,Cancelled,Credit Card
ORD14577,CUST1577,30-06-2023,Pune,PROD119,2,1799,3598,Cancelled,Credit Card
ORD14578,CUST4670,07-10-2023,Lucknow,PROD130,3,599,1797,Shipped,Cash on Delivery
ORD14579,CUST1402,16-09-2024,Kochi,PROD175,3,1499,4497,Shipped,PayPal
ORD14580,CUST4414,10-05-2024,Ahmedabad,PROD165,2,1799,3598,Shipped,Credit Card
ORD14581,CUST5179,26-05-2024,Pune,PROD161,3,1499,4497,Shipped,Cash on Delivery
ORD14582,CUST4632,30-10-2022,Delhi,PROD197,1,5999,5999,Delivered,Credit Card
ORD14583,CUST3231,06-09-2022,Chennai,PROD118,1,2999,2999,Delivered,Cash on Delivery
ORD14584,CUST1587,03-09-2023,Delhi,PROD143,1,89999,89999,Cancelled,Cash on Delivery
ORD14585,CUST3502,10-10-2024,Ahmedabad,PROD149,2,1499,2998,Cancelled,Credit Card
ORD14586,CUST2681,31-08-2024,Bhubaneswar,PROD136,3,499,1497,Cancelled,PayPal
ORD14587,CUST5325,20-03-2023,Noida,PROD117,1,2299,2299,Pending,Cash on Delivery
ORD14588,CUST3411,18-06-2024,Bangalore,PROD152,1,39999,39999,Cancelled,Credit Card
ORD14589,CUST3289,18-12-2023,Delhi,PROD101,1,6499,6499,Shipped,Credit Card
ORD14590,CUST2356,18-05-2024,Noida,PROD170,1,2499,2499,Delivered,PayPal
ORD14591,CUST2719,21-05-2024,Pune,PROD168,3,1299,3897,Cancelled,Credit Card
ORD14592,CUST1775,23-09-2022,Lucknow,PROD122,3,399,1197,Cancelled,Cash on Delivery
ORD14593,CUST3020,10-01-2023,Pune,PROD207,3,1299,3897,Shipped,PayPal
ORD14594,CUST1922,05-10-2022,Jaipur,PROD182,2,1899,3798,Delivered,Cash on Delivery
ORD14595,CUST4385,24-04-2023,Pune,PROD164,2,1199,2398,Cancelled,PayPal
ORD14596,CUST2553,03-05-2023,Mumbai,PROD117,1,2299,2299,Returned,PayPal
ORD14597,CUST3912,20-07-2023,Kolkata,PROD192,1,4999,4999,Delivered,Cash on Delivery
ORD14598,CUST4429,22-12-2023,Ahmedabad,PROD155,1,34999,34999,Cancelled,Credit Card
ORD14599,CUST4461,09-08-2023,Bangalore,PROD111,3,1899,5697,Cancelled,Credit Card
ORD14600,CUST5176,09-03-2023,Lucknow,PROD204,1,2299,2299,Shipped,PayPal
ORD14601,CUST4453,27-03-2023,Hyderabad,PROD195,1,4499,4499,Pending,Credit Card
ORD14602,CUST4051,06-09-2023,Delhi,PROD199,2,1299,2598,Shipped,Cash on Delivery
ORD14603,CUST1353,13-11-2022,Noida,PROD122,3,399,1197,Returned,Credit Card
ORD14604,CUST2042,02-03-2023,Chennai,PROD212,1,5499,5499,Shipped,Credit Card
ORD14605,CUST2221,21-08-2023,Visakhapatnam,PROD187,1,4999,4999,Shipped,PayPal
ORD14606,CUST3725,22-02-2025,Lucknow,PROD128,2,799,1598,Cancelled,Credit Card
ORD14607,CUST2128,28-03-2024,Lucknow,PROD211,3,1799,5397,Returned,Credit Card
ORD14608,CUST1574,02-10-2022,Hyderabad,PROD178,3,1299,3897,Pending,Cash on Delivery
ORD14609,CUST2054,16-12-2024,Hyderabad,PROD154,1,71990,71990,Shipped,Credit Card
ORD14610,CUST1567,16-08-2023,Chandigarh,PROD173,2,1299,2598,Shipped,Credit Card
ORD14611,CUST2238,21-06-2023,Gurgaon,PROD122,2,399,798,Cancelled,PayPal
ORD14612,CUST3115,30-09-2024,Ahmedabad,PROD189,2,899,1798,Returned,PayPal
ORD14613,CUST2416,07-03-2023,Delhi,PROD157,1,14999,14999,Cancelled,Credit Card
ORD14614,CUST4092,01-08-2024,Delhi,PROD130,3,599,1797,Cancelled,PayPal
ORD14615,CUST1927,05-03-2023,Delhi,PROD172,1,3999,3999,Shipped,PayPal
ORD14616,CUST4423,12-09-2023,Chandigarh,PROD158,1,8995,8995,Shipped,Cash on Delivery
ORD14617,CUST1099,02-07-2025,Noida,PROD210,1,2499,2499,Cancelled,Credit Card
ORD14618,CUST2291,04-02-2025,Lucknow,PROD210,1,2499,2499,Delivered,Credit Card
ORD14619,CUST4989,15-06-2025,Visakhapatnam,PROD147,1,29990,29990,Cancelled,Cash on Delivery
ORD14620,CUST1741,27-02-2025,Delhi,PROD111,3,1899,5697,Returned,PayPal
ORD14621,CUST2654,06-03-2025,Mumbai,PROD217,2,999,1998,Cancelled,PayPal
ORD14622,CUST2391,01-10-2023,Delhi,PROD122,2,399,798,Delivered,Credit Card
ORD14623,CUST1724,18-04-2024,Nagpur,PROD217,3,999,2997,Pending,Credit Card
ORD14624,CUST1066,12-06-2024,Kolkata,PROD146,1,34999,34999,Cancelled,Credit Card
ORD14625,CUST2018,15-09-2022,Mumbai,PROD162,1,3299,3299,Shipped,Cash on Delivery
ORD14626,CUST3536,18-02-2024,Ahmedabad,PROD127,2,899,1798,Pending,PayPal
ORD14627,CUST4346,10-02-2023,Hyderabad,PROD108,2,1499,2998,Shipped,PayPal
ORD14628,CUST2331,23-01-2025,Bangalore,PROD114,2,1999,3998,Cancelled,Credit Card
ORD14629,CUST4528,01-11-2022,Visakhapatnam,PROD216,1,2299,2299,Cancelled,Credit Card
ORD14630,CUST2911,10-06-2024,Chandigarh,PROD158,1,8995,8995,Returned,Credit Card
ORD14631,CUST1312,14-04-2024,Chandigarh,PROD114,3,1999,5997,Returned,Credit Card
ORD14632,CUST5052,21-01-2025,Chandigarh,PROD162,1,3299,3299,Shipped,Cash on Delivery
ORD14633,CUST1700,24-10-2024,Indore,PROD113,2,1499,2998,Pending,Cash on Delivery
ORD14634,CUST3316,17-07-2023,Chennai,PROD164,3,1199,3597,Cancelled,Cash on Delivery
ORD14635,CUST1055,26-01-2024,Kolkata,PROD127,3,899,2697,Shipped,Cash on Delivery
ORD14636,CUST4326,04-08-2025,Hyderabad,PROD186,1,3499,3499,Cancelled,PayPal
ORD14637,CUST3350,15-11-2024,Chennai,PROD149,3,1499,4497,Cancelled,Cash on Delivery
ORD14638,CUST1031,11-04-2024,Visakhapatnam,PROD141,1,64999,64999,Shipped,PayPal
ORD14639,CUST3966,26-06-2025,Bangalore,PROD196,3,899,2697,Cancelled,PayPal
ORD14640,CUST2528,17-03-2023,Hyderabad,PROD153,1,62990,62990,Returned,Cash on Delivery
ORD14641,CUST2798,11-08-2024,Kolkata,PROD213,2,1999,3998,Shipped,Cash on Delivery
ORD14642,CUST2748,26-10-2024,Hyderabad,PROD216,1,2299,2299,Delivered,Credit Card
ORD14643,CUST3030,29-11-2023,Delhi,PROD132,3,399,1197,Returned,PayPal
ORD14644,CUST4741,31-07-2025,Surat,PROD186,1,3499,3499,Shipped,Cash on Delivery
ORD14645,CUST2179,15-02-2023,Kolkata,PROD180,1,2499,2499,Returned,Cash on Delivery
ORD14646,CUST5305,13-11-2024,Bangalore,PROD144,1,58499,58499,Cancelled,Cash on Delivery
ORD14647,CUST2054,28-06-2024,Chennai,PROD199,2,1299,2598,Returned,Credit Card
ORD14648,CUST3303,30-03-2024,Pune,PROD198,1,6999,6999,Pending,Credit Card
ORD14649,CUST4578,13-12-2023,Bangalore,PROD111,2,1899,3798,Returned,PayPal
ORD14650,CUST2041,28-02-2023,Kolkata,PROD168,3,1299,3897,Delivered,Cash on Delivery
ORD14651,CUST3956,13-06-2024,Bhubaneswar,PROD181,2,1299,2598,Shipped,Credit Card
ORD14652,CUST2910,28-09-2023,Bangalore,PROD113,2,1499,2998,Returned,Cash on Delivery
ORD14653,CUST1417,14-03-2024,Delhi,PROD162,1,3299,3299,Delivered,Cash on Delivery
ORD14654,CUST4759,17-06-2024,Kolkata,PROD216,1,2299,2299,Shipped,Cash on Delivery
ORD14655,CUST4076,02-08-2025,Bhubaneswar,PROD201,2,799,1598,Delivered,Credit Card
ORD14656,CUST2028,19-06-2023,Ahmedabad,PROD208,3,899,2697,Delivered,Cash on Delivery
ORD14657,CUST5297,11-05-2023,Kolkata,PROD208,3,899,2697,Cancelled,Credit Card
ORD14658,CUST3607,14-08-2024,Pune,PROD170,1,2499,2499,Pending,Credit Card
ORD14659,CUST1003,13-05-2024,Kolkata,PROD157,1,14999,14999,Returned,PayPal
ORD14660,CUST1961,20-03-2023,Kolkata,PROD166,1,9499,9499,Shipped,Credit Card
ORD14661,CUST4659,15-08-2025,Noida,PROD162,1,3299,3299,Shipped,Cash on Delivery
ORD14662,CUST3841,27-08-2023,Hyderabad,PROD209,3,1799,5397,Cancelled,Cash on Delivery
ORD14663,CUST1801,22-10-2023,Gurgaon,PROD141,1,64999,64999,Returned,Credit Card
ORD14664,CUST3927,17-02-2025,Chennai,PROD108,3,1499,4497,Delivered,PayPal
ORD14665,CUST1308,10-11-2024,Kolkata,PROD165,2,1799,3598,Pending,Cash on Delivery
ORD14666,CUST3769,13-09-2023,Patna,PROD148,1,6499,6499,Cancelled,Credit Card
ORD14667,CUST1300,15-11-2023,Mumbai,PROD103,1,2999,2999,Shipped,Cash on Delivery
ORD14668,CUST2401,26-02-2025,Kolkata,PROD143,1,89999,89999,Cancelled,Cash on Delivery
ORD14669,CUST1983,22-05-2023,Delhi,PROD106,1,5999,5999,Shipped,Cash on Delivery
ORD14670,CUST3564,17-06-2024,Bhubaneswar,PROD110,1,2999,2999,Delivered,Cash on Delivery
ORD14671,CUST4459,08-06-2023,Jaipur,PROD100,1,2799,2799,Delivered,Credit Card
ORD14672,CUST1360,12-12-2022,Visakhapatnam,PROD121,2,499,998,Shipped,Credit Card
ORD14673,CUST2466,06-03-2025,Hyderabad,PROD129,2,349,698,Delivered,PayPal
ORD14674,CUST1576,25-12-2023,Chennai,PROD183,2,999,1998,Delivered,Credit Card
ORD14675,CUST2516,04-03-2023,Mumbai,PROD214,3,499,1497,Delivered,Cash on Delivery
ORD14676,CUST3849,04-02-2024,Mumbai,PROD130,2,599,1198,Returned,PayPal
ORD14677,CUST4721,08-01-2023,Delhi,PROD185,3,1499,4497,Returned,PayPal
ORD14678,CUST4087,20-08-2025,Pune,PROD123,3,449,1347,Delivered,Cash on Delivery
ORD14679,CUST3732,30-06-2025,Bangalore,PROD156,1,29990,29990,Returned,Cash on Delivery
ORD14680,CUST3498,02-07-2024,Jaipur,PROD204,1,2299,2299,Shipped,Cash on Delivery
ORD14681,CUST2956,09-06-2025,Bangalore,PROD184,1,2999,2999,Delivered,Credit Card
ORD14682,CUST2560,28-09-2023,Patna,PROD113,3,1499,4497,Cancelled,Credit Card
ORD14683,CUST3102,26-11-2023,Indore,PROD210,1,2499,2499,Shipped,PayPal
ORD14684,CUST1719,06-10-2024,Indore,PROD218,2,299,598,Cancelled,PayPal
ORD14685,CUST3889,08-05-2023,Patna,PROD197,1,5999,5999,Cancelled,Cash on Delivery
ORD14686,CUST2449,09-08-2023,Bangalore,PROD179,2,1799,3598,Shipped,Cash on Delivery
ORD14687,CUST5094,30-08-2023,Delhi,PROD204,1,2299,2299,Shipped,Cash on Delivery
ORD14688,CUST5192,20-07-2024,Kolkata,PROD196,3,899,2697,Shipped,Cash on Delivery
ORD14689,CUST4076,12-11-2023,Pune,PROD142,1,59999,59999,Pending,PayPal
ORD14690,CUST2082,27-04-2024,Chennai,PROD200,1,2499,2499,Delivered,Credit Card
ORD14691,CUST5168,05-12-2022,Chandigarh,PROD145,1,62990,62990,Cancelled,Credit Card
ORD14692,CUST2422,04-05-2024,Mumbai,PROD147,1,29990,29990,Cancelled,Cash on Delivery
ORD14693,CUST4294,24-07-2024,Chennai,PROD171,1,6999,6999,Shipped,PayPal
ORD14694,CUST1879,12-09-2024,Bhubaneswar,PROD102,3,1799,5397,Returned,Cash on Delivery
ORD14695,CUST4979,23-01-2024,Chennai,PROD113,2,1499,2998,Returned,PayPal
ORD14696,CUST3601,12-09-2022,Chennai,PROD101,1,6499,6499,Shipped,Cash on Delivery
ORD14697,CUST3899,03-08-2024,Indore,PROD132,3,399,1197,Returned,Cash on Delivery
ORD14698,CUST2657,11-10-2023,Kolkata,PROD189,3,899,2697,Shipped,Credit Card
ORD14699,CUST1337,03-01-2024,Visakhapatnam,PROD209,2,1799,3598,Pending,PayPal
ORD14700,CUST1663,03-11-2023,Jaipur,PROD133,2,299,598,Delivered,Cash on Delivery
ORD14701,CUST1676,11-02-2025,Surat,PROD148,1,6499,6499,Delivered,Cash on Delivery
ORD14702,CUST5283,28-07-2023,Hyderabad,PROD128,2,799,1598,Delivered,PayPal
ORD14703,CUST2233,24-01-2024,Delhi,PROD144,1,58499,58499,Pending,PayPal
ORD14704,CUST5037,24-02-2023,Ahmedabad,PROD173,2,1299,2598,Shipped,Cash on Delivery
ORD14705,CUST3535,26-05-2025,Gurgaon,PROD184,1,2999,2999,Delivered,Credit Card
ORD14706,CUST2850,09-09-2023,Jaipur,PROD218,2,299,598,Delivered,Cash on Delivery
ORD14707,CUST4288,03-03-2023,Mumbai,PROD161,2,1499,2998,Delivered,PayPal
ORD14708,CUST4967,04-10-2024,Mumbai,PROD139,2,499,998,Cancelled,PayPal
ORD14709,CUST4706,20-12-2024,Chennai,PROD185,3,1499,4497,Shipped,PayPal
ORD14710,CUST2421,03-05-2023,Visakhapatnam,PROD182,2,1899,3798,Delivered,Cash on Delivery
ORD14711,CUST1613,18-12-2024,Visakhapatnam,PROD113,2,1499,2998,Cancelled,Credit Card
ORD14712,CUST1249,29-06-2023,Surat,PROD155,1,34999,34999,Shipped,Credit Card
ORD14713,CUST3764,23-01-2023,Bhubaneswar,PROD211,2,1799,3598,Delivered,PayPal
ORD14714,CUST3844,14-04-2023,Chennai,PROD138,2,799,1598,Returned,Cash on Delivery
ORD14715,CUST4604,27-08-2022,Hyderabad,PROD125,2,549,1098,Cancelled,PayPal
ORD14716,CUST2258,18-06-2024,Bhubaneswar,PROD176,1,3499,3499,Returned,Credit Card
ORD14717,CUST3059,11-07-2023,Kochi,PROD168,3,1299,3897,Returned,Cash on Delivery
ORD14718,CUST1008,22-11-2022,Kolkata,PROD213,2,1999,3998,Shipped,Cash on Delivery
ORD14719,CUST4825,23-07-2025,Chennai,PROD176,1,3499,3499,Pending,PayPal
ORD14720,CUST4883,20-05-2024,Pune,PROD198,1,6999,6999,Shipped,Credit Card
ORD14721,CUST4541,28-11-2024,Chandigarh,PROD119,2,1799,3598,Returned,Credit Card
ORD14722,CUST5058,19-01-2025,Bangalore,PROD124,3,699,2097,Pending,PayPal
ORD14723,CUST2267,27-03-2024,Bangalore,PROD150,1,42999,42999,Returned,Cash on Delivery
ORD14724,CUST4499,23-02-2024,Chennai,PROD130,2,599,1198,Returned,Credit Card
ORD14725,CUST5119,27-09-2022,Pune,PROD207,3,1299,3897,Pending,PayPal
ORD14726,CUST2855,01-04-2023,Pune,PROD197,1,5999,5999,Cancelled,PayPal
ORD14727,CUST2471,25-08-2022,Bangalore,PROD187,1,4999,4999,Pending,Credit Card
ORD14728,CUST4917,13-05-2025,Kolkata,PROD172,1,3999,3999,Returned,Credit Card
ORD14729,CUST1071,05-11-2024,Pune,PROD143,1,89999,89999,Pending,PayPal
ORD14730,CUST3819,01-09-2022,Delhi,PROD191,3,1999,5997,Shipped,Cash on Delivery
ORD14731,CUST2641,14-09-2023,Kolkata,PROD218,2,299,598,Returned,PayPal
ORD14732,CUST4949,21-10-2022,Mumbai,PROD194,2,999,1998,Cancelled,Cash on Delivery
ORD14733,CUST1775,10-07-2025,Jaipur,PROD104,1,4499,4499,Pending,Cash on Delivery
ORD14734,CUST3886,14-09-2022,Bangalore,PROD117,1,2299,2299,Cancelled,Cash on Delivery
ORD14735,CUST3001,30-12-2024,Chandigarh,PROD121,2,499,998,Shipped,Cash on Delivery
ORD14736,CUST3166,14-03-2024,Hyderabad,PROD215,2,1799,3598,Pending,PayPal
ORD14737,CUST3618,12-01-2023,Gurgaon,PROD211,3,1799,5397,Returned,Cash on Delivery
ORD14738,CUST1264,09-05-2024,Chennai,PROD185,2,1499,2998,Pending,Cash on Delivery
ORD14739,CUST1711,13-05-2024,Bangalore,PROD194,2,999,1998,Returned,PayPal
ORD14740,CUST4875,04-05-2024,Hyderabad,PROD216,1,2299,2299,Delivered,PayPal
ORD14741,CUST2586,25-08-2023,Indore,PROD128,3,799,2397,Returned,Credit Card
ORD14742,CUST3847,10-05-2025,Hyderabad,PROD121,2,499,998,Pending,Cash on Delivery
ORD14743,CUST3598,13-12-2022,Delhi,PROD165,3,1799,5397,Pending,Credit Card
ORD14744,CUST5157,17-01-2025,Bangalore,PROD141,1,64999,64999,Delivered,Credit Card
ORD14745,CUST3505,18-10-2024,Mumbai,PROD145,1,62990,62990,Pending,PayPal
ORD14746,CUST1301,20-03-2023,Lucknow,PROD200,1,2499,2499,Cancelled,PayPal
ORD14747,CUST4105,01-11-2022,Bangalore,PROD163,1,4999,4999,Returned,Credit Card
ORD14748,CUST1779,15-09-2024,Noida,PROD216,1,2299,2299,Cancelled,Credit Card
ORD14749,CUST1570,28-09-2024,Kochi,PROD137,3,599,1797,Pending,Cash on Delivery
ORD14750,CUST1322,02-06-2024,Noida,PROD207,3,1299,3897,Delivered,PayPal
ORD14751,CUST2119,12-05-2024,Delhi,PROD126,2,299,598,Cancelled,Cash on Delivery
ORD14752,CUST5084,02-09-2022,Kolkata,PROD134,3,450,1350,Delivered,PayPal
ORD14753,CUST3620,29-04-2024,Kolkata,PROD206,2,699,1398,Pending,Cash on Delivery
ORD14754,CUST3108,03-01-2025,Chandigarh,PROD130,2,599,1198,Returned,Credit Card
ORD14755,CUST5212,02-11-2024,Bhubaneswar,PROD126,2,299,598,Pending,PayPal
ORD14756,CUST2989,10-10-2022,Delhi,PROD215,3,1799,5397,Delivered,Cash on Delivery
ORD14757,CUST1921,29-06-2024,Hyderabad,PROD195,1,4499,4499,Cancelled,Credit Card
ORD14758,CUST1279,21-08-2024,Hyderabad,PROD190,1,2499,2499,Pending,Cash on Delivery
ORD14759,CUST3798,18-10-2022,Bangalore,PROD194,2,999,1998,Shipped,Cash on Delivery
ORD14760,CUST2332,27-10-2024,Bhubaneswar,PROD132,3,399,1197,Delivered,Cash on Delivery
ORD14761,CUST3466,24-04-2025,Patna,PROD197,1,5999,5999,Returned,PayPal
ORD14762,CUST3324,16-05-2024,Visakhapatnam,PROD106,1,5999,5999,Cancelled,Cash on Delivery
ORD14763,CUST4093,26-03-2024,Jaipur,PROD130,3,599,1797,Delivered,PayPal
ORD14764,CUST1927,20-07-2025,Delhi,PROD123,3,449,1347,Shipped,Cash on Delivery
ORD14765,CUST3124,19-02-2025,Delhi,PROD171,1,6999,6999,Shipped,Credit Card
ORD14766,CUST1817,21-06-2025,Delhi,PROD110,1,2999,2999,Shipped,Cash on Delivery
ORD14767,CUST3838,01-11-2024,Bhubaneswar,PROD209,3,1799,5397,Shipped,PayPal
ORD14768,CUST4945,25-07-2024,Bangalore,PROD118,1,2999,2999,Pending,Credit Card
ORD14769,CUST1907,05-04-2025,Jaipur,PROD153,1,62990,62990,Pending,Credit Card
ORD14770,CUST3268,29-10-2023,Hyderabad,PROD179,3,1799,5397,Delivered,Credit Card
ORD14771,CUST2835,26-03-2025,Chennai,PROD154,1,71990,71990,Cancelled,PayPal
ORD14772,CUST4713,29-04-2023,Hyderabad,PROD113,2,1499,2998,Returned,Cash on Delivery
ORD14773,CUST5178,10-04-2023,Mumbai,PROD157,1,14999,14999,Cancelled,Credit Card
ORD14774,CUST4922,25-12-2022,Chennai,PROD159,1,4499,4499,Returned,Credit Card
ORD14775,CUST2397,23-04-2025,Visakhapatnam,PROD107,2,1299,2598,Returned,Cash on Delivery
ORD14776,CUST3769,27-09-2023,Ahmedabad,PROD135,2,350,700,Pending,Cash on Delivery
ORD14777,CUST4210,08-05-2023,Gurgaon,PROD176,1,3499,3499,Returned,Credit Card
ORD14778,CUST1446,02-05-2024,Pune,PROD165,3,1799,5397,Returned,Credit Card
ORD14779,CUST3714,31-10-2022,Chandigarh,PROD170,1,2499,2499,Cancelled,Credit Card
ORD14780,CUST3900,28-10-2023,Delhi,PROD211,2,1799,3598,Cancelled,Cash on Delivery
ORD14781,CUST2139,29-09-2022,Bangalore,PROD125,3,549,1647,Pending,PayPal
ORD14782,CUST3730,12-10-2023,Chennai,PROD202,3,1499,4497,Returned,PayPal
ORD14783,CUST2061,07-10-2022,Delhi,PROD172,1,3999,3999,Cancelled,Cash on Delivery
ORD14784,CUST2136,27-05-2024,Bhubaneswar,PROD180,1,2499,2499,Returned,PayPal
ORD14785,CUST1681,19-09-2024,Kolkata,PROD172,1,3999,3999,Shipped,PayPal
ORD14786,CUST3862,06-02-2025,Bhubaneswar,PROD151,1,49999,49999,Delivered,Credit Card
ORD14787,CUST1186,09-12-2022,Mumbai,PROD171,1,6999,6999,Cancelled,Cash on Delivery
ORD14788,CUST2903,11-01-2025,Kolkata,PROD219,2,799,1598,Cancelled,PayPal
ORD14789,CUST3567,30-04-2025,Mumbai,PROD202,2,1499,2998,Cancelled,Cash on Delivery
ORD14790,CUST2231,08-01-2023,Indore,PROD184,1,2999,2999,Returned,Credit Card
ORD14791,CUST2971,03-06-2024,Chennai,PROD180,1,2499,2499,Delivered,Cash on Delivery
ORD14792,CUST3369,12-05-2025,Kolkata,PROD210,1,2499,2499,Cancelled,PayPal
ORD14793,CUST1753,02-09-2022,Mumbai,PROD141,1,64999,64999,Pending,PayPal
ORD14794,CUST2609,04-06-2025,Mumbai,PROD174,3,899,2697,Cancelled,Cash on Delivery
ORD14795,CUST3024,30-01-2024,Lucknow,PROD213,3,1999,5997,Delivered,Credit Card
ORD14796,CUST3265,15-03-2023,Mumbai,PROD131,3,499,1497,Shipped,Credit Card
ORD14797,CUST3038,08-03-2025,Hyderabad,PROD153,1,62990,62990,Pending,Credit Card
ORD14798,CUST4643,10-06-2023,Kolkata,PROD197,1,5999,5999,Pending,Cash on Delivery
ORD14799,CUST1705,20-04-2023,Jaipur,PROD111,3,1899,5697,Pending,Credit Card
ORD14800,CUST1568,06-04-2024,Ahmedabad,PROD105,1,2499,2499,Cancelled,Credit Card
ORD14801,CUST4230,11-03-2024,Bangalore,PROD163,1,4999,4999,Shipped,PayPal
ORD14802,CUST4240,11-06-2025,Kolkata,PROD197,1,5999,5999,Delivered,Cash on Delivery
ORD14803,CUST4312,01-04-2023,Delhi,PROD126,2,299,598,Returned,Cash on Delivery
ORD14804,CUST5132,23-11-2022,Mumbai,PROD139,2,499,998,Cancelled,Credit Card
ORD14805,CUST4811,23-01-2024,Hyderabad,PROD152,1,39999,39999,Cancelled,PayPal
ORD14806,CUST5155,13-12-2023,Chandigarh,PROD141,1,64999,64999,Returned,Credit Card
ORD14807,CUST4935,25-05-2025,Hyderabad,PROD129,3,349,1047,Shipped,Credit Card
ORD14808,CUST2048,10-09-2022,Mumbai,PROD211,3,1799,5397,Delivered,PayPal
ORD14809,CUST2953,24-03-2024,Pune,PROD213,2,1999,3998,Shipped,Cash on Delivery
ORD14810,CUST3769,05-10-2024,Pune,PROD211,3,1799,5397,Cancelled,PayPal
ORD14811,CUST2128,25-05-2025,Chennai,PROD132,2,399,798,Returned,Cash on Delivery
ORD14812,CUST3200,19-09-2022,Delhi,PROD188,2,499,998,Pending,Credit Card
ORD14813,CUST1022,25-10-2024,Kochi,PROD127,2,899,1798,Shipped,Credit Card
ORD14814,CUST4558,02-07-2023,Bangalore,PROD127,2,899,1798,Pending,Cash on Delivery
ORD14815,CUST4995,29-12-2024,Delhi,PROD140,1,69999,69999,Pending,Credit Card
ORD14816,CUST4565,23-08-2024,Nagpur,PROD179,3,1799,5397,Delivered,Credit Card
ORD14817,CUST4873,08-05-2023,Chennai,PROD111,2,1899,3798,Delivered,PayPal
ORD14818,CUST4638,13-09-2024,Chennai,PROD100,1,2799,2799,Cancelled,Cash on Delivery
ORD14819,CUST4091,01-04-2025,Chennai,PROD102,3,1799,5397,Shipped,PayPal
ORD14820,CUST4767,02-09-2023,Pune,PROD126,3,299,897,Delivered,Credit Card
ORD14821,CUST2734,16-03-2024,Pune,PROD149,3,1499,4497,Delivered,PayPal
ORD14822,CUST2811,28-07-2024,Chennai,PROD141,1,64999,64999,Cancelled,Cash on Delivery
ORD14823,CUST3142,03-06-2025,Mumbai,PROD190,1,2499,2499,Shipped,Cash on Delivery
ORD14824,CUST3097,28-01-2025,Bangalore,PROD170,1,2499,2499,Returned,Credit Card
ORD14825,CUST4601,07-09-2022,Bangalore,PROD101,1,6499,6499,Cancelled,Cash on Delivery
ORD14826,CUST1998,21-07-2023,Hyderabad,PROD173,2,1299,2598,Cancelled,Cash on Delivery
ORD14827,CUST1885,31-05-2024,Kolkata,PROD214,2,499,998,Shipped,Credit Card
ORD14828,CUST5237,09-01-2023,Mumbai,PROD147,1,29990,29990,Shipped,PayPal
ORD14829,CUST4287,24-09-2022,Chennai,PROD186,1,3499,3499,Delivered,Cash on Delivery
ORD14830,CUST4730,09-11-2023,Delhi,PROD206,2,699,1398,Pending,PayPal
ORD14831,CUST2977,28-11-2022,Delhi,PROD100,1,2799,2799,Shipped,PayPal
ORD14832,CUST2180,20-01-2025,Jaipur,PROD122,2,399,798,Cancelled,Cash on Delivery
ORD14833,CUST3654,16-11-2023,Ahmedabad,PROD161,2,1499,2998,Returned,PayPal
ORD14834,CUST1264,12-06-2025,Hyderabad,PROD169,3,1899,5697,Delivered,Credit Card
ORD14835,CUST2207,25-10-2022,Hyderabad,PROD128,2,799,1598,Shipped,Credit Card
ORD14836,CUST1161,15-11-2022,Bhubaneswar,PROD192,1,4999,4999,Delivered,PayPal
ORD14837,CUST3099,23-06-2025,Delhi,PROD194,2,999,1998,Pending,Credit Card
ORD14838,CUST2319,12-10-2022,Mumbai,PROD135,2,350,700,Pending,Cash on Delivery
ORD14839,CUST3785,09-10-2022,Pune,PROD108,3,1499,4497,Delivered,Cash on Delivery
ORD14840,CUST4558,08-06-2023,Jaipur,PROD218,3,299,897,Delivered,Cash on Delivery
ORD14841,CUST4148,06-11-2023,Mumbai,PROD190,1,2499,2499,Cancelled,PayPal
ORD14842,CUST5075,23-06-2024,Kolkata,PROD154,1,71990,71990,Cancelled,PayPal
ORD14843,CUST4249,17-02-2025,Hyderabad,PROD201,3,799,2397,Shipped,Credit Card
ORD14844,CUST4472,29-06-2024,Jaipur,PROD120,2,599,1198,Delivered,Credit Card
ORD14845,CUST3627,14-01-2023,Indore,PROD216,1,2299,2299,Shipped,PayPal
ORD14846,CUST4153,03-07-2025,Mumbai,PROD186,1,3499,3499,Delivered,Cash on Delivery
ORD14847,CUST1412,20-12-2024,Lucknow,PROD196,3,899,2697,Shipped,Credit Card
ORD14848,CUST1634,24-04-2023,Chandigarh,PROD208,3,899,2697,Returned,PayPal
ORD14849,CUST4258,02-06-2024,Kolkata,PROD185,2,1499,2998,Cancelled,Credit Card
ORD14850,CUST2006,05-08-2023,Hyderabad,PROD159,1,4499,4499,Returned,Cash on Delivery
ORD14851,CUST4482,31-10-2022,Kolkata,PROD135,2,350,700,Pending,Cash on Delivery
ORD14852,CUST3256,24-01-2024,Chennai,PROD137,3,599,1797,Returned,Cash on Delivery
ORD14853,CUST3704,14-07-2025,Pune,PROD156,1,29990,29990,Returned,Credit Card
ORD14854,CUST3741,18-09-2023,Chennai,PROD164,3,1199,3597,Cancelled,PayPal
ORD14855,CUST5084,02-01-2025,Pune,PROD167,1,3499,3499,Cancelled,Cash on Delivery
ORD14856,CUST3784,15-05-2023,Mumbai,PROD115,1,2499,2499,Delivered,Cash on Delivery
ORD14857,CUST3008,19-02-2023,Chandigarh,PROD140,1,69999,69999,Delivered,PayPal
ORD14858,CUST2400,07-04-2024,Ahmedabad,PROD158,1,8995,8995,Delivered,Credit Card
ORD14859,CUST4340,05-05-2025,Lucknow,PROD215,2,1799,3598,Returned,PayPal
ORD14860,CUST1952,04-06-2025,Visakhapatnam,PROD175,3,1499,4497,Cancelled,Cash on Delivery
ORD14861,CUST2703,10-11-2024,Indore,PROD146,1,34999,34999,Returned,Cash on Delivery
ORD14862,CUST2068,01-07-2024,Nagpur,PROD218,2,299,598,Shipped,Credit Card
ORD14863,CUST4020,03-03-2023,Hyderabad,PROD204,1,2299,2299,Cancelled,Cash on Delivery
ORD14864,CUST5172,04-12-2023,Kolkata,PROD192,1,4999,4999,Pending,Credit Card
ORD14865,CUST1066,19-10-2023,Kolkata,PROD212,1,5499,5499,Pending,Cash on Delivery
ORD14866,CUST2954,02-01-2023,Chennai,PROD162,1,3299,3299,Cancelled,PayPal
ORD14867,CUST1905,10-11-2024,Bangalore,PROD139,3,499,1497,Shipped,Cash on Delivery
ORD14868,CUST2236,10-05-2023,Chennai,PROD212,1,5499,5499,Cancelled,PayPal
ORD14869,CUST1954,04-09-2022,Patna,PROD199,2,1299,2598,Cancelled,Credit Card
ORD14870,CUST1120,08-11-2024,Gurgaon,PROD170,1,2499,2499,Shipped,Cash on Delivery
ORD14871,CUST3063,15-04-2024,Bangalore,PROD211,2,1799,3598,Shipped,PayPal
ORD14872,CUST2310,23-11-2022,Kolkata,PROD100,1,2799,2799,Delivered,PayPal
ORD14873,CUST4375,13-06-2023,Mumbai,PROD108,3,1499,4497,Cancelled,PayPal
ORD14874,CUST3384,26-03-2024,Mumbai,PROD155,1,34999,34999,Returned,Cash on Delivery
ORD14875,CUST2837,11-09-2023,Chandigarh,PROD175,3,1499,4497,Shipped,PayPal
ORD14876,CUST1548,10-06-2023,Bangalore,PROD118,1,2999,2999,Shipped,Credit Card
ORD14877,CUST2705,30-10-2023,Mumbai,PROD134,2,450,900,Delivered,Cash on Delivery
ORD14878,CUST4500,18-09-2024,Pune,PROD197,1,5999,5999,Returned,Cash on Delivery
ORD14879,CUST1764,24-04-2024,Hyderabad,PROD216,1,2299,2299,Shipped,PayPal
ORD14880,CUST2608,27-01-2023,Delhi,PROD101,1,6499,6499,Shipped,PayPal
ORD14881,CUST5100,30-12-2023,Mumbai,PROD196,2,899,1798,Shipped,Credit Card
ORD14882,CUST4037,24-12-2024,Indore,PROD201,3,799,2397,Pending,Cash on Delivery
ORD14883,CUST2497,18-04-2024,Pune,PROD195,1,4499,4499,Pending,Credit Card
ORD14884,CUST4165,23-09-2022,Kolkata,PROD181,3,1299,3897,Cancelled,Cash on Delivery
ORD14885,CUST5254,31-12-2024,Chennai,PROD213,2,1999,3998,Returned,Credit Card
ORD14886,CUST4455,26-08-2023,Hyderabad,PROD108,2,1499,2998,Delivered,Credit Card
ORD14887,CUST4597,13-09-2024,Chandigarh,PROD127,2,899,1798,Cancelled,Cash on Delivery
ORD14888,CUST3400,23-02-2025,Delhi,PROD127,2,899,1798,Pending,Credit Card
ORD14889,CUST1374,10-12-2023,Surat,PROD105,1,2499,2499,Pending,Cash on Delivery
ORD14890,CUST4962,08-11-2023,Bangalore,PROD132,3,399,1197,Shipped,Cash on Delivery
ORD14891,CUST1952,05-12-2022,Gurgaon,PROD203,3,1999,5997,Delivered,Cash on Delivery
ORD14892,CUST4200,06-02-2025,Noida,PROD127,3,899,2697,Delivered,PayPal
ORD14893,CUST1102,30-06-2025,Mumbai,PROD174,2,899,1798,Cancelled,PayPal
ORD14894,CUST4036,23-10-2023,Mumbai,PROD207,3,1299,3897,Pending,Credit Card
ORD14895,CUST1196,08-07-2025,Kochi,PROD131,3,499,1497,Shipped,Cash on Delivery
ORD14896,CUST4170,20-10-2022,Patna,PROD118,1,2999,2999,Shipped,PayPal
ORD14897,CUST4357,13-11-2024,Chennai,PROD110,1,2999,2999,Pending,PayPal
ORD14898,CUST3462,28-12-2022,Nagpur,PROD128,3,799,2397,Cancelled,Credit Card
ORD14899,CUST2439,22-09-2022,Kolkata,PROD210,1,2499,2499,Delivered,PayPal
ORD14900,CUST2287,18-11-2022,Patna,PROD179,2,1799,3598,Shipped,PayPal
ORD14901,CUST1091,17-12-2023,Pune,PROD130,3,599,1797,Cancelled,PayPal
ORD14902,CUST2930,19-08-2025,Nagpur,PROD139,2,499,998,Cancelled,PayPal
ORD14903,CUST4491,04-04-2024,Mumbai,PROD118,1,2999,2999,Shipped,PayPal
ORD14904,CUST3843,03-08-2024,Mumbai,PROD203,3,1999,5997,Shipped,Credit Card
ORD14905,CUST3826,23-09-2024,Pune,PROD147,1,29990,29990,Returned,PayPal
ORD14906,CUST4758,22-09-2024,Jaipur,PROD153,1,62990,62990,Cancelled,Cash on Delivery
ORD14907,CUST4559,24-02-2025,Delhi,PROD113,2,1499,2998,Cancelled,Cash on Delivery
ORD14908,CUST4962,04-07-2024,Hyderabad,PROD212,1,5499,5499,Cancelled,PayPal
ORD14909,CUST3441,08-04-2025,Delhi,PROD205,3,399,1197,Pending,Cash on Delivery
ORD14910,CUST2242,01-06-2025,Kolkata,PROD205,3,399,1197,Returned,Cash on Delivery
ORD14911,CUST2027,14-06-2023,Delhi,PROD189,3,899,2697,Pending,PayPal
ORD14912,CUST3123,27-05-2025,Hyderabad,PROD172,1,3999,3999,Cancelled,PayPal
ORD14913,CUST1074,28-06-2023,Jaipur,PROD167,1,3499,3499,Returned,PayPal
ORD14914,CUST5320,16-06-2024,Pune,PROD196,2,899,1798,Shipped,Cash on Delivery
ORD14915,CUST3517,12-10-2023,Lucknow,PROD128,3,799,2397,Delivered,Cash on Delivery
ORD14916,CUST3268,11-06-2025,Jaipur,PROD123,3,449,1347,Pending,Credit Card
ORD14917,CUST1057,06-11-2024,Lucknow,PROD132,2,399,798,Delivered,PayPal
ORD14918,CUST2463,11-04-2024,Pune,PROD215,3,1799,5397,Delivered,Credit Card
ORD14919,CUST4078,09-11-2024,Ahmedabad,PROD166,1,9499,9499,Delivered,PayPal
ORD14920,CUST2118,17-08-2024,Bangalore,PROD179,3,1799,5397,Cancelled,Cash on Delivery
ORD14921,CUST2286,20-10-2023,Kolkata,PROD146,1,34999,34999,Returned,Cash on Delivery
ORD14922,CUST3156,06-08-2025,Kolkata,PROD153,1,62990,62990,Returned,Credit Card
ORD14923,CUST2562,28-11-2023,Bhubaneswar,PROD138,2,799,1598,Delivered,Cash on Delivery
ORD14924,CUST1076,31-01-2023,Bangalore,PROD175,3,1499,4497,Returned,PayPal
ORD14925,CUST1980,01-12-2024,Pune,PROD121,3,499,1497,Shipped,PayPal
ORD14926,CUST5175,15-03-2025,Chennai,PROD146,1,34999,34999,Cancelled,Credit Card
ORD14927,CUST2790,12-06-2023,Pune,PROD183,3,999,2997,Pending,PayPal
ORD14928,CUST2518,22-08-2025,Mumbai,PROD186,1,3499,3499,Shipped,Cash on Delivery
ORD14929,CUST1882,24-11-2022,Mumbai,PROD124,2,699,1398,Cancelled,Cash on Delivery
ORD14930,CUST2133,02-01-2025,Hyderabad,PROD108,3,1499,4497,Pending,PayPal
ORD14931,CUST3975,27-01-2023,Mumbai,PROD154,1,71990,71990,Shipped,Credit Card
ORD14932,CUST1398,02-05-2023,Delhi,PROD198,1,6999,6999,Pending,Cash on Delivery
ORD14933,CUST1338,31-07-2024,Delhi,PROD162,1,3299,3299,Returned,PayPal
ORD14934,CUST4336,18-02-2023,Pune,PROD142,1,59999,59999,Cancelled,Cash on Delivery
ORD14935,CUST3627,17-08-2025,Nagpur,PROD130,2,599,1198,Returned,PayPal
ORD14936,CUST1303,10-11-2022,Bangalore,PROD133,3,299,897,Shipped,Credit Card
ORD14937,CUST2254,19-06-2025,Bangalore,PROD110,1,2999,2999,Cancelled,PayPal
ORD14938,CUST1967,23-07-2023,Jaipur,PROD172,1,3999,3999,Shipped,Cash on Delivery
ORD14939,CUST2562,11-03-2025,Ahmedabad,PROD120,2,599,1198,Shipped,PayPal
ORD14940,CUST3127,13-07-2025,Delhi,PROD151,1,49999,49999,Delivered,PayPal
ORD14941,CUST4388,20-01-2023,Nagpur,PROD176,1,3499,3499,Pending,PayPal
ORD14942,CUST2697,15-02-2024,Patna,PROD192,1,4999,4999,Delivered,PayPal
ORD14943,CUST3398,23-02-2023,Kochi,PROD141,1,64999,64999,Returned,PayPal
ORD14944,CUST1315,31-08-2023,Chandigarh,PROD167,1,3499,3499,Returned,Credit Card
ORD14945,CUST2041,13-08-2025,Lucknow,PROD131,3,499,1497,Shipped,PayPal
ORD14946,CUST3138,02-04-2023,Pune,PROD139,3,499,1497,Shipped,Credit Card
ORD14947,CUST1178,02-01-2025,Chennai,PROD108,2,1499,2998,Shipped,Credit Card
ORD14948,CUST2923,12-08-2025,Mumbai,PROD135,3,350,1050,Shipped,Cash on Delivery
ORD14949,CUST3163,28-06-2025,Mumbai,PROD132,2,399,798,Cancelled,PayPal
ORD14950,CUST4808,02-04-2023,Jaipur,PROD148,1,6499,6499,Pending,PayPal
ORD14951,CUST5293,30-01-2025,Hyderabad,PROD180,1,2499,2499,Returned,PayPal
ORD14952,CUST2810,26-03-2024,Bangalore,PROD182,3,1899,5697,Returned,PayPal
ORD14953,CUST2406,17-10-2022,Pune,PROD186,1,3499,3499,Returned,Credit Card
ORD14954,CUST1954,08-08-2023,Bangalore,PROD191,3,1999,5997,Delivered,Cash on Delivery
ORD14955,CUST4284,08-09-2023,Bhubaneswar,PROD103,1,2999,2999,Returned,Cash on Delivery
ORD14956,CUST3742,11-07-2025,Indore,PROD212,1,5499,5499,Shipped,Credit Card
ORD14957,CUST4446,28-01-2025,Ahmedabad,PROD162,1,3299,3299,Pending,PayPal
ORD14958,CUST3278,14-09-2023,Kochi,PROD136,3,499,1497,Cancelled,Credit Card
ORD14959,CUST2293,29-11-2024,Delhi,PROD105,1,2499,2499,Cancelled,PayPal
ORD14960,CUST2787,08-11-2022,Bangalore,PROD178,3,1299,3897,Returned,Cash on Delivery
ORD14961,CUST4609,02-04-2023,Chennai,PROD119,2,1799,3598,Pending,Cash on Delivery
ORD14962,CUST5283,16-05-2023,Gurgaon,PROD110,1,2999,2999,Pending,PayPal
ORD14963,CUST3499,04-05-2023,Nagpur,PROD214,2,499,998,Delivered,Cash on Delivery
ORD14964,CUST3319,21-04-2024,Delhi,PROD219,2,799,1598,Shipped,Cash on Delivery
ORD14965,CUST1250,19-02-2025,Delhi,PROD142,1,59999,59999,Returned,Cash on Delivery
ORD14966,CUST2863,25-06-2025,Kolkata,PROD164,3,1199,3597,Delivered,Cash on Delivery
ORD14967,CUST2888,19-02-2023,Lucknow,PROD197,1,5999,5999,Pending,Credit Card
ORD14968,CUST1597,06-02-2023,Mumbai,PROD147,1,29990,29990,Returned,Cash on Delivery
ORD14969,CUST1944,06-10-2022,Kolkata,PROD192,1,4999,4999,Returned,PayPal
ORD14970,CUST1966,17-11-2023,Indore,PROD144,1,58499,58499,Delivered,Cash on Delivery
ORD14971,CUST4841,19-08-2025,Kolkata,PROD102,2,1799,3598,Delivered,Cash on Delivery
ORD14972,CUST3180,01-10-2023,Noida,PROD116,1,3499,3499,Returned,Credit Card
ORD14973,CUST4079,11-03-2023,Visakhapatnam,PROD144,1,58499,58499,Pending,PayPal
ORD14974,CUST1529,28-08-2024,Chennai,PROD201,3,799,2397,Delivered,Cash on Delivery
ORD14975,CUST4230,21-08-2023,Kochi,PROD202,3,1499,4497,Cancelled,Cash on Delivery
ORD14976,CUST4059,08-08-2023,Pune,PROD133,2,299,598,Pending,Credit Card
ORD14977,CUST2309,22-04-2024,Hyderabad,PROD148,1,6499,6499,Returned,Cash on Delivery
ORD14978,CUST3806,05-01-2025,Chennai,PROD132,3,399,1197,Shipped,Cash on Delivery
ORD14979,CUST4629,03-09-2022,Mumbai,PROD123,3,449,1347,Cancelled,Cash on Delivery
ORD14980,CUST4664,18-07-2023,Ahmedabad,PROD168,3,1299,3897,Cancelled,PayPal
ORD14981,CUST2745,20-05-2023,Hyderabad,PROD169,2,1899,3798,Returned,PayPal
ORD14982,CUST4057,03-08-2023,Lucknow,PROD121,3,499,1497,Pending,Credit Card
ORD14983,CUST2575,26-02-2023,Delhi,PROD162,1,3299,3299,Shipped,PayPal
ORD14984,CUST3553,26-10-2024,Kolkata,PROD166,1,9499,9499,Delivered,Cash on Delivery
ORD14985,CUST4204,10-09-2022,Kolkata,PROD131,2,499,998,Cancelled,Credit Card
ORD14986,CUST5080,22-04-2024,Kolkata,PROD135,3,350,1050,Shipped,Credit Card
ORD14987,CUST1365,18-12-2024,Chandigarh,PROD214,3,499,1497,Delivered,PayPal
ORD14988,CUST3301,20-06-2025,Bangalore,PROD215,2,1799,3598,Returned,Credit Card
ORD14989,CUST4180,29-08-2024,Surat,PROD152,1,39999,39999,Delivered,Cash on Delivery
ORD14990,CUST3916,26-11-2023,Pune,PROD175,2,1499,2998,Cancelled,Credit Card
ORD14991,CUST2675,30-09-2023,Hyderabad,PROD184,1,2999,2999,Pending,PayPal
ORD14992,CUST4057,06-03-2024,Kolkata,PROD114,2,1999,3998,Delivered,PayPal
ORD14993,CUST4407,20-10-2024,Mumbai,PROD112,3,1699,5097,Shipped,Cash on Delivery
ORD14994,CUST3203,26-12-2023,Kolkata,PROD163,1,4999,4999,Pending,Cash on Delivery
ORD14995,CUST4755,27-11-2022,Indore,PROD158,1,8995,8995,Pending,PayPal
ORD14996,CUST5222,04-07-2025,Hyderabad,PROD142,1,59999,59999,Returned,PayPal
ORD14997,CUST3774,01-05-2023,Indore,PROD160,1,5999,5999,Cancelled,Cash on Delivery
ORD14998,CUST2671,04-06-2025,Delhi,PROD155,1,34999,34999,Returned,Credit Card
ORD14999,CUST4896,07-06-2023,Hyderabad,PROD102,2,1799,3598,Delivered,Credit Card
ORD15000,CUST1412,31-01-2024,Chennai,PROD193,3,1499,4497,Shipped,Credit Card
ORD15001,CUST1391,29-06-2024,Hyderabad,PROD146,1,34999,34999,Returned,Cash on Delivery
ORD15002,CUST4663,22-04-2025,Kolkata,PROD189,2,899,1798,Cancelled,PayPal
ORD15003,CUST5137,24-06-2024,Kolkata,PROD171,1,6999,6999,Shipped,Credit Card
ORD15004,CUST1613,25-11-2023,Bhubaneswar,PROD158,1,8995,8995,Shipped,Cash on Delivery
ORD15005,CUST2088,08-01-2025,Pune,PROD107,2,1299,2598,Returned,Cash on Delivery
ORD15006,CUST2840,29-03-2024,Delhi,PROD140,1,69999,69999,Shipped,Cash on Delivery
ORD15007,CUST5297,17-01-2025,Noida,PROD122,2,399,798,Returned,Credit Card
ORD15008,CUST4351,13-05-2025,Bangalore,PROD216,1,2299,2299,Delivered,Credit Card
ORD15009,CUST2500,16-03-2024,Kochi,PROD170,1,2499,2499,Cancelled,PayPal
ORD15010,CUST2946,06-07-2024,Surat,PROD194,3,999,2997,Shipped,Credit Card
ORD15011,CUST1038,27-08-2024,Hyderabad,PROD161,2,1499,2998,Delivered,PayPal
ORD15012,CUST4409,13-04-2025,Delhi,PROD174,3,899,2697,Cancelled,Credit Card
ORD15013,CUST2817,07-10-2023,Mumbai,PROD172,1,3999,3999,Shipped,PayPal
ORD15014,CUST1536,18-02-2023,Pune,PROD163,1,4999,4999,Shipped,PayPal
ORD15015,CUST2576,14-12-2024,Chennai,PROD121,3,499,1497,Cancelled,Credit Card
ORD15016,CUST4815,03-04-2023,Hyderabad,PROD115,1,2499,2499,Returned,Credit Card
ORD15017,CUST2852,06-01-2025,Delhi,PROD146,1,34999,34999,Delivered,Credit Card
ORD15018,CUST3805,25-06-2023,Bangalore,PROD138,3,799,2397,Cancelled,PayPal
ORD15019,CUST1701,24-11-2022,Noida,PROD173,2,1299,2598,Delivered,PayPal
ORD15020,CUST3194,06-08-2025,Kolkata,PROD145,1,62990,62990,Delivered,PayPal
ORD15021,CUST1744,06-09-2022,Pune,PROD143,1,89999,89999,Shipped,PayPal
ORD15022,CUST2954,12-09-2024,Noida,PROD117,1,2299,2299,Delivered,Credit Card
ORD15023,CUST3763,18-05-2023,Chennai,PROD168,3,1299,3897,Cancelled,Credit Card
ORD15024,CUST4151,02-01-2025,Chennai,PROD203,2,1999,3998,Delivered,Cash on Delivery
ORD15025,CUST1041,31-10-2023,Surat,PROD189,2,899,1798,Cancelled,PayPal
ORD15026,CUST4698,04-10-2023,Kolkata,PROD147,1,29990,29990,Shipped,PayPal
ORD15027,CUST1182,10-10-2022,Mumbai,PROD208,2,899,1798,Pending,PayPal
ORD15028,CUST4753,20-11-2022,Bhubaneswar,PROD141,1,64999,64999,Delivered,PayPal
ORD15029,CUST2383,16-02-2024,Nagpur,PROD172,1,3999,3999,Pending,Credit Card
ORD15030,CUST4820,16-01-2023,Hyderabad,PROD120,3,599,1797,Shipped,Cash on Delivery
ORD15031,CUST3122,02-03-2024,Hyderabad,PROD144,1,58499,58499,Delivered,Cash on Delivery
ORD15032,CUST2348,04-12-2023,Kolkata,PROD167,1,3499,3499,Delivered,PayPal
ORD15033,CUST2133,10-02-2023,Pune,PROD201,2,799,1598,Delivered,Cash on Delivery
ORD15034,CUST1838,03-01-2025,Jaipur,PROD197,1,5999,5999,Delivered,Cash on Delivery
ORD15035,CUST1143,04-03-2025,Pune,PROD123,2,449,898,Shipped,PayPal
ORD15036,CUST1128,21-02-2024,Mumbai,PROD149,2,1499,2998,Returned,PayPal
ORD15037,CUST3205,04-06-2024,Bangalore,PROD132,3,399,1197,Shipped,PayPal
ORD15038,CUST1104,14-04-2025,Chennai,PROD151,1,49999,49999,Returned,PayPal
ORD15039,CUST2937,03-12-2022,Hyderabad,PROD153,1,62990,62990,Delivered,Cash on Delivery
ORD15040,CUST4241,01-03-2025,Delhi,PROD200,1,2499,2499,Returned,Credit Card
ORD15041,CUST2302,07-12-2022,Chennai,PROD113,3,1499,4497,Returned,Cash on Delivery
ORD15042,CUST4756,06-01-2024,Bhubaneswar,PROD180,1,2499,2499,Cancelled,Credit Card
ORD15043,CUST3937,30-05-2024,Chennai,PROD140,1,69999,69999,Pending,Credit Card
ORD15044,CUST4111,03-03-2025,Nagpur,PROD214,3,499,1497,Returned,Cash on Delivery
ORD15045,CUST4459,15-01-2023,Chennai,PROD202,3,1499,4497,Delivered,Cash on Delivery
ORD15046,CUST1111,27-08-2023,Chennai,PROD206,3,699,2097,Pending,Cash on Delivery
ORD15047,CUST4644,08-04-2025,Kolkata,PROD176,1,3499,3499,Pending,Credit Card
ORD15048,CUST4929,22-03-2025,Kolkata,PROD113,3,1499,4497,Returned,PayPal
ORD15049,CUST2473,10-10-2024,Bhubaneswar,PROD123,2,449,898,Pending,Credit Card
ORD15050,CUST4566,25-01-2023,Delhi,PROD177,3,1599,4797,Delivered,Cash on Delivery
ORD15051,CUST2283,14-07-2024,Chennai,PROD169,3,1899,5697,Returned,Cash on Delivery
ORD15052,CUST3292,26-04-2025,Chennai,PROD136,2,499,998,Shipped,Cash on Delivery
ORD15053,CUST4182,09-09-2024,Visakhapatnam,PROD143,1,89999,89999,Cancelled,PayPal
ORD15054,CUST2837,06-09-2022,Gurgaon,PROD164,2,1199,2398,Pending,Cash on Delivery
ORD15055,CUST2988,03-02-2023,Hyderabad,PROD175,3,1499,4497,Returned,Credit Card
ORD15056,CUST1911,05-05-2023,Chandigarh,PROD153,1,62990,62990,Delivered,Credit Card
ORD15057,CUST1543,08-05-2025,Hyderabad,PROD112,2,1699,3398,Shipped,PayPal
ORD15058,CUST2187,22-02-2025,Delhi,PROD116,1,3499,3499,Cancelled,PayPal
ORD15059,CUST1902,23-10-2023,Bangalore,PROD144,1,58499,58499,Returned,PayPal
ORD15060,CUST5165,24-09-2024,Hyderabad,PROD111,2,1899,3798,Shipped,PayPal
ORD15061,CUST2446,21-04-2024,Kolkata,PROD165,3,1799,5397,Pending,PayPal
ORD15062,CUST4636,15-12-2022,Mumbai,PROD131,2,499,998,Returned,Credit Card
ORD15063,CUST1863,20-08-2025,Chandigarh,PROD192,1,4999,4999,Delivered,Cash on Delivery
ORD15064,CUST3678,16-08-2025,Chennai,PROD203,2,1999,3998,Returned,PayPal
ORD15065,CUST2123,28-03-2024,Chennai,PROD180,1,2499,2499,Delivered,Credit Card
ORD15066,CUST2144,16-09-2022,Chennai,PROD218,3,299,897,Returned,Cash on Delivery
ORD15067,CUST2792,28-02-2025,Delhi,PROD199,3,1299,3897,Returned,Cash on Delivery
ORD15068,CUST2404,17-05-2024,Jaipur,PROD214,3,499,1497,Shipped,PayPal
ORD15069,CUST3512,12-12-2024,Kolkata,PROD197,1,5999,5999,Returned,Credit Card
ORD15070,CUST1550,11-04-2024,Chennai,PROD177,2,1599,3198,Delivered,Credit Card
ORD15071,CUST1104,10-10-2024,Pune,PROD186,1,3499,3499,Shipped,Cash on Delivery
ORD15072,CUST1891,17-10-2022,Pune,PROD165,2,1799,3598,Delivered,Credit Card
ORD15073,CUST1523,12-02-2025,Chennai,PROD155,1,34999,34999,Shipped,Credit Card
ORD15074,CUST3088,09-12-2024,Ahmedabad,PROD144,1,58499,58499,Shipped,Cash on Delivery
ORD15075,CUST4988,28-03-2023,Delhi,PROD194,2,999,1998,Delivered,Cash on Delivery
ORD15076,CUST1305,20-06-2024,Hyderabad,PROD216,1,2299,2299,Shipped,Credit Card
ORD15077,CUST1644,20-03-2025,Lucknow,PROD190,1,2499,2499,Returned,PayPal
ORD15078,CUST1722,25-11-2024,Kochi,PROD191,2,1999,3998,Delivered,PayPal
ORD15079,CUST3573,23-03-2025,Hyderabad,PROD178,2,1299,2598,Pending,Credit Card
ORD15080,CUST2091,25-07-2023,Mumbai,PROD123,2,449,898,Cancelled,PayPal
ORD15081,CUST2019,08-02-2025,Gurgaon,PROD163,1,4999,4999,Cancelled,Cash on Delivery
ORD15082,CUST4432,08-09-2022,Pune,PROD171,1,6999,6999,Delivered,PayPal
ORD15083,CUST4879,31-10-2024,Delhi,PROD180,1,2499,2499,Pending,PayPal
ORD15084,CUST4230,21-12-2023,Hyderabad,PROD108,2,1499,2998,Returned,PayPal
ORD15085,CUST4290,16-02-2025,Chandigarh,PROD142,1,59999,59999,Delivered,PayPal
ORD15086,CUST2729,31-12-2024,Mumbai,PROD121,3,499,1497,Shipped,Cash on Delivery
ORD15087,CUST2038,24-11-2024,Pune,PROD135,2,350,700,Shipped,Credit Card
ORD15088,CUST2033,05-12-2023,Surat,PROD212,1,5499,5499,Shipped,PayPal
ORD15089,CUST4466,16-06-2025,Visakhapatnam,PROD121,3,499,1497,Shipped,Credit Card
ORD15090,CUST3866,13-02-2023,Pune,PROD138,2,799,1598,Delivered,Credit Card
ORD15091,CUST1678,30-12-2024,Bangalore,PROD191,2,1999,3998,Cancelled,Cash on Delivery
ORD15092,CUST3259,31-10-2023,Patna,PROD113,3,1499,4497,Returned,Cash on Delivery
ORD15093,CUST5304,13-11-2023,Chennai,PROD195,1,4499,4499,Returned,Cash on Delivery
ORD15094,CUST3194,14-08-2024,Kolkata,PROD216,1,2299,2299,Returned,PayPal
ORD15095,CUST1965,17-04-2025,Chandigarh,PROD218,2,299,598,Cancelled,Credit Card
ORD15096,CUST4062,18-03-2024,Pune,PROD193,2,1499,2998,Delivered,PayPal
ORD15097,CUST4132,01-01-2023,Mumbai,PROD188,3,499,1497,Shipped,PayPal
ORD15098,CUST1412,16-10-2024,Ahmedabad,PROD143,1,89999,89999,Cancelled,Credit Card
ORD15099,CUST3248,22-10-2024,Bhubaneswar,PROD159,1,4499,4499,Returned,Credit Card
ORD15100,CUST1705,14-02-2024,Chennai,PROD214,2,499,998,Pending,Cash on Delivery
ORD15101,CUST5202,25-12-2023,Chandigarh,PROD146,1,34999,34999,Shipped,Credit Card
ORD15102,CUST3060,10-03-2023,Chennai,PROD108,3,1499,4497,Shipped,PayPal
ORD15103,CUST4971,16-04-2025,Chennai,PROD123,2,449,898,Delivered,Cash on Delivery
ORD15104,CUST4662,15-07-2025,Pune,PROD216,1,2299,2299,Delivered,PayPal
ORD15105,CUST2049,08-07-2023,Bangalore,PROD160,1,5999,5999,Delivered,PayPal
ORD15106,CUST4820,03-05-2024,Lucknow,PROD114,3,1999,5997,Shipped,Credit Card
ORD15107,CUST1564,04-05-2024,Mumbai,PROD177,2,1599,3198,Delivered,Cash on Delivery
ORD15108,CUST4860,10-02-2025,Mumbai,PROD155,1,34999,34999,Returned,Credit Card
ORD15109,CUST2079,08-12-2024,Bangalore,PROD134,2,450,900,Shipped,PayPal
ORD15110,CUST2726,31-05-2024,Chandigarh,PROD148,1,6499,6499,Delivered,Cash on Delivery
ORD15111,CUST1820,18-11-2023,Surat,PROD141,1,64999,64999,Pending,PayPal
ORD15112,CUST3931,14-03-2023,Kochi,PROD127,2,899,1798,Shipped,Cash on Delivery
ORD15113,CUST2755,26-07-2025,Hyderabad,PROD149,3,1499,4497,Cancelled,Cash on Delivery
ORD15114,CUST4996,27-02-2024,Surat,PROD173,3,1299,3897,Returned,Credit Card
ORD15115,CUST1104,21-08-2024,Kochi,PROD176,1,3499,3499,Cancelled,Cash on Delivery
ORD15116,CUST2906,18-04-2025,Chennai,PROD128,3,799,2397,Cancelled,PayPal
ORD15117,CUST1477,16-09-2024,Surat,PROD159,1,4499,4499,Delivered,Cash on Delivery
ORD15118,CUST2159,24-05-2023,Ahmedabad,PROD171,1,6999,6999,Pending,PayPal
ORD15119,CUST1251,10-11-2024,Indore,PROD160,1,5999,5999,Delivered,Credit Card
ORD15120,CUST2279,20-02-2024,Hyderabad,PROD110,1,2999,2999,Returned,PayPal
ORD15121,CUST1585,11-10-2022,Bangalore,PROD136,3,499,1497,Delivered,Credit Card
ORD15122,CUST4596,04-11-2024,Jaipur,PROD163,1,4999,4999,Shipped,PayPal
ORD15123,CUST1386,12-11-2022,Nagpur,PROD219,2,799,1598,Cancelled,Credit Card
ORD15124,CUST5025,23-05-2023,Kolkata,PROD130,3,599,1797,Pending,Cash on Delivery
ORD15125,CUST2700,04-09-2024,Mumbai,PROD215,3,1799,5397,Shipped,Cash on Delivery
ORD15126,CUST3011,31-05-2024,Ahmedabad,PROD114,2,1999,3998,Pending,Cash on Delivery
ORD15127,CUST2456,16-10-2023,Lucknow,PROD119,3,1799,5397,Shipped,PayPal
ORD15128,CUST1331,13-08-2023,Visakhapatnam,PROD144,1,58499,58499,Shipped,Cash on Delivery
ORD15129,CUST4726,16-10-2023,Nagpur,PROD159,1,4499,4499,Delivered,PayPal
ORD15130,CUST3553,08-04-2025,Pune,PROD212,1,5499,5499,Shipped,Cash on Delivery
ORD15131,CUST4865,20-01-2023,Kolkata,PROD107,2,1299,2598,Delivered,Credit Card
ORD15132,CUST4360,13-12-2022,Mumbai,PROD186,1,3499,3499,Cancelled,Cash on Delivery
ORD15133,CUST3363,31-07-2023,Patna,PROD123,3,449,1347,Shipped,PayPal
ORD15134,CUST3235,22-09-2024,Gurgaon,PROD148,1,6499,6499,Returned,Cash on Delivery
ORD15135,CUST2518,07-12-2024,Mumbai,PROD105,1,2499,2499,Pending,Credit Card
ORD15136,CUST1282,23-09-2023,Hyderabad,PROD144,1,58499,58499,Cancelled,Credit Card
ORD15137,CUST3044,05-07-2024,Chennai,PROD175,2,1499,2998,Shipped,Cash on Delivery
ORD15138,CUST4570,18-04-2025,Pune,PROD146,1,34999,34999,Cancelled,Credit Card
ORD15139,CUST1689,20-08-2025,Patna,PROD105,1,2499,2499,Returned,Cash on Delivery
ORD15140,CUST2708,10-02-2025,Delhi,PROD149,2,1499,2998,Delivered,Credit Card
ORD15141,CUST3648,15-07-2024,Noida,PROD160,1,5999,5999,Delivered,Cash on Delivery
ORD15142,CUST3555,09-02-2025,Chennai,PROD204,1,2299,2299,Returned,Credit Card
ORD15143,CUST4194,20-06-2023,Hyderabad,PROD216,1,2299,2299,Cancelled,Credit Card
ORD15144,CUST4747,12-04-2024,Hyderabad,PROD205,2,399,798,Cancelled,PayPal
ORD15145,CUST1983,20-05-2025,Hyderabad,PROD178,3,1299,3897,Cancelled,Credit Card
ORD15146,CUST1974,20-01-2024,Hyderabad,PROD142,1,59999,59999,Cancelled,Credit Card
ORD15147,CUST4901,29-11-2023,Hyderabad,PROD127,2,899,1798,Shipped,Cash on Delivery
ORD15148,CUST1741,08-09-2022,Gurgaon,PROD183,2,999,1998,Returned,PayPal
ORD15149,CUST3935,06-07-2023,Kolkata,PROD213,2,1999,3998,Shipped,Cash on Delivery
ORD15150,CUST1589,02-06-2023,Hyderabad,PROD154,1,71990,71990,Shipped,Cash on Delivery
ORD15151,CUST1740,03-04-2025,Delhi,PROD202,3,1499,4497,Returned,PayPal
ORD15152,CUST2174,13-07-2024,Kochi,PROD171,1,6999,6999,Shipped,Credit Card
ORD15153,CUST3260,10-08-2024,Indore,PROD115,1,2499,2499,Cancelled,Cash on Delivery
ORD15154,CUST1798,20-02-2024,Pune,PROD124,3,699,2097,Delivered,Cash on Delivery
ORD15155,CUST2266,23-09-2023,Pune,PROD179,3,1799,5397,Pending,Credit Card
ORD15156,CUST2898,27-06-2023,Chandigarh,PROD218,2,299,598,Pending,Credit Card
ORD15157,CUST1367,19-07-2025,Bangalore,PROD144,1,58499,58499,Shipped,PayPal
ORD15158,CUST2758,28-04-2024,Nagpur,PROD147,1,29990,29990,Returned,Credit Card
ORD15159,CUST3709,22-04-2025,Delhi,PROD106,1,5999,5999,Delivered,PayPal
ORD15160,CUST3128,01-09-2024,Gurgaon,PROD102,2,1799,3598,Delivered,PayPal
ORD15161,CUST1332,01-06-2025,Indore,PROD128,2,799,1598,Shipped,Credit Card
ORD15162,CUST1823,23-11-2024,Hyderabad,PROD201,3,799,2397,Returned,PayPal
ORD15163,CUST2627,24-09-2024,Hyderabad,PROD145,1,62990,62990,Pending,PayPal
ORD15164,CUST1832,10-09-2023,Visakhapatnam,PROD132,2,399,798,Cancelled,Cash on Delivery
ORD15165,CUST1875,21-04-2025,Delhi,PROD180,1,2499,2499,Returned,Cash on Delivery
ORD15166,CUST1817,12-03-2024,Bangalore,PROD179,3,1799,5397,Delivered,Credit Card
ORD15167,CUST2616,22-05-2025,Noida,PROD185,3,1499,4497,Shipped,PayPal
ORD15168,CUST3099,23-11-2023,Surat,PROD183,2,999,1998,Delivered,PayPal
ORD15169,CUST3899,26-12-2023,Surat,PROD187,1,4999,4999,Pending,Cash on Delivery
ORD15170,CUST1806,13-06-2024,Hyderabad,PROD184,1,2999,2999,Pending,PayPal
ORD15171,CUST4845,27-07-2023,Chennai,PROD199,2,1299,2598,Delivered,Credit Card
ORD15172,CUST4625,11-05-2023,Ahmedabad,PROD194,2,999,1998,Shipped,PayPal
ORD15173,CUST3330,07-11-2024,Surat,PROD170,1,2499,2499,Delivered,PayPal
ORD15174,CUST3042,27-09-2024,Kolkata,PROD119,2,1799,3598,Returned,PayPal
ORD15175,CUST3395,25-06-2023,Surat,PROD102,3,1799,5397,Shipped,Credit Card
ORD15176,CUST3032,12-06-2025,Pune,PROD154,1,71990,71990,Returned,PayPal
ORD15177,CUST3414,15-12-2023,Mumbai,PROD100,1,2799,2799,Shipped,Credit Card
ORD15178,CUST4216,23-10-2022,Nagpur,PROD133,2,299,598,Pending,Credit Card
ORD15179,CUST4509,17-04-2025,Kolkata,PROD148,1,6499,6499,Shipped,Cash on Delivery
ORD15180,CUST1922,25-02-2023,Visakhapatnam,PROD130,2,599,1198,Cancelled,PayPal
ORD15181,CUST4538,24-03-2023,Mumbai,PROD187,1,4999,4999,Shipped,PayPal
ORD15182,CUST2176,03-03-2024,Chennai,PROD128,2,799,1598,Delivered,PayPal
ORD15183,CUST1278,21-09-2023,Bangalore,PROD108,3,1499,4497,Pending,Cash on Delivery
ORD15184,CUST5204,25-08-2023,Chennai,PROD137,3,599,1797,Shipped,Cash on Delivery
ORD15185,CUST1149,22-01-2024,Delhi,PROD213,2,1999,3998,Cancelled,PayPal
ORD15186,CUST1703,20-12-2023,Hyderabad,PROD145,1,62990,62990,Returned,Credit Card
ORD15187,CUST2552,20-10-2024,Delhi,PROD214,2,499,998,Shipped,PayPal
ORD15188,CUST3827,02-10-2022,Mumbai,PROD198,1,6999,6999,Delivered,PayPal
ORD15189,CUST2587,02-02-2025,Pune,PROD117,1,2299,2299,Returned,Cash on Delivery
ORD15190,CUST3197,03-03-2024,Bhubaneswar,PROD115,1,2499,2499,Shipped,Cash on Delivery
ORD15191,CUST2791,31-03-2025,Nagpur,PROD195,1,4499,4499,Pending,Cash on Delivery
ORD15192,CUST1283,24-01-2023,Delhi,PROD134,2,450,900,Returned,Credit Card
ORD15193,CUST3553,21-02-2023,Hyderabad,PROD179,3,1799,5397,Returned,PayPal
ORD15194,CUST1524,15-03-2023,Mumbai,PROD215,2,1799,3598,Shipped,PayPal
ORD15195,CUST5125,24-01-2025,Mumbai,PROD139,2,499,998,Pending,Credit Card
ORD15196,CUST2908,08-07-2025,Kolkata,PROD211,2,1799,3598,Shipped,PayPal
ORD15197,CUST2078,12-09-2024,Nagpur,PROD176,1,3499,3499,Pending,PayPal
ORD15198,CUST1276,07-08-2023,Indore,PROD130,3,599,1797,Shipped,PayPal
ORD15199,CUST4646,03-08-2024,Bhubaneswar,PROD201,3,799,2397,Shipped,PayPal
ORD15200,CUST4105,02-03-2024,Bangalore,PROD206,3,699,2097,Returned,Cash on Delivery
ORD15201,CUST2586,26-11-2022,Noida,PROD198,1,6999,6999,Pending,Cash on Delivery
ORD15202,CUST3980,11-11-2024,Visakhapatnam,PROD178,3,1299,3897,Pending,Cash on Delivery
ORD15203,CUST1412,06-01-2023,Bangalore,PROD121,2,499,998,Pending,Cash on Delivery
ORD15204,CUST2483,25-10-2022,Kolkata,PROD194,2,999,1998,Cancelled,Cash on Delivery
ORD15205,CUST1146,06-05-2024,Pune,PROD162,1,3299,3299,Returned,PayPal
ORD15206,CUST1279,20-12-2022,Hyderabad,PROD189,2,899,1798,Cancelled,PayPal
ORD15207,CUST1358,05-09-2023,Pune,PROD212,1,5499,5499,Returned,Credit Card
ORD15208,CUST2591,13-09-2024,Bangalore,PROD116,1,3499,3499,Returned,Cash on Delivery
ORD15209,CUST2504,01-07-2025,Chennai,PROD112,3,1699,5097,Shipped,Credit Card
ORD15210,CUST1204,21-01-2025,Bangalore,PROD104,1,4499,4499,Shipped,PayPal
ORD15211,CUST3383,27-11-2023,Jaipur,PROD168,2,1299,2598,Cancelled,Cash on Delivery
ORD15212,CUST1538,04-09-2024,Indore,PROD153,1,62990,62990,Shipped,PayPal
ORD15213,CUST3343,04-12-2022,Hyderabad,PROD101,1,6499,6499,Pending,Credit Card
ORD15214,CUST5294,30-01-2024,Kochi,PROD124,3,699,2097,Pending,PayPal
ORD15215,CUST2003,14-12-2022,Kochi,PROD112,2,1699,3398,Delivered,Credit Card
ORD15216,CUST2126,12-01-2025,Kolkata,PROD193,3,1499,4497,Cancelled,PayPal
ORD15217,CUST3135,03-02-2024,Mumbai,PROD121,2,499,998,Delivered,Credit Card
ORD15218,CUST1497,11-05-2023,Hyderabad,PROD147,1,29990,29990,Delivered,PayPal
ORD15219,CUST1126,25-08-2023,Kolkata,PROD155,1,34999,34999,Returned,Cash on Delivery
ORD15220,CUST4553,08-03-2023,Visakhapatnam,PROD194,2,999,1998,Shipped,Credit Card
ORD15221,CUST4233,12-04-2025,Kolkata,PROD198,1,6999,6999,Pending,Credit Card
ORD15222,CUST2370,18-02-2024,Kolkata,PROD108,2,1499,2998,Cancelled,Cash on Delivery
ORD15223,CUST2421,13-03-2025,Pune,PROD191,2,1999,3998,Cancelled,Credit Card
ORD15224,CUST4467,17-03-2023,Bhubaneswar,PROD157,1,14999,14999,Returned,PayPal
ORD15225,CUST1752,26-07-2025,Visakhapatnam,PROD144,1,58499,58499,Delivered,Cash on Delivery
ORD15226,CUST2412,26-05-2025,Chennai,PROD188,3,499,1497,Cancelled,PayPal
ORD15227,CUST3437,07-08-2025,Ahmedabad,PROD105,1,2499,2499,Delivered,Credit Card
ORD15228,CUST4598,23-11-2024,Indore,PROD156,1,29990,29990,Pending,Credit Card
ORD15229,CUST4326,27-03-2025,Pune,PROD207,3,1299,3897,Shipped,PayPal
ORD15230,CUST2312,05-02-2024,Chandigarh,PROD129,3,349,1047,Pending,Cash on Delivery
ORD15231,CUST1403,08-04-2025,Surat,PROD139,2,499,998,Returned,PayPal
ORD15232,CUST1805,18-02-2024,Chennai,PROD199,3,1299,3897,Pending,PayPal
ORD15233,CUST1983,20-01-2023,Bangalore,PROD151,1,49999,49999,Shipped,Credit Card
ORD15234,CUST3442,07-09-2024,Chennai,PROD125,2,549,1098,Returned,PayPal
ORD15235,CUST1896,21-11-2024,Noida,PROD163,1,4999,4999,Delivered,Cash on Delivery
ORD15236,CUST2980,09-01-2025,Chennai,PROD166,1,9499,9499,Returned,PayPal
ORD15237,CUST4608,23-11-2022,Chandigarh,PROD101,1,6499,6499,Shipped,PayPal
ORD15238,CUST1736,27-09-2023,Chennai,PROD188,3,499,1497,Delivered,Cash on Delivery
ORD15239,CUST1464,28-07-2023,Kolkata,PROD198,1,6999,6999,Cancelled,PayPal
ORD15240,CUST1939,16-04-2023,Delhi,PROD116,1,3499,3499,Delivered,Credit Card
ORD15241,CUST2206,01-10-2022,Bangalore,PROD131,2,499,998,Pending,PayPal
ORD15242,CUST4222,03-05-2025,Chandigarh,PROD105,1,2499,2499,Pending,Credit Card
ORD15243,CUST1191,19-04-2025,Jaipur,PROD161,2,1499,2998,Delivered,Credit Card
ORD15244,CUST1481,10-05-2024,Kolkata,PROD130,3,599,1797,Delivered,Cash on Delivery
ORD15245,CUST2862,14-12-2023,Chennai,PROD154,1,71990,71990,Shipped,Cash on Delivery
ORD15246,CUST2643,26-11-2024,Mumbai,PROD166,1,9499,9499,Delivered,Cash on Delivery
ORD15247,CUST2961,14-06-2024,Nagpur,PROD210,1,2499,2499,Shipped,PayPal
ORD15248,CUST3411,26-10-2024,Kolkata,PROD125,2,549,1098,Delivered,Credit Card
ORD15249,CUST1819,13-09-2024,Chandigarh,PROD191,2,1999,3998,Returned,Cash on Delivery
ORD15250,CUST2117,02-05-2025,Delhi,PROD161,3,1499,4497,Delivered,Credit Card
ORD15251,CUST4846,16-03-2025,Jaipur,PROD180,1,2499,2499,Pending,PayPal
ORD15252,CUST1420,04-02-2023,Mumbai,PROD205,2,399,798,Shipped,Credit Card
ORD15253,CUST4768,13-01-2024,Delhi,PROD146,1,34999,34999,Pending,Cash on Delivery
ORD15254,CUST1806,15-08-2023,Mumbai,PROD194,2,999,1998,Cancelled,Cash on Delivery
ORD15255,CUST4967,18-10-2024,Mumbai,PROD112,3,1699,5097,Pending,Credit Card
ORD15256,CUST5277,28-08-2022,Chennai,PROD167,1,3499,3499,Cancelled,Credit Card
ORD15257,CUST2557,01-08-2023,Lucknow,PROD216,1,2299,2299,Pending,PayPal
ORD15258,CUST3122,20-07-2025,Patna,PROD198,1,6999,6999,Returned,Cash on Delivery
ORD15259,CUST4701,26-06-2024,Visakhapatnam,PROD123,2,449,898,Shipped,Cash on Delivery
ORD15260,CUST3202,11-06-2024,Pune,PROD117,1,2299,2299,Pending,Cash on Delivery
ORD15261,CUST3452,18-01-2023,Pune,PROD218,2,299,598,Cancelled,Cash on Delivery
ORD15262,CUST4773,17-06-2024,Delhi,PROD192,1,4999,4999,Shipped,PayPal
ORD15263,CUST5323,22-11-2022,Ahmedabad,PROD180,1,2499,2499,Shipped,Cash on Delivery
ORD15264,CUST4717,24-02-2024,Mumbai,PROD154,1,71990,71990,Delivered,Credit Card
ORD15265,CUST1249,09-06-2025,Chandigarh,PROD119,2,1799,3598,Cancelled,Credit Card
ORD15266,CUST2442,22-12-2023,Bangalore,PROD212,1,5499,5499,Delivered,PayPal
ORD15267,CUST4238,26-03-2025,Chennai,PROD185,2,1499,2998,Returned,Credit Card
ORD15268,CUST3374,21-12-2024,Indore,PROD191,2,1999,3998,Delivered,PayPal
ORD15269,CUST3700,12-10-2023,Gurgaon,PROD203,3,1999,5997,Cancelled,Credit Card
ORD15270,CUST2382,04-08-2025,Indore,PROD158,1,8995,8995,Returned,Cash on Delivery
ORD15271,CUST1412,22-08-2024,Mumbai,PROD118,1,2999,2999,Shipped,Credit Card
ORD15272,CUST1094,15-03-2024,Kochi,PROD121,3,499,1497,Pending,PayPal
ORD15273,CUST4889,31-10-2024,Delhi,PROD144,1,58499,58499,Cancelled,Credit Card
ORD15274,CUST4186,03-08-2023,Nagpur,PROD160,1,5999,5999,Delivered,PayPal
ORD15275,CUST3904,12-08-2025,Hyderabad,PROD105,1,2499,2499,Cancelled,PayPal
ORD15276,CUST1308,16-08-2025,Delhi,PROD109,1,2399,2399,Cancelled,Credit Card
ORD15277,CUST5009,13-11-2023,Kolkata,PROD198,1,6999,6999,Returned,Cash on Delivery
ORD15278,CUST2946,26-04-2023,Jaipur,PROD101,1,6499,6499,Returned,Credit Card
ORD15279,CUST3516,29-04-2023,Chennai,PROD195,1,4499,4499,Shipped,Cash on Delivery
ORD15280,CUST3447,20-02-2024,Mumbai,PROD134,2,450,900,Pending,Credit Card
ORD15281,CUST3252,04-08-2025,Kolkata,PROD150,1,42999,42999,Cancelled,Cash on Delivery
ORD15282,CUST3800,30-08-2023,Kolkata,PROD141,1,64999,64999,Delivered,Cash on Delivery
ORD15283,CUST2963,25-06-2025,Kolkata,PROD214,2,499,998,Pending,Cash on Delivery
ORD15284,CUST1117,13-03-2023,Kolkata,PROD156,1,29990,29990,Cancelled,PayPal
ORD15285,CUST1736,06-03-2024,Mumbai,PROD125,3,549,1647,Cancelled,Cash on Delivery
ORD15286,CUST1196,19-04-2025,Hyderabad,PROD195,1,4499,4499,Cancelled,Cash on Delivery
ORD15287,CUST2567,25-08-2023,Mumbai,PROD193,2,1499,2998,Delivered,PayPal
ORD15288,CUST4609,21-09-2024,Visakhapatnam,PROD217,2,999,1998,Cancelled,PayPal
ORD15289,CUST3380,04-03-2023,Bhubaneswar,PROD159,1,4499,4499,Returned,Credit Card
ORD15290,CUST2837,15-02-2023,Delhi,PROD124,3,699,2097,Pending,Cash on Delivery
ORD15291,CUST4333,25-08-2023,Mumbai,PROD105,1,2499,2499,Pending,Credit Card
ORD15292,CUST3883,09-07-2024,Kochi,PROD154,1,71990,71990,Returned,Cash on Delivery
ORD15293,CUST5050,24-07-2025,Gurgaon,PROD204,1,2299,2299,Delivered,Credit Card
ORD15294,CUST3410,13-02-2025,Mumbai,PROD127,3,899,2697,Delivered,Cash on Delivery
ORD15295,CUST4460,22-01-2023,Bangalore,PROD118,1,2999,2999,Returned,Credit Card
ORD15296,CUST4499,20-12-2022,Delhi,PROD148,1,6499,6499,Returned,PayPal
ORD15297,CUST4684,27-12-2022,Hyderabad,PROD128,3,799,2397,Returned,Credit Card
ORD15298,CUST2696,21-12-2023,Kolkata,PROD165,2,1799,3598,Returned,Credit Card
ORD15299,CUST2547,11-05-2024,Kolkata,PROD206,3,699,2097,Returned,PayPal
ORD15300,CUST4192,29-08-2024,Ahmedabad,PROD106,1,5999,5999,Cancelled,PayPal
ORD15301,CUST1064,13-05-2023,Mumbai,PROD195,1,4499,4499,Delivered,PayPal
ORD15302,CUST1976,06-05-2024,Bangalore,PROD165,2,1799,3598,Returned,Credit Card
ORD15303,CUST3040,03-04-2024,Pune,PROD128,2,799,1598,Shipped,PayPal
ORD15304,CUST2861,19-03-2025,Kolkata,PROD145,1,62990,62990,Returned,Cash on Delivery
ORD15305,CUST4468,19-11-2023,Kolkata,PROD178,2,1299,2598,Delivered,Credit Card
ORD15306,CUST4152,02-10-2023,Patna,PROD208,2,899,1798,Pending,Credit Card
ORD15307,CUST1755,06-11-2023,Mumbai,PROD215,2,1799,3598,Cancelled,Cash on Delivery
ORD15308,CUST1901,27-03-2024,Pune,PROD163,1,4999,4999,Shipped,PayPal
ORD15309,CUST4055,25-01-2025,Lucknow,PROD177,3,1599,4797,Shipped,Credit Card
ORD15310,CUST4982,29-08-2024,Hyderabad,PROD196,3,899,2697,Cancelled,Cash on Delivery
ORD15311,CUST1884,20-09-2023,Gurgaon,PROD123,2,449,898,Delivered,PayPal
ORD15312,CUST3417,15-08-2024,Jaipur,PROD148,1,6499,6499,Pending,PayPal
ORD15313,CUST1934,08-07-2023,Kochi,PROD179,3,1799,5397,Delivered,PayPal
ORD15314,CUST4251,10-02-2025,Nagpur,PROD180,1,2499,2499,Shipped,Credit Card
ORD15315,CUST3766,28-12-2024,Delhi,PROD189,3,899,2697,Pending,Credit Card
ORD15316,CUST2851,07-01-2024,Chandigarh,PROD213,2,1999,3998,Shipped,Cash on Delivery
ORD15317,CUST4861,09-11-2024,Delhi,PROD215,3,1799,5397,Pending,Credit Card
ORD15318,CUST4443,19-02-2024,Bangalore,PROD118,1,2999,2999,Pending,Credit Card
ORD15319,CUST5128,02-04-2023,Bhubaneswar,PROD187,1,4999,4999,Cancelled,Cash on Delivery
ORD15320,CUST2631,24-03-2024,Bangalore,PROD174,3,899,2697,Shipped,Credit Card
ORD15321,CUST1313,19-03-2025,Delhi,PROD205,3,399,1197,Delivered,PayPal
ORD15322,CUST5146,16-02-2025,Delhi,PROD180,1,2499,2499,Delivered,Credit Card
ORD15323,CUST4480,14-02-2023,Chandigarh,PROD218,2,299,598,Delivered,PayPal
ORD15324,CUST5100,18-09-2024,Mumbai,PROD147,1,29990,29990,Returned,Cash on Delivery
ORD15325,CUST2367,18-09-2022,Noida,PROD129,2,349,698,Delivered,Cash on Delivery
ORD15326,CUST4945,12-10-2024,Chandigarh,PROD171,1,6999,6999,Delivered,Credit Card
ORD15327,CUST1136,04-12-2024,Jaipur,PROD171,1,6999,6999,Shipped,Cash on Delivery
ORD15328,CUST3258,11-05-2025,Delhi,PROD201,2,799,1598,Cancelled,Credit Card
ORD15329,CUST2289,14-02-2024,Chandigarh,PROD196,2,899,1798,Delivered,Credit Card
ORD15330,CUST3038,03-06-2023,Chennai,PROD145,1,62990,62990,Pending,PayPal
ORD15331,CUST1871,08-09-2024,Nagpur,PROD162,1,3299,3299,Cancelled,Credit Card
ORD15332,CUST2857,05-08-2023,Indore,PROD190,1,2499,2499,Delivered,Credit Card
ORD15333,CUST5083,22-05-2025,Delhi,PROD208,3,899,2697,Returned,Cash on Delivery
ORD15334,CUST1346,13-10-2023,Hyderabad,PROD165,2,1799,3598,Shipped,Credit Card
ORD15335,CUST3955,02-06-2025,Kolkata,PROD215,3,1799,5397,Pending,Credit Card
ORD15336,CUST2469,22-05-2024,Noida,PROD170,1,2499,2499,Pending,Cash on Delivery
ORD15337,CUST3460,29-11-2022,Hyderabad,PROD162,1,3299,3299,Cancelled,Cash on Delivery
ORD15338,CUST2151,17-05-2025,Kolkata,PROD185,2,1499,2998,Pending,Credit Card
ORD15339,CUST3207,12-08-2025,Pune,PROD215,2,1799,3598,Returned,PayPal
ORD15340,CUST3738,28-06-2024,Chandigarh,PROD194,3,999,2997,Pending,Cash on Delivery
ORD15341,CUST1415,24-01-2023,Surat,PROD213,3,1999,5997,Shipped,PayPal
ORD15342,CUST5257,06-02-2024,Mumbai,PROD189,3,899,2697,Delivered,Credit Card
ORD15343,CUST3541,24-05-2023,Bangalore,PROD121,3,499,1497,Returned,PayPal
ORD15344,CUST2680,21-05-2025,Hyderabad,PROD123,2,449,898,Returned,PayPal
ORD15345,CUST2765,25-10-2024,Chandigarh,PROD138,2,799,1598,Returned,Cash on Delivery
ORD15346,CUST2487,30-05-2024,Kochi,PROD137,2,599,1198,Returned,Cash on Delivery
ORD15347,CUST2450,17-01-2025,Kolkata,PROD105,1,2499,2499,Shipped,Credit Card
ORD15348,CUST1719,21-04-2024,Bangalore,PROD107,2,1299,2598,Pending,PayPal
ORD15349,CUST5299,18-07-2024,Bangalore,PROD210,1,2499,2499,Delivered,PayPal
ORD15350,CUST4229,24-03-2023,Kolkata,PROD163,1,4999,4999,Pending,PayPal
ORD15351,CUST4581,17-04-2023,Bangalore,PROD143,1,89999,89999,Shipped,Cash on Delivery
ORD15352,CUST3107,13-12-2023,Mumbai,PROD133,3,299,897,Shipped,Credit Card
ORD15353,CUST4486,15-05-2024,Gurgaon,PROD211,2,1799,3598,Delivered,Credit Card
ORD15354,CUST2275,08-11-2023,Visakhapatnam,PROD174,2,899,1798,Returned,Credit Card
ORD15355,CUST2978,02-11-2023,Surat,PROD120,2,599,1198,Shipped,Cash on Delivery
ORD15356,CUST1001,15-10-2024,Chennai,PROD156,1,29990,29990,Delivered,Cash on Delivery
ORD15357,CUST2937,04-09-2022,Delhi,PROD185,2,1499,2998,Shipped,PayPal
ORD15358,CUST2340,22-10-2024,Chandigarh,PROD191,2,1999,3998,Returned,Cash on Delivery
ORD15359,CUST3978,29-12-2024,Bhubaneswar,PROD115,1,2499,2499,Shipped,Cash on Delivery
ORD15360,CUST1405,29-05-2024,Bangalore,PROD120,3,599,1797,Pending,PayPal
ORD15361,CUST3709,15-08-2024,Bhubaneswar,PROD211,3,1799,5397,Cancelled,Credit Card
ORD15362,CUST4866,15-08-2024,Pune,PROD158,1,8995,8995,Returned,Credit Card
ORD15363,CUST4309,26-11-2023,Ahmedabad,PROD153,1,62990,62990,Pending,Cash on Delivery
ORD15364,CUST3178,28-10-2024,Kolkata,PROD101,1,6499,6499,Returned,Cash on Delivery
ORD15365,CUST4798,03-01-2023,Mumbai,PROD179,3,1799,5397,Cancelled,PayPal
ORD15366,CUST3403,06-04-2023,Chandigarh,PROD179,3,1799,5397,Delivered,PayPal
ORD15367,CUST1189,09-12-2022,Surat,PROD218,2,299,598,Returned,Credit Card
ORD15368,CUST3966,13-01-2023,Mumbai,PROD217,3,999,2997,Delivered,Cash on Delivery
ORD15369,CUST2784,04-03-2023,Jaipur,PROD137,2,599,1198,Shipped,Credit Card
ORD15370,CUST2721,03-12-2023,Chennai,PROD202,3,1499,4497,Delivered,Cash on Delivery
ORD15371,CUST4784,12-06-2024,Delhi,PROD102,3,1799,5397,Cancelled,Cash on Delivery
ORD15372,CUST2493,07-08-2023,Patna,PROD127,2,899,1798,Pending,Credit Card
ORD15373,CUST3054,19-12-2022,Kolkata,PROD157,1,14999,14999,Returned,PayPal
ORD15374,CUST4086,05-05-2025,Chennai,PROD118,1,2999,2999,Shipped,PayPal
ORD15375,CUST3132,07-03-2023,Hyderabad,PROD147,1,29990,29990,Pending,Cash on Delivery
ORD15376,CUST3454,14-05-2024,Mumbai,PROD158,1,8995,8995,Shipped,Credit Card
ORD15377,CUST4835,16-04-2023,Noida,PROD103,1,2999,2999,Pending,Credit Card
ORD15378,CUST5149,18-01-2024,Pune,PROD192,1,4999,4999,Shipped,Cash on Delivery
ORD15379,CUST1412,11-03-2025,Chennai,PROD213,2,1999,3998,Cancelled,Credit Card
ORD15380,CUST5167,14-01-2023,Mumbai,PROD181,3,1299,3897,Shipped,Credit Card
ORD15381,CUST3809,04-07-2025,Mumbai,PROD183,3,999,2997,Cancelled,PayPal
ORD15382,CUST2883,17-09-2023,Pune,PROD135,2,350,700,Shipped,PayPal
ORD15383,CUST4859,21-08-2024,Bangalore,PROD161,3,1499,4497,Pending,Cash on Delivery
ORD15384,CUST2544,20-04-2023,Visakhapatnam,PROD178,3,1299,3897,Cancelled,Cash on Delivery
ORD15385,CUST2994,25-10-2024,Bangalore,PROD109,1,2399,2399,Shipped,Cash on Delivery
ORD15386,CUST3626,09-09-2024,Mumbai,PROD135,3,350,1050,Delivered,Cash on Delivery
ORD15387,CUST2285,13-10-2024,Lucknow,PROD102,2,1799,3598,Shipped,Cash on Delivery
ORD15388,CUST2820,03-10-2023,Delhi,PROD163,1,4999,4999,Shipped,Cash on Delivery
ORD15389,CUST2342,03-02-2025,Surat,PROD101,1,6499,6499,Shipped,Cash on Delivery
ORD15390,CUST4095,14-07-2023,Gurgaon,PROD157,1,14999,14999,Cancelled,Credit Card
ORD15391,CUST5095,07-02-2024,Delhi,PROD160,1,5999,5999,Returned,Credit Card
ORD15392,CUST4181,07-03-2025,Surat,PROD101,1,6499,6499,Delivered,PayPal
ORD15393,CUST2518,09-03-2024,Bangalore,PROD109,1,2399,2399,Pending,Credit Card
ORD15394,CUST4281,11-01-2023,Kolkata,PROD170,1,2499,2499,Pending,PayPal
ORD15395,CUST4726,11-10-2023,Jaipur,PROD134,3,450,1350,Delivered,PayPal
ORD15396,CUST4171,26-04-2025,Kolkata,PROD169,2,1899,3798,Cancelled,PayPal
ORD15397,CUST1254,17-08-2025,Kolkata,PROD178,3,1299,3897,Cancelled,Cash on Delivery
ORD15398,CUST1400,27-07-2023,Bangalore,PROD176,1,3499,3499,Returned,Credit Card
ORD15399,CUST1737,06-08-2025,Kolkata,PROD121,3,499,1497,Delivered,Credit Card
ORD15400,CUST1356,18-11-2022,Visakhapatnam,PROD101,1,6499,6499,Delivered,PayPal
ORD15401,CUST4087,08-03-2025,Pune,PROD176,1,3499,3499,Delivered,Credit Card
ORD15402,CUST3050,26-02-2025,Gurgaon,PROD130,2,599,1198,Pending,Cash on Delivery
ORD15403,CUST4481,24-08-2025,Chandigarh,PROD142,1,59999,59999,Cancelled,PayPal
ORD15404,CUST2742,12-04-2024,Hyderabad,PROD199,3,1299,3897,Cancelled,Credit Card
ORD15405,CUST2745,01-03-2024,Mumbai,PROD171,1,6999,6999,Returned,Credit Card
ORD15406,CUST1912,26-10-2023,Delhi,PROD205,2,399,798,Returned,Cash on Delivery
ORD15407,CUST1988,23-06-2023,Jaipur,PROD199,2,1299,2598,Cancelled,Credit Card
ORD15408,CUST4312,06-05-2023,Bangalore,PROD177,2,1599,3198,Cancelled,Credit Card
ORD15409,CUST3671,23-06-2025,Gurgaon,PROD188,2,499,998,Returned,Cash on Delivery
ORD15410,CUST1857,27-10-2022,Mumbai,PROD126,2,299,598,Returned,Cash on Delivery
ORD15411,CUST4567,26-06-2024,Jaipur,PROD179,2,1799,3598,Pending,Credit Card
ORD15412,CUST4978,12-11-2022,Hyderabad,PROD179,2,1799,3598,Shipped,PayPal
ORD15413,CUST2510,26-02-2024,Chennai,PROD164,3,1199,3597,Returned,PayPal
ORD15414,CUST1882,23-09-2024,Noida,PROD168,2,1299,2598,Cancelled,Cash on Delivery
ORD15415,CUST1031,05-09-2023,Pune,PROD162,1,3299,3299,Returned,Cash on Delivery
ORD15416,CUST3751,14-06-2024,Chennai,PROD183,3,999,2997,Pending,Cash on Delivery
ORD15417,CUST1910,08-11-2024,Surat,PROD100,1,2799,2799,Pending,PayPal
ORD15418,CUST2734,21-11-2023,Pune,PROD190,1,2499,2499,Returned,Cash on Delivery
ORD15419,CUST3302,01-08-2023,Bangalore,PROD130,3,599,1797,Cancelled,Credit Card
ORD15420,CUST4217,16-05-2025,Nagpur,PROD129,2,349,698,Cancelled,PayPal
ORD15421,CUST1868,07-12-2024,Chandigarh,PROD149,3,1499,4497,Returned,Credit Card
ORD15422,CUST4158,03-02-2023,Kochi,PROD216,1,2299,2299,Delivered,Credit Card
ORD15423,CUST2211,25-06-2025,Delhi,PROD139,3,499,1497,Returned,Cash on Delivery
ORD15424,CUST5277,27-04-2023,Chandigarh,PROD115,1,2499,2499,Shipped,Cash on Delivery
ORD15425,CUST3698,09-08-2024,Bangalore,PROD166,1,9499,9499,Shipped,Credit Card
ORD15426,CUST3338,20-03-2025,Kolkata,PROD113,3,1499,4497,Cancelled,Credit Card
ORD15427,CUST3498,21-09-2022,Kolkata,PROD165,2,1799,3598,Delivered,PayPal
ORD15428,CUST1978,25-06-2024,Pune,PROD194,3,999,2997,Delivered,PayPal
ORD15429,CUST3048,07-07-2025,Hyderabad,PROD119,2,1799,3598,Cancelled,Credit Card
ORD15430,CUST2405,29-01-2025,Pune,PROD201,3,799,2397,Pending,PayPal
ORD15431,CUST3326,07-07-2023,Bangalore,PROD186,1,3499,3499,Cancelled,Credit Card
ORD15432,CUST3401,15-12-2023,Kochi,PROD150,1,42999,42999,Shipped,Cash on Delivery
ORD15433,CUST4176,24-03-2024,Mumbai,PROD192,1,4999,4999,Shipped,Cash on Delivery
ORD15434,CUST1793,19-05-2025,Hyderabad,PROD189,3,899,2697,Pending,PayPal
ORD15435,CUST1077,28-06-2024,Bangalore,PROD123,3,449,1347,Cancelled,Cash on Delivery
ORD15436,CUST1238,04-08-2025,Hyderabad,PROD171,1,6999,6999,Shipped,Credit Card
ORD15437,CUST2798,05-06-2025,Bangalore,PROD128,2,799,1598,Shipped,Credit Card
ORD15438,CUST1405,09-09-2023,Chennai,PROD179,3,1799,5397,Pending,Credit Card
ORD15439,CUST4973,28-05-2025,Surat,PROD149,3,1499,4497,Returned,Credit Card
ORD15440,CUST3005,09-02-2023,Mumbai,PROD145,1,62990,62990,Cancelled,Cash on Delivery
ORD15441,CUST3538,21-11-2024,Kochi,PROD104,1,4499,4499,Delivered,PayPal
ORD15442,CUST4743,26-08-2024,Noida,PROD173,3,1299,3897,Cancelled,PayPal
ORD15443,CUST3428,02-09-2022,Delhi,PROD216,1,2299,2299,Returned,Credit Card
ORD15444,CUST5126,02-09-2024,Nagpur,PROD170,1,2499,2499,Pending,Cash on Delivery
ORD15445,CUST2613,05-05-2025,Jaipur,PROD103,1,2999,2999,Cancelled,Cash on Delivery
ORD15446,CUST2756,26-03-2025,Bangalore,PROD201,3,799,2397,Pending,Cash on Delivery
ORD15447,CUST4447,14-07-2024,Chennai,PROD207,3,1299,3897,Shipped,Credit Card
ORD15448,CUST3978,02-03-2025,Kolkata,PROD103,1,2999,2999,Delivered,Credit Card
ORD15449,CUST1196,08-06-2023,Kolkata,PROD167,1,3499,3499,Shipped,Cash on Delivery
ORD15450,CUST2518,18-12-2023,Chennai,PROD184,1,2999,2999,Shipped,Credit Card
ORD15451,CUST2235,07-01-2023,Bangalore,PROD134,3,450,1350,Shipped,Credit Card
ORD15452,CUST4828,20-07-2025,Hyderabad,PROD112,2,1699,3398,Shipped,Cash on Delivery
ORD15453,CUST2460,01-02-2024,Hyderabad,PROD172,1,3999,3999,Cancelled,PayPal
ORD15454,CUST2146,09-03-2025,Surat,PROD160,1,5999,5999,Pending,Cash on Delivery
ORD15455,CUST2972,22-03-2025,Nagpur,PROD110,1,2999,2999,Pending,Credit Card
ORD15456,CUST5195,22-10-2024,Bangalore,PROD109,1,2399,2399,Cancelled,Cash on Delivery
ORD15457,CUST1536,30-11-2024,Kolkata,PROD145,1,62990,62990,Delivered,Credit Card
ORD15458,CUST4616,13-05-2023,Jaipur,PROD129,2,349,698,Shipped,Cash on Delivery
ORD15459,CUST3856,13-02-2023,Hyderabad,PROD143,1,89999,89999,Shipped,PayPal
ORD15460,CUST3273,31-08-2022,Kochi,PROD178,3,1299,3897,Shipped,Credit Card
ORD15461,CUST2279,15-11-2023,Mumbai,PROD138,3,799,2397,Pending,PayPal
ORD15462,CUST2691,30-04-2025,Mumbai,PROD210,1,2499,2499,Delivered,Credit Card
ORD15463,CUST1329,29-04-2025,Kochi,PROD164,3,1199,3597,Cancelled,Cash on Delivery
ORD15464,CUST1675,28-01-2025,Mumbai,PROD211,3,1799,5397,Cancelled,Credit Card
ORD15465,CUST2794,12-09-2024,Kolkata,PROD181,3,1299,3897,Delivered,Credit Card
ORD15466,CUST3108,10-02-2023,Bangalore,PROD218,2,299,598,Shipped,Credit Card
ORD15467,CUST3257,11-04-2024,Ahmedabad,PROD121,2,499,998,Pending,PayPal
ORD15468,CUST4201,15-06-2023,Chennai,PROD147,1,29990,29990,Cancelled,PayPal
ORD15469,CUST2139,22-11-2024,Pune,PROD208,3,899,2697,Delivered,PayPal
ORD15470,CUST3652,12-12-2023,Chandigarh,PROD216,1,2299,2299,Shipped,PayPal
ORD15471,CUST4382,29-05-2025,Hyderabad,PROD203,2,1999,3998,Pending,Cash on Delivery
ORD15472,CUST3663,21-07-2023,Pune,PROD199,3,1299,3897,Returned,Cash on Delivery
ORD15473,CUST2926,18-06-2023,Delhi,PROD198,1,6999,6999,Returned,PayPal
ORD15474,CUST1846,30-09-2023,Pune,PROD160,1,5999,5999,Cancelled,Credit Card
ORD15475,CUST2483,22-09-2023,Gurgaon,PROD166,1,9499,9499,Pending,PayPal
ORD15476,CUST1794,06-09-2022,Pune,PROD102,2,1799,3598,Pending,Cash on Delivery
ORD15477,CUST2252,21-06-2025,Hyderabad,PROD199,2,1299,2598,Cancelled,Credit Card
ORD15478,CUST2395,26-10-2023,Kolkata,PROD191,3,1999,5997,Delivered,Cash on Delivery
ORD15479,CUST4331,23-07-2025,Patna,PROD107,2,1299,2598,Shipped,Cash on Delivery
ORD15480,CUST1457,12-10-2022,Surat,PROD213,2,1999,3998,Pending,Credit Card
ORD15481,CUST4342,25-03-2023,Kochi,PROD128,3,799,2397,Cancelled,Cash on Delivery
ORD15482,CUST4135,24-02-2023,Indore,PROD131,3,499,1497,Delivered,PayPal
ORD15483,CUST1295,12-05-2023,Lucknow,PROD189,3,899,2697,Delivered,PayPal
ORD15484,CUST2988,08-12-2024,Indore,PROD173,3,1299,3897,Shipped,PayPal
ORD15485,CUST4074,26-03-2024,Gurgaon,PROD101,1,6499,6499,Delivered,Cash on Delivery
ORD15486,CUST2354,10-02-2024,Delhi,PROD206,3,699,2097,Cancelled,Cash on Delivery
ORD15487,CUST1412,28-09-2023,Hyderabad,PROD111,2,1899,3798,Returned,PayPal
ORD15488,CUST4308,19-06-2024,Mumbai,PROD181,3,1299,3897,Cancelled,Credit Card
ORD15489,CUST1153,02-08-2024,Kochi,PROD201,3,799,2397,Shipped,Credit Card
ORD15490,CUST3270,28-01-2024,Chennai,PROD119,3,1799,5397,Returned,Credit Card
ORD15491,CUST3655,04-09-2024,Chandigarh,PROD193,2,1499,2998,Shipped,Cash on Delivery
ORD15492,CUST2115,02-01-2024,Pune,PROD176,1,3499,3499,Delivered,PayPal
ORD15493,CUST4801,05-09-2024,Pune,PROD207,3,1299,3897,Cancelled,Cash on Delivery
ORD15494,CUST2742,19-12-2024,Pune,PROD169,2,1899,3798,Cancelled,PayPal
ORD15495,CUST3930,23-08-2024,Chennai,PROD135,2,350,700,Pending,PayPal
ORD15496,CUST1527,05-09-2023,Chennai,PROD203,2,1999,3998,Returned,PayPal
ORD15497,CUST4275,30-08-2022,Surat,PROD169,2,1899,3798,Pending,Credit Card
ORD15498,CUST4153,12-04-2025,Hyderabad,PROD190,1,2499,2499,Pending,Cash on Delivery
ORD15499,CUST4603,05-03-2024,Delhi,PROD140,1,69999,69999,Pending,Cash on Delivery
ORD15500,CUST4602,04-11-2024,Delhi,PROD210,1,2499,2499,Cancelled,PayPal
ORD15501,CUST2169,03-07-2025,Chennai,PROD173,2,1299,2598,Shipped,PayPal
ORD15502,CUST4173,02-11-2024,Hyderabad,PROD181,3,1299,3897,Delivered,Cash on Delivery
ORD15503,CUST3373,31-03-2023,Bhubaneswar,PROD214,3,499,1497,Delivered,Cash on Delivery
ORD15504,CUST3734,12-10-2022,Pune,PROD190,1,2499,2499,Delivered,Cash on Delivery
ORD15505,CUST4288,05-11-2022,Bhubaneswar,PROD216,1,2299,2299,Shipped,Cash on Delivery
ORD15506,CUST1712,01-05-2024,Delhi,PROD120,3,599,1797,Shipped,Cash on Delivery
ORD15507,CUST4290,12-06-2024,Bangalore,PROD133,2,299,598,Cancelled,Cash on Delivery
ORD15508,CUST2196,26-11-2024,Chennai,PROD190,1,2499,2499,Shipped,PayPal
ORD15509,CUST2761,25-09-2023,Kochi,PROD117,1,2299,2299,Pending,Credit Card
ORD15510,CUST1730,18-01-2025,Bhubaneswar,PROD178,2,1299,2598,Cancelled,Credit Card
ORD15511,CUST3882,13-10-2024,Chennai,PROD217,2,999,1998,Cancelled,PayPal
ORD15512,CUST1458,16-03-2024,Chandigarh,PROD157,1,14999,14999,Shipped,Cash on Delivery
ORD15513,CUST5011,28-02-2023,Hyderabad,PROD165,2,1799,3598,Cancelled,Cash on Delivery
ORD15514,CUST4645,08-09-2022,Surat,PROD207,2,1299,2598,Cancelled,Cash on Delivery
ORD15515,CUST3873,15-09-2023,Visakhapatnam,PROD191,3,1999,5997,Pending,PayPal
ORD15516,CUST3549,04-12-2022,Ahmedabad,PROD108,2,1499,2998,Cancelled,Credit Card
ORD15517,CUST1368,03-06-2024,Delhi,PROD191,2,1999,3998,Shipped,Credit Card
ORD15518,CUST2848,08-06-2025,Delhi,PROD160,1,5999,5999,Delivered,Cash on Delivery
ORD15519,CUST1053,11-02-2023,Mumbai,PROD142,1,59999,59999,Shipped,Credit Card
ORD15520,CUST1828,16-12-2022,Noida,PROD156,1,29990,29990,Cancelled,Cash on Delivery
ORD15521,CUST4194,03-12-2022,Lucknow,PROD161,3,1499,4497,Shipped,Cash on Delivery
ORD15522,CUST2574,04-01-2025,Nagpur,PROD115,1,2499,2499,Shipped,PayPal
ORD15523,CUST2836,04-03-2024,Chandigarh,PROD135,2,350,700,Shipped,Credit Card
ORD15524,CUST5252,10-02-2025,Bangalore,PROD160,1,5999,5999,Shipped,Credit Card
ORD15525,CUST4735,18-11-2023,Mumbai,PROD127,2,899,1798,Cancelled,PayPal
ORD15526,CUST3761,17-05-2024,Mumbai,PROD129,3,349,1047,Delivered,Credit Card
ORD15527,CUST1097,27-05-2023,Pune,PROD176,1,3499,3499,Shipped,PayPal
ORD15528,CUST4183,09-06-2024,Nagpur,PROD147,1,29990,29990,Cancelled,Credit Card
ORD15529,CUST4280,15-09-2024,Kolkata,PROD131,3,499,1497,Delivered,PayPal
ORD15530,CUST3289,30-07-2023,Surat,PROD176,1,3499,3499,Pending,Cash on Delivery
ORD15531,CUST4843,04-04-2025,Mumbai,PROD161,3,1499,4497,Delivered,Cash on Delivery
ORD15532,CUST3814,09-11-2022,Bangalore,PROD204,1,2299,2299,Returned,Cash on Delivery
ORD15533,CUST2594,28-02-2025,Pune,PROD162,1,3299,3299,Shipped,PayPal
ORD15534,CUST1733,26-05-2024,Bhubaneswar,PROD184,1,2999,2999,Delivered,Cash on Delivery
ORD15535,CUST3701,02-09-2024,Visakhapatnam,PROD164,2,1199,2398,Pending,Cash on Delivery
ORD15536,CUST3965,26-06-2023,Mumbai,PROD208,2,899,1798,Pending,Cash on Delivery
ORD15537,CUST1431,09-03-2024,Bhubaneswar,PROD207,2,1299,2598,Shipped,Credit Card
ORD15538,CUST3774,07-11-2022,Bhubaneswar,PROD105,1,2499,2499,Pending,PayPal
ORD15539,CUST4858,17-03-2024,Mumbai,PROD201,3,799,2397,Delivered,Cash on Delivery
ORD15540,CUST2479,08-05-2023,Kolkata,PROD200,1,2499,2499,Delivered,Credit Card
ORD15541,CUST1073,31-03-2023,Chennai,PROD178,3,1299,3897,Pending,Credit Card
ORD15542,CUST3314,20-12-2022,Kochi,PROD170,1,2499,2499,Shipped,PayPal
ORD15543,CUST2819,12-10-2023,Indore,PROD174,3,899,2697,Shipped,Cash on Delivery
ORD15544,CUST4805,23-08-2024,Pune,PROD212,1,5499,5499,Cancelled,PayPal
ORD15545,CUST1882,14-04-2025,Nagpur,PROD117,1,2299,2299,Pending,PayPal
ORD15546,CUST4821,05-09-2024,Pune,PROD173,2,1299,2598,Cancelled,Credit Card
ORD15547,CUST1124,10-03-2023,Bhubaneswar,PROD162,1,3299,3299,Pending,Credit Card
ORD15548,CUST3740,02-09-2024,Chandigarh,PROD138,3,799,2397,Delivered,PayPal
ORD15549,CUST3866,23-04-2023,Chennai,PROD101,1,6499,6499,Cancelled,Credit Card
ORD15550,CUST4355,12-01-2023,Chandigarh,PROD153,1,62990,62990,Returned,Credit Card
ORD15551,CUST3242,09-01-2025,Kolkata,PROD165,3,1799,5397,Pending,Cash on Delivery
ORD15552,CUST4403,13-09-2023,Pune,PROD218,2,299,598,Shipped,PayPal
ORD15553,CUST5230,12-01-2025,Jaipur,PROD109,1,2399,2399,Cancelled,PayPal
ORD15554,CUST3619,24-08-2025,Mumbai,PROD200,1,2499,2499,Returned,Credit Card
ORD15555,CUST1176,21-01-2024,Delhi,PROD156,1,29990,29990,Pending,PayPal
ORD15556,CUST1976,28-07-2025,Bangalore,PROD112,2,1699,3398,Shipped,Credit Card
ORD15557,CUST3650,21-06-2023,Jaipur,PROD138,3,799,2397,Pending,Credit Card
ORD15558,CUST3059,23-07-2023,Mumbai,PROD192,1,4999,4999,Pending,PayPal
ORD15559,CUST3100,25-11-2024,Visakhapatnam,PROD156,1,29990,29990,Cancelled,Credit Card
ORD15560,CUST1416,25-01-2024,Bhubaneswar,PROD100,1,2799,2799,Cancelled,PayPal
ORD15561,CUST3183,29-09-2023,Bangalore,PROD152,1,39999,39999,Pending,Credit Card
ORD15562,CUST1611,05-12-2022,Chennai,PROD115,1,2499,2499,Shipped,Credit Card
ORD15563,CUST4013,22-01-2025,Surat,PROD119,2,1799,3598,Delivered,Credit Card
ORD15564,CUST2081,24-10-2023,Bangalore,PROD170,1,2499,2499,Delivered,Credit Card
ORD15565,CUST2811,04-12-2022,Jaipur,PROD108,3,1499,4497,Returned,Cash on Delivery
ORD15566,CUST3245,17-02-2025,Pune,PROD147,1,29990,29990,Cancelled,Cash on Delivery
ORD15567,CUST3823,19-01-2024,Kochi,PROD154,1,71990,71990,Pending,PayPal
ORD15568,CUST2054,30-07-2024,Pune,PROD195,1,4499,4499,Pending,Cash on Delivery
ORD15569,CUST1712,14-02-2025,Gurgaon,PROD105,1,2499,2499,Returned,Credit Card
ORD15570,CUST1665,28-03-2024,Kolkata,PROD130,3,599,1797,Pending,PayPal
ORD15571,CUST3483,28-01-2023,Bhubaneswar,PROD152,1,39999,39999,Delivered,PayPal
ORD15572,CUST4344,31-12-2023,Kolkata,PROD118,1,2999,2999,Returned,Credit Card
ORD15573,CUST3663,24-03-2024,Nagpur,PROD119,3,1799,5397,Pending,Cash on Delivery
ORD15574,CUST3409,05-06-2025,Chennai,PROD123,2,449,898,Pending,PayPal
ORD15575,CUST2364,12-06-2025,Surat,PROD151,1,49999,49999,Shipped,PayPal
ORD15576,CUST2547,15-01-2023,Chennai,PROD173,3,1299,3897,Cancelled,Credit Card
ORD15577,CUST1942,01-08-2025,Kolkata,PROD171,1,6999,6999,Pending,Credit Card
ORD15578,CUST5181,31-03-2024,Bangalore,PROD156,1,29990,29990,Pending,Cash on Delivery
ORD15579,CUST3169,13-12-2023,Mumbai,PROD195,1,4499,4499,Shipped,Credit Card
ORD15580,CUST4425,13-04-2023,Delhi,PROD148,1,6499,6499,Delivered,PayPal
ORD15581,CUST3763,19-08-2023,Visakhapatnam,PROD169,2,1899,3798,Returned,PayPal
ORD15582,CUST2221,03-03-2024,Mumbai,PROD183,3,999,2997,Shipped,Cash on Delivery
ORD15583,CUST2680,31-03-2024,Bangalore,PROD152,1,39999,39999,Delivered,PayPal
ORD15584,CUST5324,08-12-2022,Kolkata,PROD194,2,999,1998,Shipped,Cash on Delivery
ORD15585,CUST2237,16-09-2023,Mumbai,PROD178,2,1299,2598,Shipped,PayPal
ORD15586,CUST4042,27-01-2023,Jaipur,PROD199,3,1299,3897,Returned,Cash on Delivery
ORD15587,CUST1228,09-02-2023,Kolkata,PROD122,3,399,1197,Delivered,PayPal
ORD15588,CUST4370,02-06-2024,Ahmedabad,PROD140,1,69999,69999,Shipped,Cash on Delivery
ORD15589,CUST3368,13-10-2022,Kochi,PROD171,1,6999,6999,Shipped,Credit Card
ORD15590,CUST4723,20-03-2024,Surat,PROD109,1,2399,2399,Returned,Credit Card
ORD15591,CUST1764,15-11-2024,Chennai,PROD100,1,2799,2799,Delivered,Cash on Delivery
ORD15592,CUST1142,21-03-2023,Pune,PROD178,2,1299,2598,Returned,PayPal
ORD15593,CUST1265,27-07-2025,Nagpur,PROD163,1,4999,4999,Cancelled,Cash on Delivery
ORD15594,CUST2069,16-05-2025,Pune,PROD141,1,64999,64999,Pending,Cash on Delivery
ORD15595,CUST2973,13-07-2024,Bangalore,PROD146,1,34999,34999,Cancelled,Credit Card
ORD15596,CUST5092,03-10-2024,Pune,PROD113,2,1499,2998,Shipped,PayPal
ORD15597,CUST4202,18-12-2022,Bangalore,PROD201,2,799,1598,Returned,PayPal
ORD15598,CUST3920,23-02-2025,Delhi,PROD187,1,4999,4999,Cancelled,PayPal
ORD15599,CUST4125,30-12-2024,Indore,PROD146,1,34999,34999,Returned,Credit Card
ORD15600,CUST3246,26-06-2024,Delhi,PROD207,2,1299,2598,Returned,PayPal
ORD15601,CUST2583,02-05-2024,Bhubaneswar,PROD153,1,62990,62990,Delivered,PayPal
ORD15602,CUST2530,04-02-2024,Kochi,PROD112,2,1699,3398,Delivered,Cash on Delivery
ORD15603,CUST4385,26-11-2023,Mumbai,PROD179,2,1799,3598,Returned,Cash on Delivery
ORD15604,CUST3611,23-09-2023,Bangalore,PROD138,3,799,2397,Returned,Cash on Delivery
ORD15605,CUST3732,07-06-2024,Nagpur,PROD159,1,4499,4499,Returned,PayPal
ORD15606,CUST1444,16-01-2025,Chennai,PROD184,1,2999,2999,Delivered,PayPal
ORD15607,CUST1891,28-05-2024,Chandigarh,PROD157,1,14999,14999,Delivered,Credit Card
ORD15608,CUST4571,14-02-2024,Delhi,PROD162,1,3299,3299,Delivered,PayPal
ORD15609,CUST3248,22-04-2024,Bangalore,PROD181,2,1299,2598,Returned,PayPal
ORD15610,CUST2549,11-11-2022,Gurgaon,PROD157,1,14999,14999,Delivered,Cash on Delivery
ORD15611,CUST4686,23-04-2024,Chennai,PROD105,1,2499,2499,Delivered,Cash on Delivery
ORD15612,CUST2787,24-04-2024,Chennai,PROD159,1,4499,4499,Pending,Credit Card
ORD15613,CUST4500,20-06-2024,Noida,PROD135,2,350,700,Cancelled,PayPal
ORD15614,CUST2799,24-02-2025,Bangalore,PROD208,3,899,2697,Shipped,PayPal
ORD15615,CUST3420,09-10-2024,Noida,PROD168,2,1299,2598,Returned,Credit Card
ORD15616,CUST5178,22-08-2023,Pune,PROD172,1,3999,3999,Delivered,PayPal
ORD15617,CUST4057,17-02-2024,Kolkata,PROD117,1,2299,2299,Pending,PayPal
ORD15618,CUST5253,07-07-2025,Delhi,PROD206,3,699,2097,Shipped,Cash on Delivery
ORD15619,CUST4661,07-10-2022,Lucknow,PROD206,2,699,1398,Pending,Credit Card
ORD15620,CUST3095,14-10-2022,Bangalore,PROD159,1,4499,4499,Pending,Credit Card
ORD15621,CUST1412,28-02-2023,Chennai,PROD197,1,5999,5999,Shipped,Credit Card
ORD15622,CUST2171,19-04-2025,Pune,PROD115,1,2499,2499,Returned,Credit Card
ORD15623,CUST2847,04-07-2024,Gurgaon,PROD119,3,1799,5397,Delivered,PayPal
ORD15624,CUST2502,15-04-2025,Delhi,PROD167,1,3499,3499,Delivered,PayPal
ORD15625,CUST3474,11-11-2022,Noida,PROD193,2,1499,2998,Shipped,Cash on Delivery
ORD15626,CUST3974,11-12-2022,Kolkata,PROD203,2,1999,3998,Cancelled,Cash on Delivery
ORD15627,CUST4760,23-10-2022,Patna,PROD161,3,1499,4497,Returned,PayPal
ORD15628,CUST4450,16-05-2024,Mumbai,PROD206,3,699,2097,Pending,PayPal
ORD15629,CUST4883,22-06-2023,Kochi,PROD163,1,4999,4999,Returned,Cash on Delivery
ORD15630,CUST1354,24-08-2025,Chennai,PROD153,1,62990,62990,Shipped,Cash on Delivery
ORD15631,CUST3633,31-03-2023,Chennai,PROD191,3,1999,5997,Pending,Credit Card
ORD15632,CUST4549,11-04-2023,Delhi,PROD195,1,4499,4499,Returned,Cash on Delivery
ORD15633,CUST3417,24-09-2023,Chennai,PROD116,1,3499,3499,Cancelled,Cash on Delivery
ORD15634,CUST3310,27-07-2023,Delhi,PROD175,2,1499,2998,Pending,Cash on Delivery
ORD15635,CUST3127,04-11-2023,Bangalore,PROD203,3,1999,5997,Delivered,Credit Card
ORD15636,CUST2640,30-12-2023,Kolkata,PROD206,2,699,1398,Delivered,Credit Card
ORD15637,CUST1762,03-02-2023,Mumbai,PROD131,3,499,1497,Cancelled,PayPal
ORD15638,CUST2528,12-03-2023,Pune,PROD189,3,899,2697,Cancelled,Cash on Delivery
ORD15639,CUST2926,12-11-2023,Chandigarh,PROD129,2,349,698,Delivered,PayPal
ORD15640,CUST3898,16-03-2024,Hyderabad,PROD216,1,2299,2299,Returned,PayPal
ORD15641,CUST1136,09-02-2025,Kolkata,PROD196,3,899,2697,Shipped,Cash on Delivery
ORD15642,CUST3431,24-02-2025,Bangalore,PROD151,1,49999,49999,Returned,Cash on Delivery
ORD15643,CUST2218,11-01-2024,Mumbai,PROD140,1,69999,69999,Cancelled,Cash on Delivery
ORD15644,CUST5305,15-09-2023,Patna,PROD204,1,2299,2299,Cancelled,Cash on Delivery
ORD15645,CUST4669,14-09-2024,Mumbai,PROD145,1,62990,62990,Cancelled,Cash on Delivery
ORD15646,CUST2484,08-03-2023,Delhi,PROD167,1,3499,3499,Pending,Cash on Delivery
ORD15647,CUST1049,06-09-2023,Visakhapatnam,PROD129,2,349,698,Shipped,Cash on Delivery
ORD15648,CUST5083,04-01-2023,Hyderabad,PROD173,3,1299,3897,Delivered,Cash on Delivery
ORD15649,CUST4817,03-07-2025,Kochi,PROD163,1,4999,4999,Delivered,Credit Card
ORD15650,CUST3765,02-07-2023,Chennai,PROD117,1,2299,2299,Pending,Credit Card
ORD15651,CUST1409,08-10-2022,Hyderabad,PROD189,3,899,2697,Cancelled,Cash on Delivery
ORD15652,CUST2481,19-05-2025,Patna,PROD182,2,1899,3798,Pending,Credit Card
ORD15653,CUST2033,19-05-2024,Ahmedabad,PROD143,1,89999,89999,Shipped,Cash on Delivery
ORD15654,CUST1863,12-01-2023,Nagpur,PROD105,1,2499,2499,Returned,PayPal
ORD15655,CUST1481,26-07-2023,Noida,PROD127,3,899,2697,Pending,Cash on Delivery
ORD15656,CUST4349,17-08-2024,Noida,PROD188,2,499,998,Cancelled,PayPal
ORD15657,CUST4893,15-10-2023,Bhubaneswar,PROD144,1,58499,58499,Cancelled,PayPal
ORD15658,CUST1159,20-02-2025,Chennai,PROD146,1,34999,34999,Shipped,Cash on Delivery
ORD15659,CUST4610,10-04-2025,Chennai,PROD137,2,599,1198,Returned,Cash on Delivery
ORD15660,CUST1866,12-12-2024,Hyderabad,PROD199,3,1299,3897,Returned,PayPal
ORD15661,CUST3310,16-03-2023,Kolkata,PROD193,3,1499,4497,Shipped,Cash on Delivery
ORD15662,CUST3726,03-04-2024,Nagpur,PROD207,3,1299,3897,Pending,Credit Card
ORD15663,CUST1504,19-09-2022,Surat,PROD155,1,34999,34999,Pending,Cash on Delivery
ORD15664,CUST3627,27-12-2023,Indore,PROD115,1,2499,2499,Returned,Credit Card
ORD15665,CUST4113,24-10-2023,Chennai,PROD111,3,1899,5697,Cancelled,Credit Card
ORD15666,CUST1849,09-11-2022,Mumbai,PROD176,1,3499,3499,Cancelled,Credit Card
ORD15667,CUST4031,19-02-2025,Bangalore,PROD140,1,69999,69999,Delivered,Credit Card
ORD15668,CUST4223,16-01-2023,Kolkata,PROD108,3,1499,4497,Shipped,Credit Card
ORD15669,CUST1094,24-01-2023,Noida,PROD178,2,1299,2598,Delivered,PayPal
ORD15670,CUST2979,05-06-2025,Kolkata,PROD177,3,1599,4797,Pending,Cash on Delivery
ORD15671,CUST3289,08-04-2023,Chennai,PROD204,1,2299,2299,Shipped,Credit Card
ORD15672,CUST3734,06-03-2025,Mumbai,PROD213,2,1999,3998,Pending,Credit Card
ORD15673,CUST5213,14-05-2024,Jaipur,PROD200,1,2499,2499,Delivered,Cash on Delivery
ORD15674,CUST4750,09-08-2025,Kochi,PROD156,1,29990,29990,Returned,Cash on Delivery
ORD15675,CUST4056,11-05-2024,Kolkata,PROD112,2,1699,3398,Delivered,PayPal
ORD15676,CUST2492,01-12-2022,Noida,PROD219,3,799,2397,Returned,PayPal
ORD15677,CUST1156,21-08-2023,Mumbai,PROD167,1,3499,3499,Delivered,Credit Card
ORD15678,CUST1774,12-03-2024,Chennai,PROD184,1,2999,2999,Cancelled,Cash on Delivery
ORD15679,CUST1096,03-07-2025,Nagpur,PROD148,1,6499,6499,Delivered,PayPal
ORD15680,CUST4339,30-12-2024,Jaipur,PROD125,2,549,1098,Shipped,PayPal
ORD15681,CUST5124,09-06-2023,Visakhapatnam,PROD205,3,399,1197,Delivered,PayPal
ORD15682,CUST3084,29-03-2023,Visakhapatnam,PROD194,2,999,1998,Pending,Credit Card
ORD15683,CUST4892,16-06-2023,Noida,PROD149,3,1499,4497,Pending,PayPal
ORD15684,CUST1769,13-01-2023,Mumbai,PROD181,2,1299,2598,Returned,Credit Card
ORD15685,CUST2912,02-09-2022,Jaipur,PROD108,3,1499,4497,Cancelled,Credit Card
ORD15686,CUST4192,19-08-2023,Bangalore,PROD174,3,899,2697,Pending,PayPal
ORD15687,CUST1945,02-03-2024,Chandigarh,PROD214,3,499,1497,Cancelled,Cash on Delivery
ORD15688,CUST1819,26-04-2023,Kolkata,PROD199,3,1299,3897,Returned,Credit Card
ORD15689,CUST5301,20-09-2024,Pune,PROD195,1,4499,4499,Pending,PayPal
ORD15690,CUST2581,28-02-2024,Delhi,PROD169,2,1899,3798,Returned,Credit Card
ORD15691,CUST4825,03-11-2024,Pune,PROD160,1,5999,5999,Delivered,PayPal
ORD15692,CUST4574,03-05-2024,Hyderabad,PROD167,1,3499,3499,Cancelled,Credit Card
ORD15693,CUST4805,05-10-2022,Surat,PROD120,3,599,1797,Returned,Cash on Delivery
ORD15694,CUST1961,17-02-2025,Kolkata,PROD212,1,5499,5499,Returned,Cash on Delivery
ORD15695,CUST1411,25-03-2024,Bangalore,PROD166,1,9499,9499,Cancelled,PayPal
ORD15696,CUST1802,31-07-2025,Gurgaon,PROD129,2,349,698,Shipped,PayPal
ORD15697,CUST4417,25-06-2025,Bhubaneswar,PROD115,1,2499,2499,Pending,PayPal
ORD15698,CUST2005,14-08-2025,Surat,PROD143,1,89999,89999,Delivered,Credit Card
ORD15699,CUST4458,02-09-2024,Mumbai,PROD127,3,899,2697,Delivered,Credit Card
ORD15700,CUST1611,08-05-2025,Surat,PROD103,1,2999,2999,Delivered,Cash on Delivery
ORD15701,CUST5267,08-12-2023,Chandigarh,PROD174,2,899,1798,Cancelled,Credit Card
ORD15702,CUST1309,25-04-2024,Lucknow,PROD209,3,1799,5397,Pending,Cash on Delivery
ORD15703,CUST1445,31-03-2023,Mumbai,PROD140,1,69999,69999,Delivered,Credit Card
ORD15704,CUST1199,07-01-2024,Kolkata,PROD186,1,3499,3499,Cancelled,Credit Card
ORD15705,CUST5177,02-04-2024,Jaipur,PROD184,1,2999,2999,Delivered,Cash on Delivery
ORD15706,CUST2301,04-04-2025,Delhi,PROD207,3,1299,3897,Shipped,PayPal
ORD15707,CUST2943,22-09-2023,Surat,PROD117,1,2299,2299,Cancelled,PayPal
ORD15708,CUST2093,13-07-2025,Surat,PROD104,1,4499,4499,Shipped,Credit Card
ORD15709,CUST2132,19-01-2024,Indore,PROD116,1,3499,3499,Returned,Credit Card
ORD15710,CUST4367,19-07-2025,Bangalore,PROD114,2,1999,3998,Delivered,Credit Card
ORD15711,CUST2621,23-06-2025,Delhi,PROD157,1,14999,14999,Cancelled,Cash on Delivery
ORD15712,CUST3318,18-04-2025,Gurgaon,PROD150,1,42999,42999,Delivered,Credit Card
ORD15713,CUST2522,03-04-2023,Nagpur,PROD196,3,899,2697,Shipped,Credit Card
ORD15714,CUST4760,25-04-2024,Kochi,PROD174,3,899,2697,Pending,PayPal
ORD15715,CUST1965,25-12-2024,Hyderabad,PROD187,1,4999,4999,Delivered,Credit Card
ORD15716,CUST4913,21-10-2022,Chennai,PROD118,1,2999,2999,Shipped,Cash on Delivery
ORD15717,CUST2467,01-06-2023,Bhubaneswar,PROD135,3,350,1050,Pending,PayPal
ORD15718,CUST1656,10-10-2022,Gurgaon,PROD113,3,1499,4497,Shipped,Cash on Delivery
ORD15719,CUST2619,21-02-2023,Kolkata,PROD155,1,34999,34999,Pending,Credit Card
ORD15720,CUST2603,30-07-2025,Hyderabad,PROD106,1,5999,5999,Cancelled,Credit Card
ORD15721,CUST2098,11-08-2024,Chennai,PROD218,2,299,598,Returned,PayPal
ORD15722,CUST1487,19-09-2024,Chennai,PROD171,1,6999,6999,Shipped,Credit Card
ORD15723,CUST4523,30-04-2024,Delhi,PROD147,1,29990,29990,Pending,Cash on Delivery
ORD15724,CUST3058,16-05-2024,Nagpur,PROD170,1,2499,2499,Returned,Credit Card
ORD15725,CUST2875,01-04-2025,Mumbai,PROD180,1,2499,2499,Shipped,PayPal
ORD15726,CUST2966,21-01-2023,Lucknow,PROD189,2,899,1798,Delivered,Credit Card
ORD15727,CUST3257,14-06-2023,Kolkata,PROD142,1,59999,59999,Delivered,Credit Card
ORD15728,CUST5223,23-10-2022,Surat,PROD157,1,14999,14999,Delivered,PayPal
ORD15729,CUST1679,06-11-2023,Delhi,PROD163,1,4999,4999,Pending,PayPal
ORD15730,CUST1835,27-09-2024,Bangalore,PROD156,1,29990,29990,Returned,Credit Card
ORD15731,CUST2127,27-03-2023,Visakhapatnam,PROD116,1,3499,3499,Pending,Cash on Delivery
ORD15732,CUST5077,06-08-2024,Nagpur,PROD101,1,6499,6499,Delivered,Credit Card
ORD15733,CUST3345,27-12-2022,Pune,PROD187,1,4999,4999,Returned,PayPal
ORD15734,CUST1714,17-10-2022,Pune,PROD113,2,1499,2998,Pending,Credit Card
ORD15735,CUST4706,22-12-2022,Mumbai,PROD112,2,1699,3398,Delivered,PayPal
ORD15736,CUST3741,02-07-2023,Kochi,PROD133,2,299,598,Cancelled,PayPal
ORD15737,CUST1347,27-10-2023,Ahmedabad,PROD122,2,399,798,Delivered,PayPal
ORD15738,CUST4636,20-03-2024,Chennai,PROD134,3,450,1350,Shipped,PayPal
ORD15739,CUST4296,26-07-2023,Hyderabad,PROD134,3,450,1350,Cancelled,Credit Card
ORD15740,CUST2967,04-10-2024,Patna,PROD189,3,899,2697,Shipped,PayPal
ORD15741,CUST3261,02-04-2024,Hyderabad,PROD176,1,3499,3499,Pending,PayPal
ORD15742,CUST2936,31-12-2022,Kolkata,PROD212,1,5499,5499,Pending,Cash on Delivery
ORD15743,CUST3920,06-10-2022,Bangalore,PROD106,1,5999,5999,Shipped,Cash on Delivery
ORD15744,CUST2171,12-12-2022,Mumbai,PROD114,2,1999,3998,Shipped,PayPal
ORD15745,CUST4224,05-02-2023,Chennai,PROD163,1,4999,4999,Pending,Credit Card
ORD15746,CUST2250,30-03-2025,Bangalore,PROD193,2,1499,2998,Shipped,PayPal
ORD15747,CUST2431,26-07-2024,Chandigarh,PROD209,3,1799,5397,Pending,PayPal
ORD15748,CUST3586,06-08-2023,Nagpur,PROD101,1,6499,6499,Shipped,Cash on Delivery
ORD15749,CUST3146,14-04-2024,Bangalore,PROD205,3,399,1197,Cancelled,PayPal
ORD15750,CUST2188,11-05-2023,Nagpur,PROD183,2,999,1998,Pending,PayPal
ORD15751,CUST5218,06-10-2023,Delhi,PROD137,3,599,1797,Shipped,Cash on Delivery
ORD15752,CUST3951,26-10-2024,Chennai,PROD121,3,499,1497,Cancelled,Cash on Delivery
ORD15753,CUST2357,29-09-2023,Bangalore,PROD153,1,62990,62990,Pending,Cash on Delivery
ORD15754,CUST1882,03-04-2023,Jaipur,PROD184,1,2999,2999,Shipped,Credit Card
ORD15755,CUST2442,09-11-2024,Kolkata,PROD150,1,42999,42999,Cancelled,Credit Card
ORD15756,CUST2602,25-03-2024,Nagpur,PROD156,1,29990,29990,Shipped,Credit Card
ORD15757,CUST3050,01-04-2025,Pune,PROD141,1,64999,64999,Returned,Cash on Delivery
ORD15758,CUST3393,25-05-2024,Kolkata,PROD127,3,899,2697,Returned,Cash on Delivery
ORD15759,CUST1454,04-07-2025,Kolkata,PROD187,1,4999,4999,Pending,Cash on Delivery
ORD15760,CUST1053,29-05-2023,Noida,PROD150,1,42999,42999,Shipped,Credit Card
ORD15761,CUST2678,11-04-2024,Bhubaneswar,PROD175,3,1499,4497,Shipped,Cash on Delivery
ORD15762,CUST3757,17-08-2024,Bangalore,PROD212,1,5499,5499,Returned,PayPal
ORD15763,CUST1767,06-06-2024,Kochi,PROD106,1,5999,5999,Cancelled,PayPal
ORD15764,CUST3787,04-05-2025,Lucknow,PROD169,2,1899,3798,Shipped,PayPal
ORD15765,CUST3328,13-04-2024,Bangalore,PROD176,1,3499,3499,Returned,PayPal
ORD15766,CUST3022,28-11-2022,Chennai,PROD182,3,1899,5697,Cancelled,Credit Card
ORD15767,CUST4837,23-01-2025,Delhi,PROD165,2,1799,3598,Shipped,PayPal
ORD15768,CUST1851,17-04-2023,Jaipur,PROD168,3,1299,3897,Cancelled,PayPal
ORD15769,CUST2470,11-01-2024,Ahmedabad,PROD166,1,9499,9499,Shipped,Credit Card
ORD15770,CUST1323,29-03-2023,Kolkata,PROD198,1,6999,6999,Delivered,Credit Card
ORD15771,CUST4183,09-04-2025,Chandigarh,PROD120,2,599,1198,Pending,PayPal
ORD15772,CUST2274,09-06-2024,Chennai,PROD217,3,999,2997,Returned,PayPal
ORD15773,CUST1496,15-01-2025,Mumbai,PROD132,3,399,1197,Shipped,Cash on Delivery
ORD15774,CUST2422,15-04-2025,Pune,PROD190,1,2499,2499,Delivered,Credit Card
ORD15775,CUST1484,21-01-2024,Kochi,PROD147,1,29990,29990,Delivered,PayPal
ORD15776,CUST4990,31-05-2023,Ahmedabad,PROD170,1,2499,2499,Pending,Cash on Delivery
ORD15777,CUST3964,14-06-2025,Chennai,PROD193,3,1499,4497,Delivered,Credit Card
ORD15778,CUST2016,15-01-2025,Pune,PROD205,2,399,798,Shipped,PayPal
ORD15779,CUST1911,11-04-2025,Kolkata,PROD176,1,3499,3499,Cancelled,Credit Card
ORD15780,CUST3155,02-03-2024,Kochi,PROD204,1,2299,2299,Returned,Cash on Delivery
ORD15781,CUST4727,12-05-2023,Pune,PROD176,1,3499,3499,Delivered,Cash on Delivery
ORD15782,CUST5215,08-08-2025,Delhi,PROD140,1,69999,69999,Shipped,Cash on Delivery
ORD15783,CUST4699,19-10-2023,Bangalore,PROD155,1,34999,34999,Cancelled,Cash on Delivery
ORD15784,CUST3608,02-11-2024,Pune,PROD138,2,799,1598,Pending,Cash on Delivery
ORD15785,CUST4929,15-03-2024,Hyderabad,PROD217,3,999,2997,Pending,Credit Card
ORD15786,CUST3297,03-01-2025,Hyderabad,PROD202,3,1499,4497,Pending,Cash on Delivery
ORD15787,CUST1609,02-10-2024,Kolkata,PROD110,1,2999,2999,Cancelled,Cash on Delivery
ORD15788,CUST3405,18-07-2024,Chennai,PROD217,3,999,2997,Delivered,PayPal
ORD15789,CUST2922,26-08-2024,Hyderabad,PROD104,1,4499,4499,Shipped,Cash on Delivery
ORD15790,CUST4300,19-07-2024,Pune,PROD104,1,4499,4499,Pending,PayPal
ORD15791,CUST1178,16-05-2023,Bangalore,PROD166,1,9499,9499,Delivered,Cash on Delivery
ORD15792,CUST2138,27-08-2024,Indore,PROD133,3,299,897,Cancelled,Cash on Delivery
ORD15793,CUST3499,14-11-2023,Delhi,PROD137,3,599,1797,Returned,Credit Card
ORD15794,CUST4921,05-06-2023,Bangalore,PROD218,2,299,598,Pending,Credit Card
ORD15795,CUST3921,05-04-2023,Pune,PROD214,3,499,1497,Shipped,Cash on Delivery
ORD15796,CUST1940,25-02-2025,Bangalore,PROD112,3,1699,5097,Delivered,Credit Card
ORD15797,CUST1305,27-12-2022,Ahmedabad,PROD208,2,899,1798,Returned,Credit Card
ORD15798,CUST3540,20-10-2023,Indore,PROD171,1,6999,6999,Cancelled,Cash on Delivery
ORD15799,CUST4614,28-03-2025,Hyderabad,PROD123,2,449,898,Shipped,PayPal
ORD15800,CUST3353,10-12-2022,Surat,PROD174,3,899,2697,Cancelled,Credit Card
ORD15801,CUST4430,29-03-2024,Gurgaon,PROD130,2,599,1198,Returned,Cash on Delivery
ORD15802,CUST1865,08-02-2025,Jaipur,PROD105,1,2499,2499,Cancelled,PayPal
ORD15803,CUST2181,26-01-2025,Kochi,PROD150,1,42999,42999,Delivered,Credit Card
ORD15804,CUST1475,16-03-2023,Pune,PROD184,1,2999,2999,Pending,Cash on Delivery
ORD15805,CUST3033,06-11-2024,Kochi,PROD190,1,2499,2499,Shipped,PayPal
ORD15806,CUST5291,07-11-2023,Chennai,PROD169,2,1899,3798,Returned,Cash on Delivery
ORD15807,CUST2106,05-01-2024,Mumbai,PROD166,1,9499,9499,Cancelled,Credit Card
ORD15808,CUST3499,22-03-2024,Mumbai,PROD170,1,2499,2499,Pending,Cash on Delivery
ORD15809,CUST1412,15-12-2022,Hyderabad,PROD107,3,1299,3897,Delivered,Credit Card
ORD15810,CUST1788,28-04-2025,Kolkata,PROD133,2,299,598,Returned,PayPal
ORD15811,CUST2634,06-03-2025,Hyderabad,PROD150,1,42999,42999,Delivered,Credit Card
ORD15812,CUST3812,02-04-2023,Chennai,PROD141,1,64999,64999,Shipped,Credit Card
ORD15813,CUST2282,19-02-2023,Noida,PROD171,1,6999,6999,Shipped,Credit Card
ORD15814,CUST4656,04-07-2024,Nagpur,PROD201,2,799,1598,Delivered,Credit Card
ORD15815,CUST3412,29-08-2024,Pune,PROD210,1,2499,2499,Returned,Credit Card
ORD15816,CUST3784,14-12-2024,Hyderabad,PROD137,2,599,1198,Pending,Credit Card
ORD15817,CUST2483,16-11-2022,Ahmedabad,PROD192,1,4999,4999,Cancelled,Cash on Delivery
ORD15818,CUST5086,20-02-2025,Delhi,PROD129,3,349,1047,Delivered,Credit Card
ORD15819,CUST1975,19-09-2022,Delhi,PROD142,1,59999,59999,Delivered,Credit Card
ORD15820,CUST4063,06-02-2024,Chennai,PROD110,1,2999,2999,Returned,Credit Card
ORD15821,CUST2357,20-03-2025,Kolkata,PROD106,1,5999,5999,Returned,PayPal
ORD15822,CUST3914,09-06-2023,Hyderabad,PROD105,1,2499,2499,Shipped,Credit Card
ORD15823,CUST3296,09-08-2024,Surat,PROD209,2,1799,3598,Cancelled,Cash on Delivery
ORD15824,CUST3143,15-06-2023,Indore,PROD106,1,5999,5999,Pending,Credit Card
ORD15825,CUST1305,28-06-2023,Bangalore,PROD155,1,34999,34999,Pending,PayPal
ORD15826,CUST5183,15-06-2023,Mumbai,PROD169,3,1899,5697,Shipped,Credit Card
ORD15827,CUST1223,07-04-2024,Chennai,PROD178,3,1299,3897,Returned,Cash on Delivery
ORD15828,CUST3094,15-08-2023,Pune,PROD113,2,1499,2998,Pending,Credit Card
ORD15829,CUST2181,03-03-2025,Gurgaon,PROD162,1,3299,3299,Shipped,Credit Card
ORD15830,CUST3310,15-08-2023,Kolkata,PROD211,3,1799,5397,Delivered,Cash on Delivery
ORD15831,CUST4321,10-09-2023,Nagpur,PROD153,1,62990,62990,Cancelled,Cash on Delivery
ORD15832,CUST2935,07-09-2022,Bangalore,PROD129,2,349,698,Cancelled,PayPal
ORD15833,CUST4293,09-03-2024,Pune,PROD101,1,6499,6499,Shipped,PayPal
ORD15834,CUST3300,06-03-2023,Bhubaneswar,PROD219,2,799,1598,Cancelled,PayPal
ORD15835,CUST3055,19-06-2024,Bangalore,PROD149,3,1499,4497,Shipped,PayPal
ORD15836,CUST3305,12-05-2025,Delhi,PROD106,1,5999,5999,Cancelled,Cash on Delivery
ORD15837,CUST4857,27-06-2025,Pune,PROD114,2,1999,3998,Returned,PayPal
ORD15838,CUST2375,28-09-2023,Kolkata,PROD150,1,42999,42999,Pending,PayPal
ORD15839,CUST5145,20-08-2023,Kochi,PROD206,3,699,2097,Shipped,PayPal
ORD15840,CUST1460,13-09-2023,Hyderabad,PROD205,3,399,1197,Delivered,PayPal
ORD15841,CUST4181,03-06-2024,Noida,PROD170,1,2499,2499,Shipped,Credit Card
ORD15842,CUST2530,11-11-2022,Ahmedabad,PROD119,2,1799,3598,Pending,Credit Card
ORD15843,CUST3604,07-07-2023,Nagpur,PROD151,1,49999,49999,Pending,Cash on Delivery
ORD15844,CUST1017,15-08-2024,Bangalore,PROD133,2,299,598,Shipped,PayPal
ORD15845,CUST1264,04-01-2025,Delhi,PROD139,2,499,998,Cancelled,Cash on Delivery
ORD15846,CUST2307,28-06-2024,Bangalore,PROD200,1,2499,2499,Delivered,PayPal
ORD15847,CUST1644,14-03-2023,Bangalore,PROD122,2,399,798,Cancelled,Credit Card
ORD15848,CUST2699,09-11-2022,Mumbai,PROD104,1,4499,4499,Delivered,Credit Card
ORD15849,CUST5031,14-03-2023,Pune,PROD121,2,499,998,Cancelled,PayPal
ORD15850,CUST2826,17-05-2023,Jaipur,PROD216,1,2299,2299,Shipped,Credit Card
ORD15851,CUST4087,16-07-2025,Bangalore,PROD190,1,2499,2499,Returned,PayPal
ORD15852,CUST2197,18-03-2023,Kolkata,PROD159,1,4499,4499,Shipped,Credit Card
ORD15853,CUST1488,10-09-2023,Hyderabad,PROD156,1,29990,29990,Shipped,PayPal
ORD15854,CUST3509,30-04-2024,Delhi,PROD140,1,69999,69999,Cancelled,Cash on Delivery
ORD15855,CUST3961,16-02-2025,Bangalore,PROD183,3,999,2997,Shipped,Credit Card
ORD15856,CUST2377,03-09-2023,Bangalore,PROD125,2,549,1098,Shipped,Credit Card
ORD15857,CUST4773,22-05-2023,Delhi,PROD129,3,349,1047,Cancelled,Credit Card
ORD15858,CUST4388,22-01-2024,Hyderabad,PROD177,2,1599,3198,Pending,Cash on Delivery
ORD15859,CUST4423,17-10-2023,Pune,PROD108,3,1499,4497,Returned,PayPal
ORD15860,CUST1283,10-04-2023,Jaipur,PROD217,3,999,2997,Returned,PayPal
ORD15861,CUST4594,29-05-2023,Delhi,PROD205,2,399,798,Delivered,Cash on Delivery
ORD15862,CUST2229,18-05-2025,Hyderabad,PROD197,1,5999,5999,Cancelled,Cash on Delivery
ORD15863,CUST2634,18-11-2024,Bhubaneswar,PROD173,2,1299,2598,Pending,Credit Card
ORD15864,CUST4648,15-10-2023,Kolkata,PROD212,1,5499,5499,Returned,Cash on Delivery
ORD15865,CUST2053,20-11-2024,Surat,PROD118,1,2999,2999,Pending,Credit Card
ORD15866,CUST5038,16-02-2025,Pune,PROD176,1,3499,3499,Returned,Credit Card
ORD15867,CUST4108,18-11-2023,Kochi,PROD208,2,899,1798,Returned,PayPal
ORD15868,CUST4859,29-05-2024,Bangalore,PROD110,1,2999,2999,Pending,PayPal
ORD15869,CUST3699,05-04-2025,Jaipur,PROD152,1,39999,39999,Delivered,Credit Card
ORD15870,CUST3332,13-10-2023,Chennai,PROD137,2,599,1198,Delivered,Cash on Delivery
ORD15871,CUST4652,25-04-2025,Delhi,PROD201,2,799,1598,Delivered,Cash on Delivery
ORD15872,CUST5073,26-04-2024,Jaipur,PROD148,1,6499,6499,Delivered,Credit Card
ORD15873,CUST2579,05-04-2025,Kolkata,PROD167,1,3499,3499,Returned,Credit Card
ORD15874,CUST4693,28-06-2023,Bhubaneswar,PROD173,3,1299,3897,Delivered,PayPal
ORD15875,CUST2193,24-07-2023,Surat,PROD173,2,1299,2598,Shipped,PayPal
ORD15876,CUST5239,09-01-2025,Chennai,PROD213,2,1999,3998,Cancelled,Cash on Delivery
ORD15877,CUST2331,13-04-2024,Kochi,PROD166,1,9499,9499,Cancelled,Credit Card
ORD15878,CUST1094,10-09-2022,Pune,PROD176,1,3499,3499,Cancelled,Credit Card
ORD15879,CUST4706,05-11-2023,Bangalore,PROD197,1,5999,5999,Cancelled,PayPal
ORD15880,CUST3125,16-03-2024,Chennai,PROD198,1,6999,6999,Pending,PayPal
ORD15881,CUST1961,27-03-2024,Mumbai,PROD161,2,1499,2998,Shipped,Cash on Delivery
ORD15882,CUST4525,07-09-2024,Hyderabad,PROD101,1,6499,6499,Cancelled,Cash on Delivery
ORD15883,CUST2606,26-05-2025,Chennai,PROD172,1,3999,3999,Cancelled,Cash on Delivery
ORD15884,CUST4856,22-06-2024,Surat,PROD181,2,1299,2598,Delivered,Credit Card
ORD15885,CUST4919,08-05-2023,Bangalore,PROD164,2,1199,2398,Returned,Cash on Delivery
ORD15886,CUST2634,01-04-2023,Hyderabad,PROD219,2,799,1598,Cancelled,Credit Card
ORD15887,CUST1215,16-03-2025,Mumbai,PROD109,1,2399,2399,Cancelled,Cash on Delivery
ORD15888,CUST3734,01-06-2023,Hyderabad,PROD119,3,1799,5397,Shipped,PayPal
ORD15889,CUST2556,11-05-2025,Kochi,PROD213,2,1999,3998,Pending,Credit Card
ORD15890,CUST2211,14-10-2022,Noida,PROD103,1,2999,2999,Delivered,PayPal
ORD15891,CUST4723,28-04-2025,Lucknow,PROD143,1,89999,89999,Cancelled,PayPal
ORD15892,CUST2848,25-07-2023,Indore,PROD129,2,349,698,Shipped,Credit Card
ORD15893,CUST1302,16-07-2024,Mumbai,PROD193,3,1499,4497,Pending,Credit Card
ORD15894,CUST4603,03-01-2024,Mumbai,PROD213,2,1999,3998,Cancelled,PayPal
ORD15895,CUST4925,24-12-2023,Kochi,PROD190,1,2499,2499,Returned,Cash on Delivery
ORD15896,CUST4599,16-03-2023,Chennai,PROD148,1,6499,6499,Delivered,PayPal
ORD15897,CUST1817,12-12-2023,Gurgaon,PROD125,2,549,1098,Returned,PayPal
ORD15898,CUST3175,11-07-2025,Mumbai,PROD206,2,699,1398,Cancelled,Cash on Delivery
ORD15899,CUST2640,25-12-2022,Visakhapatnam,PROD109,1,2399,2399,Pending,Cash on Delivery
ORD15900,CUST1458,12-11-2022,Chennai,PROD103,1,2999,2999,Returned,Cash on Delivery
ORD15901,CUST3623,04-05-2025,Chennai,PROD156,1,29990,29990,Delivered,Cash on Delivery
ORD15902,CUST4083,23-07-2024,Surat,PROD120,2,599,1198,Shipped,Cash on Delivery
ORD15903,CUST1068,21-08-2023,Delhi,PROD203,2,1999,3998,Delivered,Credit Card
ORD15904,CUST2083,17-09-2024,Delhi,PROD205,3,399,1197,Returned,Credit Card
ORD15905,CUST4642,08-08-2024,Gurgaon,PROD121,2,499,998,Pending,Cash on Delivery
ORD15906,CUST1791,18-12-2023,Gurgaon,PROD218,3,299,897,Shipped,PayPal
ORD15907,CUST5198,19-01-2024,Delhi,PROD116,1,3499,3499,Cancelled,Credit Card
ORD15908,CUST3125,30-09-2022,Chennai,PROD205,3,399,1197,Cancelled,Credit Card
ORD15909,CUST1498,14-01-2023,Bhubaneswar,PROD107,3,1299,3897,Cancelled,Cash on Delivery
ORD15910,CUST3343,15-10-2022,Indore,PROD192,1,4999,4999,Pending,PayPal
ORD15911,CUST4940,10-12-2023,Mumbai,PROD146,1,34999,34999,Pending,Cash on Delivery
ORD15912,CUST3379,13-04-2024,Chandigarh,PROD134,3,450,1350,Pending,PayPal
ORD15913,CUST4294,08-06-2023,Bhubaneswar,PROD119,2,1799,3598,Pending,Cash on Delivery
ORD15914,CUST3600,19-02-2025,Bhubaneswar,PROD121,2,499,998,Returned,Cash on Delivery
ORD15915,CUST3316,20-06-2023,Noida,PROD218,3,299,897,Delivered,PayPal
ORD15916,CUST3598,14-05-2025,Bhubaneswar,PROD193,3,1499,4497,Shipped,Cash on Delivery
ORD15917,CUST4732,23-12-2024,Delhi,PROD138,2,799,1598,Returned,Cash on Delivery
ORD15918,CUST3079,11-07-2025,Kolkata,PROD158,1,8995,8995,Delivered,PayPal
ORD15919,CUST3262,04-07-2025,Patna,PROD159,1,4499,4499,Returned,Credit Card
ORD15920,CUST3775,06-07-2023,Bhubaneswar,PROD189,2,899,1798,Delivered,PayPal
ORD15921,CUST4350,15-05-2023,Delhi,PROD175,3,1499,4497,Cancelled,Cash on Delivery
ORD15922,CUST3806,23-08-2024,Kochi,PROD211,2,1799,3598,Pending,PayPal
ORD15923,CUST4461,17-08-2024,Bhubaneswar,PROD104,1,4499,4499,Cancelled,Cash on Delivery
ORD15924,CUST4776,16-03-2024,Chennai,PROD181,3,1299,3897,Cancelled,PayPal
ORD15925,CUST2694,26-02-2025,Pune,PROD129,2,349,698,Shipped,Cash on Delivery
ORD15926,CUST1384,25-06-2024,Mumbai,PROD158,1,8995,8995,Shipped,Credit Card
ORD15927,CUST1005,07-01-2025,Kolkata,PROD176,1,3499,3499,Returned,Cash on Delivery
ORD15928,CUST2234,10-09-2023,Ahmedabad,PROD155,1,34999,34999,Cancelled,PayPal
ORD15929,CUST3064,09-10-2022,Bangalore,PROD182,3,1899,5697,Pending,Credit Card
ORD15930,CUST2154,13-09-2024,Delhi,PROD204,1,2299,2299,Cancelled,Cash on Delivery
ORD15931,CUST1498,15-05-2024,Visakhapatnam,PROD119,2,1799,3598,Shipped,Cash on Delivery
ORD15932,CUST2590,05-01-2025,Delhi,PROD188,2,499,998,Shipped,PayPal
ORD15933,CUST1370,14-11-2023,Chennai,PROD140,1,69999,69999,Returned,Cash on Delivery
ORD15934,CUST5004,28-03-2025,Jaipur,PROD156,1,29990,29990,Delivered,Cash on Delivery
ORD15935,CUST2607,13-08-2025,Delhi,PROD103,1,2999,2999,Cancelled,PayPal
ORD15936,CUST1107,23-03-2023,Pune,PROD124,2,699,1398,Shipped,PayPal
ORD15937,CUST4421,30-09-2023,Mumbai,PROD189,3,899,2697,Delivered,Credit Card
ORD15938,CUST4426,24-04-2025,Kolkata,PROD217,3,999,2997,Delivered,PayPal
ORD15939,CUST2496,29-11-2022,Pune,PROD157,1,14999,14999,Cancelled,Credit Card
ORD15940,CUST1423,18-09-2023,Nagpur,PROD102,2,1799,3598,Delivered,Cash on Delivery
ORD15941,CUST2828,10-01-2023,Bangalore,PROD103,1,2999,2999,Returned,PayPal
ORD15942,CUST3885,22-03-2025,Visakhapatnam,PROD159,1,4499,4499,Returned,PayPal
ORD15943,CUST3510,27-05-2023,Hyderabad,PROD153,1,62990,62990,Returned,Cash on Delivery
ORD15944,CUST4524,26-08-2024,Mumbai,PROD103,1,2999,2999,Returned,Credit Card
ORD15945,CUST3585,13-01-2023,Pune,PROD168,2,1299,2598,Pending,Cash on Delivery
ORD15946,CUST4473,23-06-2024,Indore,PROD158,1,8995,8995,Delivered,Credit Card
ORD15947,CUST2573,05-08-2023,Mumbai,PROD179,2,1799,3598,Delivered,PayPal
ORD15948,CUST4293,05-12-2023,Nagpur,PROD155,1,34999,34999,Pending,PayPal
ORD15949,CUST4792,12-11-2023,Mumbai,PROD105,1,2499,2499,Pending,Cash on Delivery
ORD15950,CUST1412,10-05-2023,Pune,PROD178,2,1299,2598,Returned,Credit Card
ORD15951,CUST1110,28-03-2023,Bhubaneswar,PROD166,1,9499,9499,Delivered,Cash on Delivery
ORD15952,CUST2356,02-10-2022,Nagpur,PROD216,1,2299,2299,Returned,Cash on Delivery
ORD15953,CUST4874,03-08-2023,Pune,PROD131,3,499,1497,Delivered,Cash on Delivery
ORD15954,CUST1285,03-03-2024,Bangalore,PROD164,2,1199,2398,Returned,PayPal
ORD15955,CUST1530,13-05-2023,Hyderabad,PROD198,1,6999,6999,Cancelled,PayPal
ORD15956,CUST2533,12-10-2023,Delhi,PROD162,1,3299,3299,Shipped,Cash on Delivery
ORD15957,CUST5128,22-07-2023,Bhubaneswar,PROD105,1,2499,2499,Pending,Cash on Delivery
ORD15958,CUST1524,01-12-2024,Visakhapatnam,PROD149,2,1499,2998,Cancelled,Cash on Delivery
ORD15959,CUST1763,27-09-2024,Hyderabad,PROD208,2,899,1798,Pending,Credit Card
ORD15960,CUST3106,26-08-2023,Hyderabad,PROD200,1,2499,2499,Shipped,Credit Card
ORD15961,CUST3393,28-02-2025,Mumbai,PROD123,2,449,898,Returned,Credit Card
ORD15962,CUST4171,29-08-2022,Bangalore,PROD219,2,799,1598,Shipped,Credit Card
ORD15963,CUST3552,13-09-2023,Bangalore,PROD155,1,34999,34999,Shipped,Cash on Delivery
ORD15964,CUST2181,31-05-2023,Pune,PROD206,2,699,1398,Delivered,Credit Card
ORD15965,CUST2621,18-07-2025,Noida,PROD161,2,1499,2998,Delivered,Cash on Delivery
ORD15966,CUST5006,23-07-2023,Pune,PROD187,1,4999,4999,Delivered,Credit Card
ORD15967,CUST4169,12-04-2024,Pune,PROD217,2,999,1998,Shipped,Credit Card
ORD15968,CUST1694,27-12-2022,Delhi,PROD154,1,71990,71990,Cancelled,Credit Card
ORD15969,CUST3452,13-06-2024,Bangalore,PROD116,1,3499,3499,Returned,Credit Card
ORD15970,CUST2706,10-03-2023,Bhubaneswar,PROD180,1,2499,2499,Cancelled,PayPal
ORD15971,CUST3026,07-08-2023,Chandigarh,PROD169,3,1899,5697,Pending,PayPal
ORD15972,CUST4228,12-05-2024,Hyderabad,PROD163,1,4999,4999,Delivered,Cash on Delivery
ORD15973,CUST3968,09-03-2025,Kochi,PROD107,3,1299,3897,Delivered,Credit Card
ORD15974,CUST2458,14-12-2022,Delhi,PROD201,3,799,2397,Cancelled,Cash on Delivery
ORD15975,CUST3304,20-01-2024,Pune,PROD149,2,1499,2998,Cancelled,PayPal
ORD15976,CUST1055,06-04-2023,Ahmedabad,PROD217,3,999,2997,Pending,Cash on Delivery
ORD15977,CUST1222,27-06-2023,Bangalore,PROD215,2,1799,3598,Returned,Credit Card
ORD15978,CUST2238,26-02-2025,Surat,PROD131,3,499,1497,Returned,PayPal
ORD15979,CUST3270,27-09-2022,Hyderabad,PROD108,2,1499,2998,Pending,Credit Card
ORD15980,CUST1453,30-08-2023,Noida,PROD120,2,599,1198,Shipped,PayPal
ORD15981,CUST1074,12-04-2024,Noida,PROD206,3,699,2097,Shipped,Cash on Delivery
ORD15982,CUST2373,29-01-2025,Kolkata,PROD162,1,3299,3299,Cancelled,Credit Card
ORD15983,CUST4288,28-09-2024,Patna,PROD119,2,1799,3598,Shipped,Credit Card
ORD15984,CUST3002,29-04-2023,Pune,PROD158,1,8995,8995,Returned,Credit Card
ORD15985,CUST1511,17-12-2022,Mumbai,PROD154,1,71990,71990,Shipped,PayPal
ORD15986,CUST1597,06-08-2024,Kolkata,PROD181,3,1299,3897,Delivered,Credit Card
ORD15987,CUST1739,25-08-2024,Chennai,PROD167,1,3499,3499,Delivered,Cash on Delivery
ORD15988,CUST4871,10-09-2022,Hyderabad,PROD174,2,899,1798,Pending,PayPal
ORD15989,CUST5083,08-02-2025,Bhubaneswar,PROD136,3,499,1497,Shipped,Cash on Delivery
ORD15990,CUST2882,23-06-2025,Kochi,PROD148,1,6499,6499,Pending,Credit Card
ORD15991,CUST4133,14-05-2024,Chennai,PROD128,2,799,1598,Returned,Cash on Delivery
ORD15992,CUST3570,06-06-2025,Bangalore,PROD147,1,29990,29990,Pending,Cash on Delivery
ORD15993,CUST2059,16-10-2023,Mumbai,PROD111,2,1899,3798,Delivered,Credit Card
ORD15994,CUST5013,18-06-2024,Chennai,PROD130,3,599,1797,Pending,Cash on Delivery
ORD15995,CUST4764,13-04-2024,Kolkata,PROD172,1,3999,3999,Shipped,Credit Card
ORD15996,CUST1183,23-12-2022,Bangalore,PROD188,2,499,998,Cancelled,PayPal
ORD15997,CUST2165,23-12-2023,Bangalore,PROD190,1,2499,2499,Cancelled,Cash on Delivery
ORD15998,CUST2137,14-04-2023,Gurgaon,PROD187,1,4999,4999,Cancelled,Cash on Delivery
ORD15999,CUST3595,07-11-2023,Bhubaneswar,PROD218,3,299,897,Returned,Credit Card
ORD16000,CUST1449,04-10-2022,Bangalore,PROD167,1,3499,3499,Cancelled,Credit Card
ORD16001,CUST1754,10-06-2025,Pune,PROD186,1,3499,3499,Returned,PayPal
ORD16002,CUST1171,14-11-2022,Delhi,PROD201,2,799,1598,Shipped,Cash on Delivery
ORD16003,CUST1947,01-12-2022,Hyderabad,PROD122,3,399,1197,Cancelled,Cash on Delivery
ORD16004,CUST2469,04-04-2024,Mumbai,PROD191,2,1999,3998,Returned,Credit Card
ORD16005,CUST2611,07-01-2025,Mumbai,PROD170,1,2499,2499,Pending,Credit Card
ORD16006,CUST4225,21-11-2023,Kolkata,PROD103,1,2999,2999,Shipped,Credit Card
ORD16007,CUST4448,05-08-2024,Jaipur,PROD173,3,1299,3897,Shipped,Cash on Delivery
ORD16008,CUST4284,03-07-2023,Patna,PROD155,1,34999,34999,Delivered,Cash on Delivery
ORD16009,CUST4298,20-10-2022,Lucknow,PROD154,1,71990,71990,Cancelled,Credit Card
ORD16010,CUST2777,10-11-2024,Kolkata,PROD193,2,1499,2998,Delivered,PayPal
ORD16011,CUST4513,18-12-2022,Ahmedabad,PROD214,3,499,1497,Shipped,PayPal
ORD16012,CUST1738,21-11-2024,Hyderabad,PROD139,2,499,998,Pending,Cash on Delivery
ORD16013,CUST1728,21-03-2025,Bhubaneswar,PROD189,3,899,2697,Shipped,PayPal
ORD16014,CUST4238,05-07-2023,Bangalore,PROD123,3,449,1347,Pending,PayPal
ORD16015,CUST4126,11-01-2024,Patna,PROD193,3,1499,4497,Shipped,PayPal
ORD16016,CUST1085,09-05-2023,Kolkata,PROD176,1,3499,3499,Pending,PayPal
ORD16017,CUST2102,21-09-2024,Gurgaon,PROD128,2,799,1598,Returned,Cash on Delivery
ORD16018,CUST1161,13-01-2025,Mumbai,PROD182,3,1899,5697,Delivered,Cash on Delivery
ORD16019,CUST3830,19-04-2023,Kochi,PROD129,2,349,698,Delivered,Cash on Delivery
ORD16020,CUST3553,24-05-2023,Hyderabad,PROD126,2,299,598,Shipped,Credit Card
ORD16021,CUST1320,01-06-2023,Kolkata,PROD123,3,449,1347,Cancelled,Credit Card
ORD16022,CUST1275,08-10-2023,Kolkata,PROD163,1,4999,4999,Pending,Cash on Delivery
ORD16023,CUST1968,02-04-2024,Ahmedabad,PROD143,1,89999,89999,Pending,Credit Card
ORD16024,CUST2739,19-12-2024,Delhi,PROD102,2,1799,3598,Pending,Credit Card
ORD16025,CUST3624,02-04-2025,Patna,PROD169,2,1899,3798,Returned,Credit Card
ORD16026,CUST2168,07-11-2024,Indore,PROD122,2,399,798,Returned,Credit Card
ORD16027,CUST4021,21-07-2024,Chennai,PROD168,3,1299,3897,Shipped,Cash on Delivery
ORD16028,CUST2710,26-12-2023,Hyderabad,PROD108,3,1499,4497,Pending,PayPal
ORD16029,CUST2906,03-11-2022,Nagpur,PROD192,1,4999,4999,Cancelled,Credit Card
ORD16030,CUST4584,25-09-2023,Pune,PROD137,2,599,1198,Pending,Credit Card
ORD16031,CUST4300,17-04-2024,Pune,PROD155,1,34999,34999,Delivered,Cash on Delivery
ORD16032,CUST2524,06-04-2025,Kolkata,PROD191,3,1999,5997,Returned,PayPal
ORD16033,CUST4726,25-10-2023,Kolkata,PROD140,1,69999,69999,Shipped,Cash on Delivery
ORD16034,CUST4512,22-08-2025,Noida,PROD130,3,599,1797,Cancelled,Cash on Delivery
ORD16035,CUST2797,02-02-2024,Chennai,PROD167,1,3499,3499,Shipped,Cash on Delivery
ORD16036,CUST4251,07-09-2022,Nagpur,PROD200,1,2499,2499,Cancelled,Credit Card
ORD16037,CUST4758,20-04-2023,Hyderabad,PROD142,1,59999,59999,Cancelled,Cash on Delivery
ORD16038,CUST2911,22-11-2022,Jaipur,PROD171,1,6999,6999,Delivered,Cash on Delivery
ORD16039,CUST1329,24-10-2024,Delhi,PROD126,2,299,598,Shipped,Cash on Delivery
ORD16040,CUST4321,13-05-2023,Bangalore,PROD168,3,1299,3897,Delivered,Cash on Delivery
ORD16041,CUST1972,10-07-2023,Kolkata,PROD164,3,1199,3597,Returned,PayPal
ORD16042,CUST3213,15-10-2023,Ahmedabad,PROD162,1,3299,3299,Delivered,PayPal
ORD16043,CUST1923,03-03-2025,Jaipur,PROD164,3,1199,3597,Pending,Cash on Delivery
ORD16044,CUST1615,27-12-2024,Mumbai,PROD114,2,1999,3998,Returned,PayPal
ORD16045,CUST3328,08-02-2024,Indore,PROD113,3,1499,4497,Shipped,PayPal
ORD16046,CUST1864,05-04-2023,Lucknow,PROD156,1,29990,29990,Delivered,Cash on Delivery
ORD16047,CUST3760,24-10-2022,Ahmedabad,PROD173,2,1299,2598,Shipped,Credit Card
ORD16048,CUST3213,22-05-2024,Hyderabad,PROD101,1,6499,6499,Pending,PayPal
ORD16049,CUST5257,28-06-2024,Ahmedabad,PROD211,2,1799,3598,Returned,PayPal
ORD16050,CUST3687,09-06-2024,Bangalore,PROD134,2,450,900,Shipped,Cash on Delivery
ORD16051,CUST3967,12-06-2024,Chennai,PROD194,3,999,2997,Pending,PayPal
ORD16052,CUST4247,09-12-2023,Nagpur,PROD212,1,5499,5499,Returned,Cash on Delivery
ORD16053,CUST3923,20-12-2022,Gurgaon,PROD103,1,2999,2999,Returned,PayPal
ORD16054,CUST1448,18-03-2023,Gurgaon,PROD147,1,29990,29990,Delivered,Cash on Delivery
ORD16055,CUST1412,15-07-2023,Bangalore,PROD141,1,64999,64999,Pending,PayPal
ORD16056,CUST4909,19-06-2024,Pune,PROD111,3,1899,5697,Returned,Cash on Delivery
ORD16057,CUST3974,30-04-2024,Surat,PROD102,3,1799,5397,Delivered,Cash on Delivery
ORD16058,CUST1677,09-09-2023,Delhi,PROD103,1,2999,2999,Returned,PayPal
ORD16059,CUST4963,31-12-2024,Bhubaneswar,PROD202,2,1499,2998,Shipped,Credit Card
ORD16060,CUST5216,02-09-2024,Mumbai,PROD199,3,1299,3897,Cancelled,Cash on Delivery
ORD16061,CUST3657,21-07-2023,Mumbai,PROD151,1,49999,49999,Pending,PayPal
ORD16062,CUST3820,08-04-2023,Kolkata,PROD215,2,1799,3598,Returned,Cash on Delivery
ORD16063,CUST4853,16-02-2025,Visakhapatnam,PROD171,1,6999,6999,Pending,Cash on Delivery
ORD16064,CUST3363,08-02-2023,Pune,PROD204,1,2299,2299,Shipped,Cash on Delivery
ORD16065,CUST4178,06-11-2022,Patna,PROD193,2,1499,2998,Cancelled,PayPal
ORD16066,CUST1088,27-02-2025,Pune,PROD126,3,299,897,Shipped,PayPal
ORD16067,CUST4330,27-05-2024,Kolkata,PROD193,3,1499,4497,Pending,Cash on Delivery
ORD16068,CUST2887,20-05-2023,Mumbai,PROD127,3,899,2697,Returned,Credit Card
ORD16069,CUST4765,04-04-2025,Mumbai,PROD215,3,1799,5397,Cancelled,Credit Card
ORD16070,CUST1513,21-11-2022,Hyderabad,PROD199,2,1299,2598,Pending,Credit Card
ORD16071,CUST4428,18-03-2025,Ahmedabad,PROD120,3,599,1797,Cancelled,Credit Card
ORD16072,CUST4119,21-03-2025,Surat,PROD204,1,2299,2299,Returned,Cash on Delivery
ORD16073,CUST4412,20-02-2023,Delhi,PROD136,2,499,998,Cancelled,Credit Card
ORD16074,CUST3273,05-03-2023,Kolkata,PROD115,1,2499,2499,Pending,PayPal
ORD16075,CUST2969,14-10-2023,Surat,PROD148,1,6499,6499,Pending,Cash on Delivery
ORD16076,CUST1849,20-05-2023,Pune,PROD161,2,1499,2998,Returned,Credit Card
ORD16077,CUST2434,20-10-2023,Mumbai,PROD142,1,59999,59999,Pending,Cash on Delivery
ORD16078,CUST2370,27-06-2024,Bangalore,PROD198,1,6999,6999,Shipped,Credit Card
ORD16079,CUST1976,19-09-2022,Ahmedabad,PROD185,2,1499,2998,Shipped,Cash on Delivery
ORD16080,CUST3792,24-12-2024,Ahmedabad,PROD173,3,1299,3897,Pending,PayPal
ORD16081,CUST3437,10-07-2024,Mumbai,PROD130,2,599,1198,Returned,PayPal
ORD16082,CUST1945,04-03-2023,Lucknow,PROD171,1,6999,6999,Returned,Credit Card
ORD16083,CUST4286,15-02-2023,Hyderabad,PROD197,1,5999,5999,Cancelled,PayPal
ORD16084,CUST5005,27-06-2023,Kolkata,PROD148,1,6499,6499,Shipped,Cash on Delivery
ORD16085,CUST4950,21-07-2024,Chennai,PROD109,1,2399,2399,Shipped,Cash on Delivery
ORD16086,CUST4729,12-07-2024,Patna,PROD217,2,999,1998,Returned,PayPal
ORD16087,CUST3894,09-01-2023,Chandigarh,PROD107,2,1299,2598,Returned,Credit Card
ORD16088,CUST4646,12-08-2024,Hyderabad,PROD195,1,4499,4499,Delivered,PayPal
ORD16089,CUST4040,25-05-2023,Gurgaon,PROD216,1,2299,2299,Pending,Credit Card
ORD16090,CUST4451,16-07-2025,Bangalore,PROD120,3,599,1797,Returned,PayPal
ORD16091,CUST5225,25-06-2023,Delhi,PROD212,1,5499,5499,Pending,PayPal
ORD16092,CUST2566,15-09-2022,Bangalore,PROD126,2,299,598,Pending,PayPal
ORD16093,CUST3956,17-06-2024,Ahmedabad,PROD112,3,1699,5097,Shipped,PayPal
ORD16094,CUST1820,15-04-2023,Mumbai,PROD159,1,4499,4499,Cancelled,Cash on Delivery
ORD16095,CUST5227,11-03-2025,Mumbai,PROD197,1,5999,5999,Returned,Credit Card
ORD16096,CUST2382,15-12-2023,Delhi,PROD165,3,1799,5397,Pending,Cash on Delivery
ORD16097,CUST4807,23-10-2024,Surat,PROD147,1,29990,29990,Cancelled,Credit Card
ORD16098,CUST4947,16-09-2022,Bangalore,PROD185,3,1499,4497,Shipped,Cash on Delivery
ORD16099,CUST4783,02-02-2023,Pune,PROD105,1,2499,2499,Pending,Cash on Delivery
ORD16100,CUST4454,24-10-2024,Bhubaneswar,PROD178,2,1299,2598,Pending,Cash on Delivery
ORD16101,CUST1291,23-05-2024,Bangalore,PROD192,1,4999,4999,Cancelled,Credit Card
ORD16102,CUST1985,04-06-2024,Delhi,PROD157,1,14999,14999,Delivered,Credit Card
ORD16103,CUST2637,25-04-2025,Pune,PROD126,2,299,598,Delivered,Credit Card
ORD16104,CUST2388,19-07-2024,Hyderabad,PROD178,2,1299,2598,Cancelled,Cash on Delivery
ORD16105,CUST2230,22-02-2024,Kochi,PROD105,1,2499,2499,Returned,PayPal
ORD16106,CUST1322,23-09-2023,Ahmedabad,PROD201,3,799,2397,Cancelled,Credit Card
ORD16107,CUST4128,28-12-2023,Pune,PROD193,2,1499,2998,Returned,Credit Card
ORD16108,CUST3190,08-05-2024,Delhi,PROD166,1,9499,9499,Delivered,Credit Card
ORD16109,CUST1558,21-07-2025,Visakhapatnam,PROD128,2,799,1598,Returned,PayPal
ORD16110,CUST3988,13-07-2025,Pune,PROD125,2,549,1098,Cancelled,Cash on Delivery
ORD16111,CUST4121,11-06-2025,Chennai,PROD192,1,4999,4999,Delivered,PayPal
ORD16112,CUST4254,06-09-2023,Chennai,PROD126,2,299,598,Cancelled,Cash on Delivery
ORD16113,CUST5206,01-11-2022,Nagpur,PROD201,2,799,1598,Cancelled,Credit Card
ORD16114,CUST4658,19-06-2024,Delhi,PROD195,1,4499,4499,Shipped,PayPal
ORD16115,CUST2047,21-11-2023,Kolkata,PROD128,3,799,2397,Delivered,Cash on Delivery
ORD16116,CUST2837,13-09-2022,Hyderabad,PROD153,1,62990,62990,Pending,Credit Card
ORD16117,CUST3445,22-12-2024,Visakhapatnam,PROD132,2,399,798,Returned,Cash on Delivery
ORD16118,CUST2535,15-03-2023,Delhi,PROD150,1,42999,42999,Cancelled,Cash on Delivery
ORD16119,CUST1200,01-12-2024,Jaipur,PROD210,1,2499,2499,Shipped,PayPal
ORD16120,CUST3448,15-09-2023,Hyderabad,PROD169,3,1899,5697,Shipped,Credit Card
ORD16121,CUST4387,17-01-2024,Ahmedabad,PROD106,1,5999,5999,Shipped,Credit Card
ORD16122,CUST2168,30-09-2023,Hyderabad,PROD156,1,29990,29990,Cancelled,Cash on Delivery
ORD16123,CUST2608,15-09-2024,Patna,PROD152,1,39999,39999,Returned,Credit Card
ORD16124,CUST2686,03-10-2022,Mumbai,PROD160,1,5999,5999,Returned,Credit Card
ORD16125,CUST4593,04-09-2023,Delhi,PROD126,3,299,897,Cancelled,Cash on Delivery
ORD16126,CUST3428,17-06-2023,Patna,PROD211,2,1799,3598,Pending,PayPal
ORD16127,CUST1287,06-02-2023,Bangalore,PROD150,1,42999,42999,Cancelled,Cash on Delivery
ORD16128,CUST4559,26-05-2025,Bangalore,PROD149,2,1499,2998,Delivered,Cash on Delivery
ORD16129,CUST5038,16-07-2024,Mumbai,PROD112,3,1699,5097,Pending,Credit Card
ORD16130,CUST2080,23-08-2023,Gurgaon,PROD101,1,6499,6499,Shipped,Cash on Delivery
ORD16131,CUST4536,16-06-2025,Chennai,PROD122,3,399,1197,Delivered,Cash on Delivery
ORD16132,CUST5246,02-06-2025,Kolkata,PROD154,1,71990,71990,Delivered,Credit Card
ORD16133,CUST4616,28-05-2023,Hyderabad,PROD173,3,1299,3897,Pending,Credit Card
ORD16134,CUST3594,06-08-2024,Kolkata,PROD110,1,2999,2999,Pending,PayPal
ORD16135,CUST2282,08-04-2023,Kolkata,PROD115,1,2499,2499,Shipped,PayPal
ORD16136,CUST5238,05-04-2023,Pune,PROD103,1,2999,2999,Delivered,PayPal
ORD16137,CUST3637,13-05-2023,Jaipur,PROD214,3,499,1497,Delivered,Cash on Delivery
ORD16138,CUST3752,14-08-2025,Patna,PROD186,1,3499,3499,Cancelled,Credit Card
ORD16139,CUST4301,24-08-2024,Pune,PROD217,2,999,1998,Delivered,Credit Card
ORD16140,CUST3236,11-09-2024,Surat,PROD145,1,62990,62990,Cancelled,Cash on Delivery
ORD16141,CUST5022,25-07-2023,Pune,PROD186,1,3499,3499,Returned,Cash on Delivery
ORD16142,CUST2278,17-05-2025,Patna,PROD113,2,1499,2998,Delivered,Cash on Delivery
ORD16143,CUST3073,22-06-2023,Pune,PROD101,1,6499,6499,Returned,Credit Card
ORD16144,CUST4237,09-02-2025,Chandigarh,PROD194,2,999,1998,Cancelled,PayPal
ORD16145,CUST3397,10-05-2023,Bangalore,PROD213,2,1999,3998,Returned,PayPal
ORD16146,CUST1453,29-10-2023,Visakhapatnam,PROD108,3,1499,4497,Returned,Credit Card
ORD16147,CUST2075,27-09-2023,Pune,PROD201,3,799,2397,Returned,PayPal
ORD16148,CUST1009,28-01-2023,Gurgaon,PROD102,3,1799,5397,Delivered,Credit Card
ORD16149,CUST4336,29-03-2025,Kochi,PROD153,1,62990,62990,Cancelled,Credit Card
ORD16150,CUST4295,25-08-2023,Hyderabad,PROD187,1,4999,4999,Cancelled,Credit Card
ORD16151,CUST4009,26-01-2025,Kolkata,PROD206,3,699,2097,Shipped,PayPal
ORD16152,CUST3606,03-10-2023,Kolkata,PROD166,1,9499,9499,Cancelled,Credit Card
ORD16153,CUST1027,18-06-2024,Kochi,PROD200,1,2499,2499,Pending,Credit Card
ORD16154,CUST4295,20-12-2024,Chennai,PROD126,2,299,598,Pending,PayPal
ORD16155,CUST3799,08-12-2022,Noida,PROD145,1,62990,62990,Cancelled,Credit Card
ORD16156,CUST1020,09-04-2025,Kochi,PROD163,1,4999,4999,Cancelled,Cash on Delivery
ORD16157,CUST4653,02-12-2023,Noida,PROD187,1,4999,4999,Returned,Credit Card
ORD16158,CUST3054,25-11-2022,Kolkata,PROD133,2,299,598,Delivered,PayPal
ORD16159,CUST3229,04-01-2024,Chennai,PROD131,3,499,1497,Shipped,Credit Card
ORD16160,CUST4222,06-04-2023,Ahmedabad,PROD111,2,1899,3798,Shipped,Credit Card
ORD16161,CUST2855,31-08-2023,Lucknow,PROD209,2,1799,3598,Delivered,PayPal
ORD16162,CUST4632,08-11-2022,Delhi,PROD144,1,58499,58499,Shipped,PayPal
ORD16163,CUST3919,26-06-2025,Chennai,PROD107,3,1299,3897,Delivered,Credit Card
ORD16164,CUST2673,11-10-2024,Chennai,PROD138,2,799,1598,Pending,Cash on Delivery
ORD16165,CUST4921,21-12-2022,Pune,PROD145,1,62990,62990,Cancelled,Credit Card
ORD16166,CUST1037,18-08-2025,Mumbai,PROD154,1,71990,71990,Returned,Cash on Delivery
ORD16167,CUST2986,12-10-2022,Nagpur,PROD146,1,34999,34999,Pending,Credit Card
ORD16168,CUST5161,20-11-2022,Kolkata,PROD194,2,999,1998,Returned,PayPal
ORD16169,CUST4702,21-08-2025,Pune,PROD135,3,350,1050,Cancelled,PayPal
ORD16170,CUST4826,25-01-2023,Kolkata,PROD150,1,42999,42999,Returned,Cash on Delivery
ORD16171,CUST5203,27-06-2024,Hyderabad,PROD102,3,1799,5397,Delivered,Credit Card
ORD16172,CUST5218,08-03-2025,Indore,PROD132,2,399,798,Cancelled,Cash on Delivery
ORD16173,CUST2300,03-02-2023,Chandigarh,PROD210,1,2499,2499,Cancelled,Cash on Delivery
ORD16174,CUST4097,05-09-2022,Chennai,PROD217,3,999,2997,Pending,Cash on Delivery
ORD16175,CUST4977,20-01-2025,Nagpur,PROD208,3,899,2697,Returned,PayPal
ORD16176,CUST3264,13-03-2023,Bangalore,PROD110,1,2999,2999,Returned,Cash on Delivery
ORD16177,CUST4475,06-06-2025,Delhi,PROD204,1,2299,2299,Returned,Credit Card
ORD16178,CUST3079,29-09-2024,Mumbai,PROD155,1,34999,34999,Pending,Credit Card
ORD16179,CUST2771,03-06-2024,Visakhapatnam,PROD149,3,1499,4497,Pending,PayPal
ORD16180,CUST1136,18-10-2024,Kolkata,PROD126,3,299,897,Shipped,PayPal
ORD16181,CUST4984,01-12-2022,Jaipur,PROD167,1,3499,3499,Returned,Credit Card
ORD16182,CUST3240,26-01-2024,Mumbai,PROD155,1,34999,34999,Delivered,Cash on Delivery
ORD16183,CUST3306,08-01-2024,Bangalore,PROD199,3,1299,3897,Returned,Cash on Delivery
ORD16184,CUST4621,09-02-2023,Kolkata,PROD173,3,1299,3897,Returned,Credit Card
ORD16185,CUST3664,23-05-2023,Nagpur,PROD216,1,2299,2299,Returned,PayPal
ORD16186,CUST3203,16-12-2023,Indore,PROD171,1,6999,6999,Shipped,PayPal
ORD16187,CUST4208,15-05-2025,Ahmedabad,PROD122,2,399,798,Shipped,Cash on Delivery
ORD16188,CUST3382,22-05-2023,Bangalore,PROD219,2,799,1598,Cancelled,Credit Card
ORD16189,CUST4969,23-07-2023,Delhi,PROD209,3,1799,5397,Cancelled,PayPal
ORD16190,CUST1721,20-12-2022,Bangalore,PROD173,2,1299,2598,Cancelled,PayPal
ORD16191,CUST1239,14-12-2023,Mumbai,PROD133,2,299,598,Shipped,PayPal
ORD16192,CUST3755,27-07-2025,Kolkata,PROD203,3,1999,5997,Pending,Cash on Delivery
ORD16193,CUST4936,16-09-2022,Ahmedabad,PROD180,1,2499,2499,Pending,Cash on Delivery
ORD16194,CUST1990,07-12-2022,Bangalore,PROD106,1,5999,5999,Shipped,PayPal
ORD16195,CUST3366,17-03-2024,Pune,PROD202,2,1499,2998,Cancelled,Cash on Delivery
ORD16196,CUST4754,04-05-2025,Delhi,PROD153,1,62990,62990,Pending,Credit Card
ORD16197,CUST2467,02-11-2023,Hyderabad,PROD209,2,1799,3598,Shipped,PayPal
ORD16198,CUST2646,15-01-2024,Pune,PROD185,3,1499,4497,Shipped,Cash on Delivery
ORD16199,CUST1963,20-07-2023,Jaipur,PROD203,2,1999,3998,Pending,Cash on Delivery
ORD16200,CUST4563,13-08-2024,Lucknow,PROD171,1,6999,6999,Delivered,PayPal
ORD16201,CUST1224,06-09-2024,Chandigarh,PROD210,1,2499,2499,Shipped,PayPal
ORD16202,CUST5303,19-07-2023,Ahmedabad,PROD121,2,499,998,Returned,Cash on Delivery
ORD16203,CUST3038,20-08-2023,Mumbai,PROD207,3,1299,3897,Delivered,Cash on Delivery
ORD16204,CUST2967,29-12-2022,Chandigarh,PROD108,2,1499,2998,Shipped,Cash on Delivery
ORD16205,CUST3521,16-09-2022,Pune,PROD147,1,29990,29990,Pending,Credit Card
ORD16206,CUST4255,06-12-2022,Pune,PROD211,2,1799,3598,Shipped,Credit Card
ORD16207,CUST5234,27-11-2023,Pune,PROD123,2,449,898,Delivered,PayPal
ORD16208,CUST2479,01-04-2023,Kochi,PROD201,2,799,1598,Cancelled,Cash on Delivery
ORD16209,CUST5078,22-12-2022,Mumbai,PROD153,1,62990,62990,Cancelled,Credit Card
ORD16210,CUST1412,24-02-2024,Nagpur,PROD122,3,399,1197,Delivered,Cash on Delivery
ORD16211,CUST3988,09-09-2024,Mumbai,PROD216,1,2299,2299,Pending,Credit Card
ORD16212,CUST1537,09-08-2024,Mumbai,PROD181,3,1299,3897,Delivered,Cash on Delivery
ORD16213,CUST1064,24-11-2022,Indore,PROD182,2,1899,3798,Returned,Cash on Delivery
ORD16214,CUST4923,25-10-2022,Kolkata,PROD101,1,6499,6499,Returned,PayPal
ORD16215,CUST4117,24-06-2024,Mumbai,PROD191,2,1999,3998,Cancelled,Credit Card
ORD16216,CUST3681,09-11-2022,Hyderabad,PROD180,1,2499,2499,Cancelled,Credit Card
ORD16217,CUST1398,09-02-2025,Bhubaneswar,PROD185,3,1499,4497,Pending,Credit Card
ORD16218,CUST5008,29-08-2022,Surat,PROD118,1,2999,2999,Cancelled,Cash on Delivery
ORD16219,CUST2720,30-07-2023,Ahmedabad,PROD156,1,29990,29990,Returned,Credit Card
ORD16220,CUST3669,20-05-2024,Surat,PROD197,1,5999,5999,Returned,PayPal
ORD16221,CUST2473,03-04-2024,Hyderabad,PROD208,2,899,1798,Delivered,Credit Card
ORD16222,CUST5311,04-05-2025,Bangalore,PROD159,1,4499,4499,Delivered,Cash on Delivery
ORD16223,CUST1695,17-05-2025,Chandigarh,PROD134,3,450,1350,Shipped,PayPal
ORD16224,CUST2409,05-04-2024,Kochi,PROD103,1,2999,2999,Returned,Cash on Delivery
ORD16225,CUST1275,27-10-2022,Visakhapatnam,PROD139,3,499,1497,Delivered,PayPal
ORD16226,CUST2567,02-10-2024,Pune,PROD125,3,549,1647,Pending,Cash on Delivery
ORD16227,CUST4606,30-03-2024,Bangalore,PROD165,3,1799,5397,Pending,Credit Card
ORD16228,CUST5121,01-04-2024,Chandigarh,PROD135,3,350,1050,Cancelled,Cash on Delivery
ORD16229,CUST4902,09-01-2023,Hyderabad,PROD190,1,2499,2499,Pending,PayPal
ORD16230,CUST1015,07-02-2025,Bangalore,PROD174,3,899,2697,Cancelled,Credit Card
ORD16231,CUST1465,24-01-2024,Kolkata,PROD198,1,6999,6999,Returned,Credit Card
ORD16232,CUST3865,20-02-2025,Chandigarh,PROD136,2,499,998,Returned,Credit Card
ORD16233,CUST1487,06-12-2022,Bangalore,PROD140,1,69999,69999,Returned,Credit Card
ORD16234,CUST1609,12-02-2023,Mumbai,PROD137,2,599,1198,Returned,PayPal
ORD16235,CUST2458,23-10-2022,Pune,PROD197,1,5999,5999,Cancelled,PayPal
ORD16236,CUST4527,10-04-2025,Gurgaon,PROD104,1,4499,4499,Pending,Cash on Delivery
ORD16237,CUST2809,06-08-2023,Noida,PROD133,3,299,897,Delivered,PayPal
ORD16238,CUST3337,31-03-2023,Hyderabad,PROD172,1,3999,3999,Delivered,Cash on Delivery
ORD16239,CUST1269,01-01-2025,Chandigarh,PROD101,1,6499,6499,Shipped,PayPal
ORD16240,CUST1935,07-10-2024,Chandigarh,PROD108,3,1499,4497,Delivered,Cash on Delivery
ORD16241,CUST4500,26-12-2023,Pune,PROD143,1,89999,89999,Delivered,Cash on Delivery
ORD16242,CUST2054,01-05-2025,Visakhapatnam,PROD183,2,999,1998,Shipped,Credit Card
ORD16243,CUST4299,14-08-2024,Hyderabad,PROD182,3,1899,5697,Pending,Credit Card
ORD16244,CUST2616,31-12-2023,Hyderabad,PROD104,1,4499,4499,Delivered,Cash on Delivery
ORD16245,CUST4172,15-06-2025,Mumbai,PROD122,2,399,798,Delivered,Cash on Delivery
ORD16246,CUST3863,18-09-2024,Delhi,PROD108,3,1499,4497,Delivered,Cash on Delivery
ORD16247,CUST1141,03-04-2024,Chennai,PROD160,1,5999,5999,Returned,Credit Card
ORD16248,CUST5062,24-03-2023,Mumbai,PROD180,1,2499,2499,Cancelled,Cash on Delivery
ORD16249,CUST3213,26-07-2023,Kolkata,PROD198,1,6999,6999,Shipped,Credit Card
ORD16250,CUST4830,25-08-2023,Bangalore,PROD181,3,1299,3897,Cancelled,Credit Card
ORD16251,CUST3823,05-02-2025,Kochi,PROD158,1,8995,8995,Pending,PayPal
ORD16252,CUST2133,22-03-2024,Jaipur,PROD119,2,1799,3598,Returned,Credit Card
ORD16253,CUST3505,25-11-2024,Indore,PROD137,2,599,1198,Returned,PayPal
ORD16254,CUST2159,14-01-2025,Hyderabad,PROD188,3,499,1497,Returned,PayPal
ORD16255,CUST2102,03-04-2023,Bangalore,PROD197,1,5999,5999,Shipped,PayPal
ORD16256,CUST3969,12-02-2023,Gurgaon,PROD162,1,3299,3299,Delivered,PayPal
ORD16257,CUST1637,23-09-2024,Hyderabad,PROD128,3,799,2397,Delivered,Credit Card
ORD16258,CUST4956,11-08-2024,Pune,PROD100,1,2799,2799,Shipped,PayPal
ORD16259,CUST2911,20-10-2024,Kolkata,PROD188,3,499,1497,Delivered,PayPal
ORD16260,CUST1311,02-05-2025,Gurgaon,PROD209,3,1799,5397,Cancelled,Cash on Delivery
ORD16261,CUST5054,12-03-2024,Bangalore,PROD218,2,299,598,Cancelled,PayPal
ORD16262,CUST4716,03-07-2023,Visakhapatnam,PROD145,1,62990,62990,Shipped,PayPal
ORD16263,CUST3435,24-05-2025,Chennai,PROD184,1,2999,2999,Returned,Cash on Delivery
ORD16264,CUST2167,16-12-2022,Hyderabad,PROD100,1,2799,2799,Returned,PayPal
ORD16265,CUST4127,09-01-2025,Nagpur,PROD160,1,5999,5999,Pending,PayPal
ORD16266,CUST2818,31-03-2025,Delhi,PROD206,3,699,2097,Shipped,Cash on Delivery
ORD16267,CUST1999,26-12-2022,Kolkata,PROD116,1,3499,3499,Delivered,Cash on Delivery
ORD16268,CUST3949,26-10-2023,Noida,PROD130,2,599,1198,Delivered,Cash on Delivery
ORD16269,CUST2813,05-01-2025,Mumbai,PROD208,3,899,2697,Returned,Cash on Delivery
ORD16270,CUST4769,23-11-2024,Jaipur,PROD205,2,399,798,Delivered,Credit Card
ORD16271,CUST2430,12-10-2024,Kolkata,PROD178,2,1299,2598,Cancelled,PayPal
ORD16272,CUST5169,25-10-2022,Chennai,PROD140,1,69999,69999,Shipped,Cash on Delivery
ORD16273,CUST4692,15-10-2023,Ahmedabad,PROD147,1,29990,29990,Returned,PayPal
ORD16274,CUST5019,07-05-2024,Mumbai,PROD118,1,2999,2999,Pending,PayPal
ORD16275,CUST4290,30-04-2023,Ahmedabad,PROD207,2,1299,2598,Delivered,Cash on Delivery
ORD16276,CUST2543,20-07-2025,Pune,PROD186,1,3499,3499,Pending,Credit Card
ORD16277,CUST1998,20-06-2024,Nagpur,PROD105,1,2499,2499,Cancelled,Cash on Delivery
ORD16278,CUST4752,20-03-2025,Pune,PROD137,3,599,1797,Pending,Cash on Delivery
ORD16279,CUST3313,27-11-2022,Ahmedabad,PROD143,1,89999,89999,Delivered,Cash on Delivery
ORD16280,CUST1798,07-08-2023,Gurgaon,PROD192,1,4999,4999,Cancelled,Cash on Delivery
ORD16281,CUST4275,07-09-2023,Chandigarh,PROD200,1,2499,2499,Pending,Cash on Delivery
ORD16282,CUST4224,21-05-2024,Kolkata,PROD158,1,8995,8995,Returned,Cash on Delivery
ORD16283,CUST4320,09-03-2024,Hyderabad,PROD134,2,450,900,Shipped,Credit Card
ORD16284,CUST1462,06-07-2024,Pune,PROD218,2,299,598,Shipped,PayPal
ORD16285,CUST4957,12-12-2022,Delhi,PROD174,2,899,1798,Returned,PayPal
ORD16286,CUST2646,14-08-2025,Mumbai,PROD122,2,399,798,Shipped,PayPal
ORD16287,CUST1527,30-09-2023,Ahmedabad,PROD132,2,399,798,Returned,PayPal
ORD16288,CUST2872,17-01-2024,Chennai,PROD207,2,1299,2598,Pending,Credit Card
ORD16289,CUST5070,04-09-2023,Delhi,PROD176,1,3499,3499,Pending,Cash on Delivery
ORD16290,CUST3473,15-12-2023,Kolkata,PROD146,1,34999,34999,Pending,PayPal
ORD16291,CUST2863,01-02-2024,Mumbai,PROD180,1,2499,2499,Delivered,PayPal
ORD16292,CUST3989,09-02-2025,Kochi,PROD115,1,2499,2499,Pending,PayPal
ORD16293,CUST4254,11-11-2024,Chennai,PROD173,2,1299,2598,Shipped,PayPal
ORD16294,CUST2414,12-11-2024,Bangalore,PROD113,3,1499,4497,Delivered,Credit Card
ORD16295,CUST5114,15-02-2024,Pune,PROD143,1,89999,89999,Cancelled,PayPal
ORD16296,CUST3461,27-04-2025,Bangalore,PROD112,3,1699,5097,Pending,Cash on Delivery
ORD16297,CUST4440,25-10-2023,Chandigarh,PROD217,3,999,2997,Cancelled,PayPal
ORD16298,CUST4237,19-03-2023,Kolkata,PROD127,3,899,2697,Returned,PayPal
ORD16299,CUST3803,31-12-2022,Kolkata,PROD203,2,1999,3998,Shipped,Credit Card
ORD16300,CUST4252,28-10-2023,Jaipur,PROD127,2,899,1798,Pending,PayPal
ORD16301,CUST3312,10-05-2024,Kolkata,PROD206,3,699,2097,Returned,Cash on Delivery
ORD16302,CUST4767,26-09-2024,Surat,PROD138,3,799,2397,Shipped,PayPal
ORD16303,CUST4974,16-03-2024,Hyderabad,PROD168,3,1299,3897,Shipped,PayPal
ORD16304,CUST3086,30-08-2024,Hyderabad,PROD152,1,39999,39999,Shipped,Cash on Delivery
ORD16305,CUST5207,13-04-2025,Chennai,PROD105,1,2499,2499,Returned,Credit Card
ORD16306,CUST1090,21-05-2023,Patna,PROD212,1,5499,5499,Delivered,Cash on Delivery
ORD16307,CUST3672,29-08-2022,Pune,PROD183,2,999,1998,Shipped,Cash on Delivery
ORD16308,CUST2449,01-10-2022,Surat,PROD182,3,1899,5697,Delivered,PayPal
ORD16309,CUST3400,28-12-2022,Mumbai,PROD109,1,2399,2399,Delivered,Cash on Delivery
ORD16310,CUST4944,20-05-2023,Pune,PROD156,1,29990,29990,Returned,Cash on Delivery
ORD16311,CUST3893,27-08-2023,Hyderabad,PROD111,3,1899,5697,Shipped,PayPal
ORD16312,CUST2664,26-10-2024,Surat,PROD147,1,29990,29990,Shipped,Credit Card
ORD16313,CUST5265,28-11-2023,Kolkata,PROD218,3,299,897,Cancelled,Credit Card
ORD16314,CUST2029,26-11-2023,Pune,PROD126,3,299,897,Pending,Credit Card
ORD16315,CUST2184,11-08-2025,Kolkata,PROD136,2,499,998,Cancelled,Credit Card
ORD16316,CUST2634,22-04-2023,Pune,PROD154,1,71990,71990,Pending,Credit Card
ORD16317,CUST4049,07-05-2024,Surat,PROD158,1,8995,8995,Cancelled,PayPal
ORD16318,CUST4614,29-12-2022,Chennai,PROD116,1,3499,3499,Shipped,PayPal
ORD16319,CUST2464,25-07-2023,Delhi,PROD200,1,2499,2499,Shipped,PayPal
ORD16320,CUST2184,13-11-2024,Hyderabad,PROD197,1,5999,5999,Pending,Cash on Delivery
ORD16321,CUST2271,10-09-2022,Hyderabad,PROD178,3,1299,3897,Pending,Credit Card
ORD16322,CUST1943,13-05-2025,Kolkata,PROD105,1,2499,2499,Shipped,Credit Card
ORD16323,CUST1075,19-05-2025,Chennai,PROD161,2,1499,2998,Cancelled,Cash on Delivery
ORD16324,CUST5112,31-03-2025,Kolkata,PROD123,3,449,1347,Delivered,Cash on Delivery
ORD16325,CUST4390,10-07-2024,Chennai,PROD197,1,5999,5999,Returned,Credit Card
ORD16326,CUST3172,06-07-2024,Bangalore,PROD196,2,899,1798,Delivered,Credit Card
ORD16327,CUST4192,04-06-2023,Delhi,PROD150,1,42999,42999,Returned,Cash on Delivery
ORD16328,CUST4736,22-06-2025,Delhi,PROD168,2,1299,2598,Delivered,Cash on Delivery
ORD16329,CUST4535,04-08-2023,Hyderabad,PROD175,2,1499,2998,Shipped,Credit Card
ORD16330,CUST3224,24-09-2024,Hyderabad,PROD213,2,1999,3998,Pending,Cash on Delivery
ORD16331,CUST1696,02-07-2025,Bangalore,PROD195,1,4499,4499,Delivered,PayPal
ORD16332,CUST2112,17-03-2024,Delhi,PROD161,3,1499,4497,Delivered,Credit Card
ORD16333,CUST1412,13-01-2025,Kolkata,PROD109,1,2399,2399,Shipped,PayPal
ORD16334,CUST2793,11-11-2023,Hyderabad,PROD155,1,34999,34999,Delivered,Cash on Delivery
ORD16335,CUST4969,21-06-2023,Kolkata,PROD214,3,499,1497,Shipped,PayPal
ORD16336,CUST3336,04-07-2023,Mumbai,PROD117,1,2299,2299,Shipped,Cash on Delivery
ORD16337,CUST1652,09-11-2023,Kolkata,PROD172,1,3999,3999,Delivered,Credit Card
ORD16338,CUST1345,01-10-2023,Gurgaon,PROD190,1,2499,2499,Delivered,Cash on Delivery
ORD16339,CUST4345,23-07-2025,Pune,PROD114,3,1999,5997,Shipped,Credit Card
ORD16340,CUST4661,26-10-2023,Pune,PROD153,1,62990,62990,Cancelled,Credit Card
ORD16341,CUST3886,20-11-2023,Mumbai,PROD121,3,499,1497,Returned,Credit Card
ORD16342,CUST4626,09-05-2025,Kolkata,PROD166,1,9499,9499,Cancelled,Credit Card
ORD16343,CUST4209,12-01-2023,Bangalore,PROD128,3,799,2397,Delivered,Cash on Delivery
ORD16344,CUST3075,08-02-2023,Kochi,PROD139,2,499,998,Shipped,PayPal
ORD16345,CUST2393,19-07-2024,Indore,PROD209,2,1799,3598,Returned,Credit Card
ORD16346,CUST3307,13-05-2024,Indore,PROD131,2,499,998,Returned,PayPal
ORD16347,CUST1848,16-03-2024,Hyderabad,PROD109,1,2399,2399,Returned,Credit Card
ORD16348,CUST3456,31-12-2022,Bhubaneswar,PROD101,1,6499,6499,Delivered,Cash on Delivery
ORD16349,CUST4485,28-11-2023,Pune,PROD110,1,2999,2999,Pending,Cash on Delivery
ORD16350,CUST2691,30-07-2023,Kolkata,PROD112,3,1699,5097,Returned,PayPal
ORD16351,CUST1179,29-09-2023,Bangalore,PROD171,1,6999,6999,Pending,PayPal
ORD16352,CUST4616,28-12-2022,Ahmedabad,PROD145,1,62990,62990,Shipped,PayPal
ORD16353,CUST3599,14-03-2023,Chennai,PROD190,1,2499,2499,Shipped,PayPal
ORD16354,CUST2512,11-11-2022,Ahmedabad,PROD101,1,6499,6499,Shipped,Credit Card
ORD16355,CUST4445,04-02-2025,Noida,PROD117,1,2299,2299,Shipped,Credit Card
ORD16356,CUST1241,14-05-2024,Bhubaneswar,PROD115,1,2499,2499,Pending,Cash on Delivery
ORD16357,CUST1639,18-02-2024,Mumbai,PROD202,3,1499,4497,Pending,Cash on Delivery
ORD16358,CUST2834,02-07-2025,Chennai,PROD144,1,58499,58499,Delivered,Credit Card
ORD16359,CUST1630,18-03-2024,Bangalore,PROD192,1,4999,4999,Returned,Cash on Delivery
ORD16360,CUST4516,02-01-2025,Hyderabad,PROD214,2,499,998,Pending,PayPal
ORD16361,CUST4065,01-02-2024,Hyderabad,PROD219,2,799,1598,Pending,Cash on Delivery
ORD16362,CUST1712,29-12-2024,Bangalore,PROD184,1,2999,2999,Cancelled,PayPal
ORD16363,CUST2577,12-01-2024,Surat,PROD121,2,499,998,Delivered,Cash on Delivery
ORD16364,CUST2848,20-12-2024,Kolkata,PROD137,3,599,1797,Cancelled,Cash on Delivery
ORD16365,CUST3838,15-07-2023,Surat,PROD190,1,2499,2499,Pending,Credit Card
ORD16366,CUST3574,01-11-2023,Kolkata,PROD137,3,599,1797,Cancelled,Credit Card
ORD16367,CUST2260,09-05-2024,Indore,PROD183,3,999,2997,Delivered,PayPal
ORD16368,CUST4910,08-11-2022,Hyderabad,PROD112,3,1699,5097,Shipped,Cash on Delivery
ORD16369,CUST3256,08-07-2023,Delhi,PROD102,3,1799,5397,Delivered,PayPal
ORD16370,CUST3380,28-07-2025,Hyderabad,PROD162,1,3299,3299,Cancelled,Credit Card
ORD16371,CUST3108,28-03-2025,Delhi,PROD214,2,499,998,Returned,Credit Card
ORD16372,CUST3107,11-02-2023,Kochi,PROD165,3,1799,5397,Delivered,Credit Card
ORD16373,CUST2011,19-01-2025,Kolkata,PROD143,1,89999,89999,Shipped,PayPal
ORD16374,CUST4862,24-10-2023,Delhi,PROD142,1,59999,59999,Pending,PayPal
ORD16375,CUST3438,16-12-2022,Pune,PROD144,1,58499,58499,Pending,Cash on Delivery
ORD16376,CUST3933,02-08-2023,Kochi,PROD110,1,2999,2999,Returned,PayPal
ORD16377,CUST3791,22-04-2025,Bhubaneswar,PROD217,2,999,1998,Shipped,Credit Card
ORD16378,CUST2301,15-10-2022,Bangalore,PROD213,3,1999,5997,Cancelled,Credit Card
ORD16379,CUST2323,21-05-2023,Kolkata,PROD189,2,899,1798,Pending,Cash on Delivery
ORD16380,CUST2139,13-09-2024,Mumbai,PROD166,1,9499,9499,Cancelled,PayPal
ORD16381,CUST3011,25-03-2023,Hyderabad,PROD175,2,1499,2998,Cancelled,Credit Card
ORD16382,CUST4084,15-08-2024,Hyderabad,PROD183,3,999,2997,Pending,Credit Card
ORD16383,CUST2738,21-02-2024,Chennai,PROD103,1,2999,2999,Shipped,PayPal
ORD16384,CUST4412,14-07-2023,Bhubaneswar,PROD132,3,399,1197,Cancelled,Credit Card
ORD16385,CUST1208,11-03-2024,Pune,PROD111,2,1899,3798,Pending,Cash on Delivery
ORD16386,CUST4267,25-12-2024,Bhubaneswar,PROD122,2,399,798,Delivered,PayPal
ORD16387,CUST1743,15-10-2022,Bangalore,PROD149,3,1499,4497,Cancelled,Credit Card
ORD16388,CUST3845,27-06-2023,Bangalore,PROD143,1,89999,89999,Shipped,PayPal
ORD16389,CUST1726,05-12-2024,Nagpur,PROD113,2,1499,2998,Shipped,Credit Card
ORD16390,CUST2983,07-04-2025,Visakhapatnam,PROD145,1,62990,62990,Pending,Credit Card
ORD16391,CUST1657,09-07-2023,Pune,PROD165,2,1799,3598,Shipped,Credit Card
ORD16392,CUST2401,19-12-2022,Hyderabad,PROD121,3,499,1497,Shipped,Credit Card
ORD16393,CUST3110,17-12-2023,Bhubaneswar,PROD180,1,2499,2499,Cancelled,Cash on Delivery
ORD16394,CUST1671,21-10-2024,Patna,PROD126,2,299,598,Cancelled,PayPal
ORD16395,CUST1354,18-06-2025,Mumbai,PROD157,1,14999,14999,Delivered,Cash on Delivery
ORD16396,CUST2363,02-07-2024,Delhi,PROD181,2,1299,2598,Pending,PayPal
ORD16397,CUST1649,09-01-2025,Kolkata,PROD150,1,42999,42999,Cancelled,Cash on Delivery
ORD16398,CUST3653,12-08-2023,Lucknow,PROD101,1,6499,6499,Delivered,PayPal
ORD16399,CUST4625,13-09-2023,Noida,PROD189,3,899,2697,Cancelled,Credit Card
ORD16400,CUST5049,12-12-2022,Kochi,PROD123,3,449,1347,Delivered,Cash on Delivery
ORD16401,CUST2390,02-10-2023,Hyderabad,PROD145,1,62990,62990,Pending,Cash on Delivery
ORD16402,CUST4040,08-02-2023,Gurgaon,PROD204,1,2299,2299,Returned,Cash on Delivery
ORD16403,CUST4842,31-05-2025,Noida,PROD160,1,5999,5999,Returned,Cash on Delivery
ORD16404,CUST1871,05-08-2023,Pune,PROD110,1,2999,2999,Pending,Credit Card
ORD16405,CUST1154,27-05-2023,Bangalore,PROD107,2,1299,2598,Cancelled,Credit Card
ORD16406,CUST3034,03-08-2023,Delhi,PROD182,2,1899,3798,Shipped,Cash on Delivery
ORD16407,CUST3889,22-02-2023,Gurgaon,PROD175,2,1499,2998,Delivered,PayPal
ORD16408,CUST3803,25-07-2023,Indore,PROD164,2,1199,2398,Pending,Credit Card
ORD16409,CUST2856,07-12-2023,Gurgaon,PROD173,2,1299,2598,Pending,Cash on Delivery
ORD16410,CUST5169,27-01-2023,Chennai,PROD119,2,1799,3598,Cancelled,Credit Card
ORD16411,CUST5116,26-10-2023,Kolkata,PROD109,1,2399,2399,Shipped,Cash on Delivery
ORD16412,CUST3569,26-06-2023,Mumbai,PROD183,2,999,1998,Pending,PayPal
ORD16413,CUST3494,25-06-2023,Bangalore,PROD168,3,1299,3897,Returned,Credit Card
ORD16414,CUST5291,30-09-2023,Hyderabad,PROD196,2,899,1798,Returned,Credit Card
ORD16415,CUST4451,07-05-2025,Indore,PROD117,1,2299,2299,Cancelled,PayPal
ORD16416,CUST2936,21-02-2023,Mumbai,PROD187,1,4999,4999,Shipped,Credit Card
ORD16417,CUST2354,05-07-2025,Lucknow,PROD180,1,2499,2499,Pending,Cash on Delivery
ORD16418,CUST2840,03-08-2023,Bangalore,PROD160,1,5999,5999,Cancelled,PayPal
ORD16419,CUST1289,24-05-2025,Surat,PROD166,1,9499,9499,Cancelled,Credit Card
ORD16420,CUST1412,20-02-2023,Bangalore,PROD134,2,450,900,Shipped,Credit Card
ORD16421,CUST2352,20-01-2024,Hyderabad,PROD203,3,1999,5997,Shipped,Credit Card
ORD16422,CUST1106,14-03-2024,Chennai,PROD170,1,2499,2499,Shipped,Cash on Delivery
ORD16423,CUST3995,15-02-2025,Kolkata,PROD154,1,71990,71990,Returned,Credit Card
ORD16424,CUST1534,05-11-2022,Bangalore,PROD101,1,6499,6499,Delivered,Cash on Delivery
ORD16425,CUST2410,01-01-2023,Bangalore,PROD179,2,1799,3598,Shipped,Cash on Delivery
ORD16426,CUST3079,24-12-2024,Jaipur,PROD167,1,3499,3499,Returned,Cash on Delivery
ORD16427,CUST4955,20-11-2022,Jaipur,PROD187,1,4999,4999,Pending,Credit Card
ORD16428,CUST2823,18-07-2025,Kolkata,PROD138,3,799,2397,Delivered,Cash on Delivery
ORD16429,CUST1194,25-10-2022,Hyderabad,PROD215,3,1799,5397,Shipped,PayPal
ORD16430,CUST2341,28-12-2024,Surat,PROD133,3,299,897,Pending,PayPal
ORD16431,CUST2845,09-05-2024,Pune,PROD127,3,899,2697,Delivered,Cash on Delivery
ORD16432,CUST4372,15-06-2025,Bangalore,PROD133,3,299,897,Returned,Credit Card
ORD16433,CUST5191,26-02-2024,Pune,PROD153,1,62990,62990,Pending,Cash on Delivery
ORD16434,CUST4912,05-11-2022,Visakhapatnam,PROD142,1,59999,59999,Pending,Credit Card
ORD16435,CUST2585,04-01-2025,Mumbai,PROD212,1,5499,5499,Delivered,Cash on Delivery
ORD16436,CUST4289,02-12-2022,Pune,PROD162,1,3299,3299,Cancelled,PayPal
ORD16437,CUST2718,12-12-2023,Delhi,PROD164,2,1199,2398,Shipped,Credit Card
ORD16438,CUST2712,17-05-2025,Gurgaon,PROD164,3,1199,3597,Cancelled,Credit Card
ORD16439,CUST4939,25-04-2023,Delhi,PROD187,1,4999,4999,Delivered,Credit Card
ORD16440,CUST2691,09-02-2023,Chandigarh,PROD144,1,58499,58499,Shipped,PayPal
ORD16441,CUST1239,19-08-2024,Chennai,PROD165,2,1799,3598,Shipped,PayPal
ORD16442,CUST1168,29-06-2025,Bangalore,PROD130,2,599,1198,Returned,Credit Card
ORD16443,CUST2353,15-05-2024,Kolkata,PROD179,2,1799,3598,Delivered,Credit Card
ORD16444,CUST4412,15-01-2023,Bangalore,PROD183,2,999,1998,Cancelled,Cash on Delivery
ORD16445,CUST3470,12-09-2024,Pune,PROD125,3,549,1647,Cancelled,Cash on Delivery
ORD16446,CUST3853,12-03-2025,Kochi,PROD215,2,1799,3598,Pending,Credit Card
ORD16447,CUST1752,09-11-2022,Delhi,PROD169,2,1899,3798,Delivered,Cash on Delivery
ORD16448,CUST2549,09-01-2025,Visakhapatnam,PROD174,2,899,1798,Delivered,Cash on Delivery
ORD16449,CUST4954,19-02-2025,Delhi,PROD173,2,1299,2598,Returned,PayPal
ORD16450,CUST4985,07-04-2025,Mumbai,PROD163,1,4999,4999,Pending,PayPal
ORD16451,CUST2751,25-04-2024,Surat,PROD213,2,1999,3998,Returned,Credit Card
ORD16452,CUST3345,20-10-2023,Pune,PROD118,1,2999,2999,Pending,PayPal
ORD16453,CUST1748,28-09-2023,Chennai,PROD122,2,399,798,Returned,Credit Card
ORD16454,CUST2291,14-10-2023,Gurgaon,PROD215,2,1799,3598,Shipped,Cash on Delivery
ORD16455,CUST2469,27-09-2023,Noida,PROD207,2,1299,2598,Pending,Cash on Delivery
ORD16456,CUST2823,07-10-2023,Pune,PROD178,3,1299,3897,Returned,PayPal
ORD16457,CUST2571,31-03-2024,Mumbai,PROD190,1,2499,2499,Shipped,Credit Card
ORD16458,CUST5083,15-03-2025,Pune,PROD146,1,34999,34999,Pending,Credit Card
ORD16459,CUST3790,11-12-2022,Nagpur,PROD219,2,799,1598,Shipped,PayPal
ORD16460,CUST2527,27-12-2023,Patna,PROD198,1,6999,6999,Cancelled,Cash on Delivery
ORD16461,CUST4135,13-06-2024,Hyderabad,PROD169,2,1899,3798,Pending,Credit Card
ORD16462,CUST2938,31-08-2022,Gurgaon,PROD134,2,450,900,Returned,Credit Card
ORD16463,CUST1191,24-12-2023,Chennai,PROD154,1,71990,71990,Returned,PayPal
ORD16464,CUST3541,21-02-2024,Indore,PROD190,1,2499,2499,Shipped,Cash on Delivery
ORD16465,CUST3119,08-11-2024,Kolkata,PROD190,1,2499,2499,Cancelled,Credit Card
ORD16466,CUST5140,18-12-2024,Delhi,PROD207,2,1299,2598,Delivered,Cash on Delivery
ORD16467,CUST4675,26-01-2024,Pune,PROD103,1,2999,2999,Shipped,Credit Card
ORD16468,CUST1856,16-11-2023,Gurgaon,PROD145,1,62990,62990,Shipped,PayPal
ORD16469,CUST4146,11-06-2025,Kolkata,PROD213,3,1999,5997,Cancelled,Credit Card
ORD16470,CUST2246,08-11-2023,Hyderabad,PROD103,1,2999,2999,Returned,PayPal
ORD16471,CUST1002,16-06-2025,Hyderabad,PROD186,1,3499,3499,Shipped,Cash on Delivery
ORD16472,CUST4833,14-01-2024,Surat,PROD151,1,49999,49999,Cancelled,Credit Card
ORD16473,CUST3235,29-06-2024,Pune,PROD132,3,399,1197,Cancelled,Cash on Delivery
ORD16474,CUST3211,24-04-2023,Pune,PROD206,3,699,2097,Returned,Credit Card
ORD16475,CUST1138,26-06-2024,Pune,PROD142,1,59999,59999,Returned,PayPal
ORD16476,CUST1721,05-03-2023,Bhubaneswar,PROD210,1,2499,2499,Delivered,Cash on Delivery
ORD16477,CUST2974,21-03-2024,Mumbai,PROD134,3,450,1350,Returned,Credit Card
ORD16478,CUST1209,10-07-2025,Chandigarh,PROD135,2,350,700,Cancelled,PayPal
ORD16479,CUST2922,15-01-2023,Hyderabad,PROD138,2,799,1598,Delivered,Cash on Delivery
ORD16480,CUST1412,16-08-2023,Bhubaneswar,PROD213,3,1999,5997,Shipped,Cash on Delivery
ORD16481,CUST2442,22-12-2022,Mumbai,PROD104,1,4499,4499,Delivered,PayPal
ORD16482,CUST5198,10-06-2023,Pune,PROD189,2,899,1798,Cancelled,PayPal
ORD16483,CUST3217,19-08-2023,Bangalore,PROD167,1,3499,3499,Shipped,Cash on Delivery
ORD16484,CUST4099,15-11-2022,Chennai,PROD146,1,34999,34999,Returned,Cash on Delivery
ORD16485,CUST1507,01-05-2024,Bhubaneswar,PROD109,1,2399,2399,Pending,Cash on Delivery
ORD16486,CUST3190,26-01-2024,Bhubaneswar,PROD190,1,2499,2499,Returned,PayPal
ORD16487,CUST3722,08-09-2024,Chennai,PROD211,3,1799,5397,Delivered,Cash on Delivery
ORD16488,CUST4267,05-09-2023,Chandigarh,PROD122,3,399,1197,Shipped,Cash on Delivery
ORD16489,CUST5085,21-03-2024,Kolkata,PROD134,2,450,900,Returned,PayPal
ORD16490,CUST3732,27-05-2025,Delhi,PROD161,3,1499,4497,Pending,Credit Card
ORD16491,CUST4638,01-04-2024,Hyderabad,PROD110,1,2999,2999,Cancelled,PayPal
ORD16492,CUST3347,23-11-2022,Hyderabad,PROD157,1,14999,14999,Returned,Credit Card
ORD16493,CUST2472,17-05-2025,Bangalore,PROD109,1,2399,2399,Cancelled,Credit Card
ORD16494,CUST2684,30-10-2023,Pune,PROD141,1,64999,64999,Returned,Cash on Delivery
ORD16495,CUST1392,17-11-2023,Ahmedabad,PROD209,3,1799,5397,Shipped,Credit Card
ORD16496,CUST2255,03-08-2025,Chandigarh,PROD109,1,2399,2399,Returned,Credit Card
ORD16497,CUST3698,22-10-2024,Kolkata,PROD174,2,899,1798,Delivered,Credit Card
ORD16498,CUST3281,21-01-2024,Bangalore,PROD126,3,299,897,Returned,Cash on Delivery
ORD16499,CUST4384,25-11-2024,Bangalore,PROD114,2,1999,3998,Shipped,PayPal
ORD16500,CUST1057,01-11-2022,Mumbai,PROD181,2,1299,2598,Delivered,Cash on Delivery
ORD16501,CUST2164,24-02-2025,Delhi,PROD120,3,599,1797,Shipped,Credit Card
ORD16502,CUST3608,17-12-2024,Hyderabad,PROD154,1,71990,71990,Delivered,PayPal
ORD16503,CUST4928,10-08-2025,Gurgaon,PROD106,1,5999,5999,Delivered,Credit Card
ORD16504,CUST1989,04-06-2025,Mumbai,PROD194,3,999,2997,Pending,Credit Card
ORD16505,CUST3997,18-03-2023,Pune,PROD145,1,62990,62990,Shipped,PayPal
ORD16506,CUST2931,08-10-2023,Pune,PROD143,1,89999,89999,Delivered,Cash on Delivery
ORD16507,CUST2640,26-08-2023,Kochi,PROD123,3,449,1347,Cancelled,Credit Card
ORD16508,CUST1169,27-03-2025,Hyderabad,PROD197,1,5999,5999,Pending,Credit Card
ORD16509,CUST2010,28-09-2024,Mumbai,PROD119,2,1799,3598,Shipped,Credit Card
ORD16510,CUST4862,17-06-2023,Jaipur,PROD161,3,1499,4497,Pending,Credit Card
ORD16511,CUST4524,25-07-2023,Mumbai,PROD129,2,349,698,Cancelled,PayPal
ORD16512,CUST1180,20-06-2024,Pune,PROD206,2,699,1398,Returned,PayPal
ORD16513,CUST1310,22-07-2025,Mumbai,PROD123,2,449,898,Shipped,Credit Card
ORD16514,CUST3121,15-06-2024,Lucknow,PROD182,2,1899,3798,Pending,PayPal
ORD16515,CUST3146,16-06-2025,Pune,PROD162,1,3299,3299,Pending,PayPal
ORD16516,CUST1395,10-01-2024,Lucknow,PROD209,2,1799,3598,Cancelled,Credit Card
ORD16517,CUST3510,27-03-2023,Bangalore,PROD171,1,6999,6999,Cancelled,Credit Card
ORD16518,CUST1449,22-07-2023,Pune,PROD189,3,899,2697,Delivered,Credit Card
ORD16519,CUST4213,24-09-2023,Ahmedabad,PROD194,2,999,1998,Pending,Credit Card
ORD16520,CUST1387,14-05-2025,Hyderabad,PROD190,1,2499,2499,Delivered,Cash on Delivery
ORD16521,CUST3670,12-06-2023,Lucknow,PROD183,2,999,1998,Pending,Credit Card
ORD16522,CUST1453,24-04-2023,Noida,PROD152,1,39999,39999,Delivered,Cash on Delivery
ORD16523,CUST2030,02-06-2023,Chennai,PROD174,2,899,1798,Pending,Cash on Delivery
ORD16524,CUST3101,14-12-2023,Bangalore,PROD168,3,1299,3897,Delivered,Cash on Delivery
ORD16525,CUST3877,09-03-2025,Surat,PROD157,1,14999,14999,Pending,Credit Card
ORD16526,CUST1256,31-05-2023,Delhi,PROD115,1,2499,2499,Returned,Cash on Delivery
ORD16527,CUST3383,16-06-2024,Hyderabad,PROD209,3,1799,5397,Returned,PayPal
ORD16528,CUST4608,02-02-2025,Hyderabad,PROD152,1,39999,39999,Shipped,Credit Card
ORD16529,CUST2173,05-12-2024,Bangalore,PROD204,1,2299,2299,Pending,Credit Card
ORD16530,CUST3879,22-10-2022,Chennai,PROD199,2,1299,2598,Cancelled,Cash on Delivery
ORD16531,CUST4561,10-01-2024,Chennai,PROD143,1,89999,89999,Delivered,Cash on Delivery
ORD16532,CUST2817,18-08-2023,Hyderabad,PROD111,3,1899,5697,Returned,Credit Card
ORD16533,CUST4034,21-05-2023,Bangalore,PROD126,2,299,598,Returned,PayPal
ORD16534,CUST3050,10-04-2023,Kolkata,PROD147,1,29990,29990,Cancelled,Cash on Delivery
ORD16535,CUST3108,02-08-2023,Bangalore,PROD166,1,9499,9499,Returned,Credit Card
ORD16536,CUST1072,18-07-2025,Delhi,PROD129,2,349,698,Pending,Cash on Delivery
ORD16537,CUST4233,19-03-2025,Kolkata,PROD180,1,2499,2499,Cancelled,Cash on Delivery
ORD16538,CUST5117,14-11-2023,Bangalore,PROD160,1,5999,5999,Returned,PayPal
ORD16539,CUST2413,10-02-2024,Delhi,PROD123,3,449,1347,Pending,Credit Card
ORD16540,CUST1600,20-06-2023,Bangalore,PROD188,2,499,998,Shipped,Cash on Delivery
ORD16541,CUST1233,24-05-2023,Hyderabad,PROD132,2,399,798,Shipped,Credit Card
ORD16542,CUST4540,15-03-2024,Chandigarh,PROD122,3,399,1197,Returned,Cash on Delivery
ORD16543,CUST1125,05-07-2023,Bangalore,PROD165,2,1799,3598,Shipped,Credit Card
ORD16544,CUST5079,18-08-2025,Chennai,PROD138,3,799,2397,Pending,Cash on Delivery
ORD16545,CUST4551,01-04-2024,Bangalore,PROD139,3,499,1497,Returned,Cash on Delivery
ORD16546,CUST2884,08-05-2024,Kolkata,PROD110,1,2999,2999,Delivered,PayPal
ORD16547,CUST4409,07-05-2024,Kolkata,PROD143,1,89999,89999,Delivered,Cash on Delivery
ORD16548,CUST2642,25-12-2024,Pune,PROD178,3,1299,3897,Returned,PayPal
ORD16549,CUST2476,30-08-2023,Indore,PROD215,2,1799,3598,Pending,Credit Card
ORD16550,CUST3927,12-06-2024,Indore,PROD158,1,8995,8995,Delivered,Credit Card
ORD16551,CUST1752,25-02-2024,Delhi,PROD118,1,2999,2999,Pending,Cash on Delivery
ORD16552,CUST4855,25-09-2024,Delhi,PROD192,1,4999,4999,Shipped,Credit Card
ORD16553,CUST1475,30-11-2024,Kolkata,PROD178,2,1299,2598,Delivered,Credit Card
ORD16554,CUST4496,23-10-2024,Kolkata,PROD204,1,2299,2299,Returned,Credit Card
ORD16555,CUST4864,28-11-2022,Bangalore,PROD174,3,899,2697,Returned,Credit Card
ORD16556,CUST4870,08-05-2024,Bangalore,PROD109,1,2399,2399,Returned,PayPal
ORD16557,CUST4933,04-04-2024,Hyderabad,PROD124,3,699,2097,Returned,Cash on Delivery
ORD16558,CUST4425,17-08-2023,Pune,PROD155,1,34999,34999,Pending,Cash on Delivery
ORD16559,CUST4262,27-09-2023,Chennai,PROD163,1,4999,4999,Cancelled,PayPal
ORD16560,CUST2288,05-03-2023,Chennai,PROD167,1,3499,3499,Returned,Cash on Delivery
ORD16561,CUST5057,30-06-2024,Bangalore,PROD180,1,2499,2499,Shipped,PayPal
ORD16562,CUST4663,06-12-2024,Hyderabad,PROD165,3,1799,5397,Returned,Cash on Delivery
ORD16563,CUST4475,27-07-2023,Kolkata,PROD109,1,2399,2399,Cancelled,Cash on Delivery
ORD16564,CUST5220,29-10-2023,Bangalore,PROD189,3,899,2697,Cancelled,Credit Card
ORD16565,CUST2685,23-08-2024,Hyderabad,PROD200,1,2499,2499,Pending,PayPal
ORD16566,CUST1618,13-11-2023,Mumbai,PROD104,1,4499,4499,Shipped,Cash on Delivery
ORD16567,CUST2304,18-07-2023,Hyderabad,PROD181,2,1299,2598,Returned,PayPal
ORD16568,CUST2324,12-05-2024,Kochi,PROD149,2,1499,2998,Shipped,Credit Card
ORD16569,CUST5277,21-12-2023,Ahmedabad,PROD111,2,1899,3798,Delivered,PayPal
ORD16570,CUST1017,01-01-2025,Visakhapatnam,PROD177,3,1599,4797,Cancelled,Credit Card
ORD16571,CUST4895,11-07-2025,Chennai,PROD102,3,1799,5397,Cancelled,Cash on Delivery
ORD16572,CUST1625,26-06-2023,Visakhapatnam,PROD147,1,29990,29990,Shipped,PayPal
ORD16573,CUST4722,19-11-2022,Bangalore,PROD175,2,1499,2998,Pending,Cash on Delivery
ORD16574,CUST1777,04-12-2024,Jaipur,PROD182,2,1899,3798,Shipped,Credit Card
ORD16575,CUST3754,04-11-2022,Noida,PROD106,1,5999,5999,Cancelled,Credit Card
ORD16576,CUST1398,12-12-2023,Indore,PROD176,1,3499,3499,Pending,Cash on Delivery
ORD16577,CUST5152,21-03-2023,Hyderabad,PROD175,2,1499,2998,Pending,PayPal
ORD16578,CUST2138,20-01-2024,Kolkata,PROD212,1,5499,5499,Delivered,PayPal
ORD16579,CUST3128,02-01-2024,Bangalore,PROD157,1,14999,14999,Returned,PayPal
ORD16580,CUST2397,16-03-2025,Chennai,PROD179,3,1799,5397,Delivered,Credit Card
ORD16581,CUST4305,23-10-2023,Ahmedabad,PROD184,1,2999,2999,Delivered,PayPal
ORD16582,CUST5284,24-04-2025,Delhi,PROD204,1,2299,2299,Returned,PayPal
ORD16583,CUST1412,19-07-2024,Delhi,PROD107,2,1299,2598,Delivered,Credit Card
ORD16584,CUST1895,01-12-2023,Hyderabad,PROD146,1,34999,34999,Cancelled,Cash on Delivery
ORD16585,CUST4524,23-01-2023,Chennai,PROD192,1,4999,4999,Shipped,Credit Card
ORD16586,CUST4884,24-01-2025,Mumbai,PROD132,2,399,798,Pending,PayPal
ORD16587,CUST3355,16-02-2023,Surat,PROD170,1,2499,2499,Shipped,Cash on Delivery
ORD16588,CUST2176,27-01-2025,Pune,PROD178,2,1299,2598,Returned,Cash on Delivery
ORD16589,CUST4884,18-05-2025,Hyderabad,PROD126,3,299,897,Returned,Credit Card
ORD16590,CUST3106,28-02-2024,Hyderabad,PROD141,1,64999,64999,Pending,PayPal
ORD16591,CUST2435,22-11-2024,Hyderabad,PROD167,1,3499,3499,Returned,Credit Card
ORD16592,CUST1640,13-08-2024,Mumbai,PROD157,1,14999,14999,Pending,Cash on Delivery
ORD16593,CUST2657,25-03-2023,Mumbai,PROD147,1,29990,29990,Returned,PayPal
ORD16594,CUST2932,24-02-2024,Hyderabad,PROD147,1,29990,29990,Delivered,Credit Card
ORD16595,CUST4691,03-01-2024,Visakhapatnam,PROD112,2,1699,3398,Shipped,Cash on Delivery
ORD16596,CUST1154,02-07-2024,Hyderabad,PROD180,1,2499,2499,Shipped,Credit Card
ORD16597,CUST3655,17-01-2025,Pune,PROD162,1,3299,3299,Pending,PayPal
ORD16598,CUST2731,28-05-2025,Bhubaneswar,PROD120,2,599,1198,Pending,Credit Card
ORD16599,CUST4691,21-08-2025,Hyderabad,PROD183,3,999,2997,Pending,PayPal
ORD16600,CUST4437,07-07-2025,Pune,PROD200,1,2499,2499,Delivered,Cash on Delivery
ORD16601,CUST2361,25-08-2024,Delhi,PROD104,1,4499,4499,Returned,Credit Card
ORD16602,CUST2367,25-10-2024,Visakhapatnam,PROD164,3,1199,3597,Pending,PayPal
ORD16603,CUST5125,30-06-2025,Surat,PROD204,1,2299,2299,Pending,Cash on Delivery
ORD16604,CUST2867,09-06-2024,Mumbai,PROD147,1,29990,29990,Pending,Credit Card
ORD16605,CUST2933,18-05-2025,Delhi,PROD130,2,599,1198,Pending,Credit Card
ORD16606,CUST4834,18-07-2024,Surat,PROD204,1,2299,2299,Cancelled,Credit Card
ORD16607,CUST4859,03-10-2022,Chennai,PROD144,1,58499,58499,Delivered,Cash on Delivery
ORD16608,CUST2341,02-03-2023,Jaipur,PROD196,2,899,1798,Shipped,Credit Card
ORD16609,CUST4324,19-08-2023,Bhubaneswar,PROD171,1,6999,6999,Pending,Cash on Delivery
ORD16610,CUST4832,04-01-2025,Kolkata,PROD143,1,89999,89999,Pending,PayPal
ORD16611,CUST4188,26-08-2022,Noida,PROD198,1,6999,6999,Pending,Cash on Delivery
ORD16612,CUST2353,09-07-2023,Pune,PROD107,3,1299,3897,Cancelled,PayPal
ORD16613,CUST4427,25-12-2024,Mumbai,PROD205,3,399,1197,Shipped,Cash on Delivery
ORD16614,CUST3801,15-03-2025,Lucknow,PROD129,2,349,698,Pending,Credit Card
ORD16615,CUST4889,30-07-2023,Bangalore,PROD182,2,1899,3798,Delivered,Cash on Delivery
ORD16616,CUST1208,23-06-2023,Noida,PROD144,1,58499,58499,Delivered,Cash on Delivery
ORD16617,CUST1622,27-10-2022,Chandigarh,PROD117,1,2299,2299,Cancelled,Credit Card
ORD16618,CUST1580,30-06-2025,Jaipur,PROD201,3,799,2397,Returned,PayPal
ORD16619,CUST3615,28-02-2023,Hyderabad,PROD160,1,5999,5999,Returned,Cash on Delivery
ORD16620,CUST5322,10-08-2025,Nagpur,PROD185,2,1499,2998,Cancelled,Cash on Delivery
ORD16621,CUST4676,09-08-2024,Bhubaneswar,PROD164,2,1199,2398,Cancelled,Cash on Delivery
ORD16622,CUST5269,01-07-2023,Chennai,PROD165,3,1799,5397,Delivered,Credit Card
ORD16623,CUST2290,29-08-2023,Chennai,PROD213,3,1999,5997,Cancelled,Credit Card
ORD16624,CUST1359,17-09-2023,Delhi,PROD166,1,9499,9499,Cancelled,Credit Card
ORD16625,CUST2894,18-09-2024,Kolkata,PROD135,2,350,700,Returned,Cash on Delivery
ORD16626,CUST4928,04-08-2024,Mumbai,PROD109,1,2399,2399,Delivered,Cash on Delivery
ORD16627,CUST1123,18-07-2025,Lucknow,PROD148,1,6499,6499,Shipped,PayPal
ORD16628,CUST1901,07-06-2023,Mumbai,PROD120,2,599,1198,Pending,Credit Card
ORD16629,CUST4554,04-01-2025,Pune,PROD193,2,1499,2998,Cancelled,Credit Card
ORD16630,CUST3079,04-02-2024,Bangalore,PROD121,3,499,1497,Returned,Credit Card
ORD16631,CUST3044,05-06-2024,Pune,PROD133,3,299,897,Shipped,Cash on Delivery
ORD16632,CUST1570,11-07-2024,Hyderabad,PROD164,2,1199,2398,Shipped,Credit Card
ORD16633,CUST1513,28-06-2025,Noida,PROD137,2,599,1198,Returned,Cash on Delivery
ORD16634,CUST3497,04-02-2023,Pune,PROD160,1,5999,5999,Pending,Cash on Delivery
ORD16635,CUST2365,24-10-2024,Delhi,PROD218,3,299,897,Cancelled,Cash on Delivery
ORD16636,CUST4827,28-01-2023,Hyderabad,PROD213,2,1999,3998,Cancelled,PayPal
ORD16637,CUST3291,06-09-2024,Chennai,PROD179,2,1799,3598,Returned,Credit Card
ORD16638,CUST3366,28-02-2023,Hyderabad,PROD199,3,1299,3897,Cancelled,Cash on Delivery
ORD16639,CUST1885,18-06-2023,Delhi,PROD191,3,1999,5997,Returned,Cash on Delivery
ORD16640,CUST5233,27-10-2022,Gurgaon,PROD167,1,3499,3499,Delivered,Cash on Delivery
ORD16641,CUST3756,11-09-2024,Bangalore,PROD164,3,1199,3597,Delivered,Cash on Delivery
ORD16642,CUST4841,01-04-2023,Bangalore,PROD147,1,29990,29990,Cancelled,Cash on Delivery
ORD16643,CUST2460,17-06-2023,Bangalore,PROD155,1,34999,34999,Returned,Cash on Delivery
ORD16644,CUST4091,27-11-2022,Mumbai,PROD219,2,799,1598,Pending,Credit Card
ORD16645,CUST5122,06-03-2025,Chennai,PROD158,1,8995,8995,Delivered,Cash on Delivery
ORD16646,CUST2399,29-08-2024,Bangalore,PROD137,3,599,1797,Pending,PayPal
ORD16647,CUST1546,08-08-2024,Noida,PROD206,2,699,1398,Delivered,PayPal
ORD16648,CUST1323,05-08-2024,Nagpur,PROD132,2,399,798,Delivered,Credit Card
ORD16649,CUST1798,11-01-2023,Pune,PROD193,3,1499,4497,Cancelled,Credit Card
ORD16650,CUST4815,30-07-2025,Chennai,PROD190,1,2499,2499,Returned,Cash on Delivery
ORD16651,CUST4104,28-10-2023,Kolkata,PROD105,1,2499,2499,Shipped,Credit Card
ORD16652,CUST1200,12-09-2024,Mumbai,PROD147,1,29990,29990,Shipped,Credit Card
ORD16653,CUST2022,06-10-2024,Chandigarh,PROD139,2,499,998,Cancelled,PayPal
ORD16654,CUST4536,16-10-2024,Bangalore,PROD194,3,999,2997,Shipped,Credit Card
ORD16655,CUST4945,26-11-2023,Mumbai,PROD150,1,42999,42999,Pending,PayPal
ORD16656,CUST2519,24-02-2024,Mumbai,PROD102,3,1799,5397,Shipped,PayPal
ORD16657,CUST2803,03-11-2024,Pune,PROD116,1,3499,3499,Returned,Cash on Delivery
ORD16658,CUST4863,26-10-2023,Kolkata,PROD148,1,6499,6499,Shipped,Credit Card
ORD16659,CUST4172,07-05-2023,Indore,PROD176,1,3499,3499,Delivered,PayPal
ORD16660,CUST2066,21-12-2022,Gurgaon,PROD141,1,64999,64999,Returned,Credit Card
ORD16661,CUST1142,24-06-2023,Chennai,PROD170,1,2499,2499,Delivered,Credit Card
ORD16662,CUST2588,09-05-2023,Bhubaneswar,PROD141,1,64999,64999,Pending,Credit Card
ORD16663,CUST2740,02-05-2024,Kolkata,PROD203,3,1999,5997,Cancelled,Credit Card
ORD16664,CUST2273,22-09-2023,Pune,PROD158,1,8995,8995,Pending,Cash on Delivery
ORD16665,CUST2390,23-01-2024,Ahmedabad,PROD200,1,2499,2499,Pending,PayPal
ORD16666,CUST4295,16-03-2023,Nagpur,PROD205,2,399,798,Pending,PayPal
ORD16667,CUST4176,10-07-2023,Jaipur,PROD170,1,2499,2499,Returned,PayPal
ORD16668,CUST3202,30-03-2023,Ahmedabad,PROD116,1,3499,3499,Returned,Cash on Delivery
ORD16669,CUST3167,12-10-2022,Pune,PROD153,1,62990,62990,Delivered,PayPal
ORD16670,CUST2743,17-04-2024,Noida,PROD216,1,2299,2299,Pending,PayPal
ORD16671,CUST1556,08-02-2024,Hyderabad,PROD118,1,2999,2999,Delivered,Credit Card
ORD16672,CUST1666,27-07-2024,Hyderabad,PROD121,2,499,998,Returned,Credit Card
ORD16673,CUST4216,12-04-2025,Bhubaneswar,PROD181,2,1299,2598,Shipped,PayPal
ORD16674,CUST3954,16-11-2023,Mumbai,PROD188,3,499,1497,Returned,PayPal
ORD16675,CUST2784,06-10-2023,Mumbai,PROD140,1,69999,69999,Pending,Cash on Delivery
ORD16676,CUST3981,30-10-2024,Kolkata,PROD154,1,71990,71990,Cancelled,PayPal
ORD16677,CUST3601,24-09-2024,Kolkata,PROD155,1,34999,34999,Delivered,Credit Card
ORD16678,CUST2047,02-08-2024,Kolkata,PROD151,1,49999,49999,Delivered,Cash on Delivery
ORD16679,CUST4002,25-09-2022,Gurgaon,PROD187,1,4999,4999,Cancelled,Credit Card
ORD16680,CUST5022,06-08-2023,Chennai,PROD125,3,549,1647,Delivered,Cash on Delivery
ORD16681,CUST2552,12-07-2024,Chennai,PROD172,1,3999,3999,Pending,PayPal
ORD16682,CUST2090,15-09-2023,Bangalore,PROD141,1,64999,64999,Delivered,PayPal
ORD16683,CUST3324,05-05-2023,Chennai,PROD123,3,449,1347,Pending,PayPal
ORD16684,CUST2070,31-03-2024,Bangalore,PROD195,1,4499,4499,Cancelled,PayPal
ORD16685,CUST2863,09-08-2024,Chennai,PROD180,1,2499,2499,Delivered,PayPal
ORD16686,CUST2048,31-08-2024,Mumbai,PROD175,2,1499,2998,Returned,PayPal
ORD16687,CUST5213,01-03-2025,Bangalore,PROD129,3,349,1047,Shipped,Cash on Delivery
ORD16688,CUST2683,01-06-2023,Ahmedabad,PROD211,2,1799,3598,Returned,PayPal
ORD16689,CUST2989,13-08-2024,Kolkata,PROD141,1,64999,64999,Pending,Cash on Delivery
ORD16690,CUST4658,14-11-2023,Gurgaon,PROD165,3,1799,5397,Cancelled,PayPal
ORD16691,CUST1120,29-09-2024,Kolkata,PROD128,3,799,2397,Cancelled,Credit Card
ORD16692,CUST4313,21-08-2025,Delhi,PROD146,1,34999,34999,Delivered,PayPal
ORD16693,CUST2867,13-05-2024,Pune,PROD118,1,2999,2999,Returned,Credit Card
ORD16694,CUST5076,12-07-2025,Delhi,PROD193,3,1499,4497,Returned,Cash on Delivery
ORD16695,CUST2577,08-06-2024,Nagpur,PROD217,3,999,2997,Pending,Credit Card
ORD16696,CUST1489,24-07-2025,Nagpur,PROD136,3,499,1497,Pending,Credit Card
ORD16697,CUST3674,22-06-2025,Nagpur,PROD150,1,42999,42999,Returned,PayPal
ORD16698,CUST2455,10-02-2023,Jaipur,PROD143,1,89999,89999,Delivered,Credit Card
ORD16699,CUST4153,07-05-2024,Indore,PROD100,1,2799,2799,Shipped,Cash on Delivery
ORD16700,CUST4608,07-03-2025,Noida,PROD216,1,2299,2299,Pending,Credit Card
ORD16701,CUST1166,10-02-2025,Chennai,PROD213,3,1999,5997,Delivered,Cash on Delivery
ORD16702,CUST5087,23-10-2022,Mumbai,PROD204,1,2299,2299,Pending,Credit Card
ORD16703,CUST1037,11-04-2025,Pune,PROD104,1,4499,4499,Returned,Cash on Delivery
ORD16704,CUST1434,20-10-2024,Nagpur,PROD103,1,2999,2999,Pending,Credit Card
ORD16705,CUST5083,04-10-2022,Bangalore,PROD100,1,2799,2799,Cancelled,Cash on Delivery
ORD16706,CUST4877,29-11-2023,Bhubaneswar,PROD159,1,4499,4499,Delivered,Cash on Delivery
ORD16707,CUST1406,14-07-2023,Bhubaneswar,PROD203,3,1999,5997,Cancelled,PayPal
ORD16708,CUST2415,22-07-2025,Hyderabad,PROD216,1,2299,2299,Pending,PayPal
ORD16709,CUST3736,30-07-2023,Mumbai,PROD111,3,1899,5697,Shipped,PayPal
ORD16710,CUST3382,17-04-2025,Kolkata,PROD191,3,1999,5997,Cancelled,Cash on Delivery
ORD16711,CUST3915,22-04-2024,Kolkata,PROD199,3,1299,3897,Delivered,Cash on Delivery
ORD16712,CUST3107,18-07-2023,Chennai,PROD135,3,350,1050,Returned,Credit Card
ORD16713,CUST1540,14-07-2023,Nagpur,PROD208,2,899,1798,Returned,Cash on Delivery
ORD16714,CUST5266,18-11-2023,Ahmedabad,PROD121,3,499,1497,Delivered,Cash on Delivery
ORD16715,CUST4318,25-09-2023,Nagpur,PROD115,1,2499,2499,Returned,Cash on Delivery
ORD16716,CUST4872,06-04-2024,Chennai,PROD137,2,599,1198,Pending,PayPal
ORD16717,CUST1502,25-03-2024,Surat,PROD194,2,999,1998,Delivered,PayPal
ORD16718,CUST4630,12-01-2025,Delhi,PROD102,3,1799,5397,Delivered,Credit Card
ORD16719,CUST3336,17-09-2022,Gurgaon,PROD185,3,1499,4497,Returned,Credit Card
ORD16720,CUST5068,21-10-2022,Jaipur,PROD142,1,59999,59999,Returned,Credit Card
ORD16721,CUST2553,30-05-2023,Chandigarh,PROD174,2,899,1798,Cancelled,Credit Card
ORD16722,CUST2541,16-09-2024,Pune,PROD182,2,1899,3798,Shipped,Credit Card
ORD16723,CUST2495,05-06-2025,Jaipur,PROD110,1,2999,2999,Delivered,Cash on Delivery
ORD16724,CUST3060,13-11-2024,Delhi,PROD184,1,2999,2999,Delivered,Credit Card
ORD16725,CUST3452,15-12-2023,Chandigarh,PROD151,1,49999,49999,Delivered,Credit Card
ORD16726,CUST5321,21-06-2025,Kochi,PROD188,2,499,998,Returned,Cash on Delivery
ORD16727,CUST5018,06-05-2023,Nagpur,PROD135,2,350,700,Cancelled,PayPal
ORD16728,CUST2442,14-11-2022,Pune,PROD112,2,1699,3398,Shipped,Cash on Delivery
ORD16729,CUST4667,04-06-2025,Chandigarh,PROD144,1,58499,58499,Delivered,PayPal
ORD16730,CUST4065,02-06-2024,Visakhapatnam,PROD125,3,549,1647,Cancelled,PayPal
ORD16731,CUST3733,29-09-2022,Mumbai,PROD182,3,1899,5697,Pending,Credit Card
ORD16732,CUST3884,17-05-2025,Hyderabad,PROD200,1,2499,2499,Cancelled,Cash on Delivery
ORD16733,CUST2025,11-05-2024,Surat,PROD185,2,1499,2998,Pending,Credit Card
ORD16734,CUST2928,09-01-2025,Bangalore,PROD217,2,999,1998,Delivered,Credit Card
ORD16735,CUST3367,22-10-2024,Kochi,PROD212,1,5499,5499,Cancelled,PayPal
ORD16736,CUST4992,28-07-2024,Chennai,PROD140,1,69999,69999,Cancelled,PayPal
ORD16737,CUST1584,14-09-2022,Patna,PROD118,1,2999,2999,Returned,Cash on Delivery
ORD16738,CUST5014,30-07-2025,Jaipur,PROD194,3,999,2997,Pending,Credit Card
ORD16739,CUST1980,25-02-2023,Bhubaneswar,PROD199,3,1299,3897,Delivered,PayPal
ORD16740,CUST1731,06-07-2025,Delhi,PROD174,2,899,1798,Cancelled,Cash on Delivery
ORD16741,CUST2570,17-08-2025,Jaipur,PROD126,3,299,897,Returned,Credit Card
ORD16742,CUST2198,17-06-2024,Ahmedabad,PROD202,2,1499,2998,Pending,Credit Card
ORD16743,CUST3450,21-07-2024,Chennai,PROD130,2,599,1198,Pending,PayPal
ORD16744,CUST4979,26-03-2024,Nagpur,PROD160,1,5999,5999,Delivered,PayPal
ORD16745,CUST3386,29-11-2024,Chennai,PROD105,1,2499,2499,Cancelled,PayPal
ORD16746,CUST5052,10-05-2025,Hyderabad,PROD180,1,2499,2499,Returned,PayPal
ORD16747,CUST1875,02-10-2024,Pune,PROD159,1,4499,4499,Cancelled,Cash on Delivery
ORD16748,CUST2757,20-12-2022,Kolkata,PROD171,1,6999,6999,Pending,PayPal
ORD16749,CUST4693,05-06-2025,Lucknow,PROD193,3,1499,4497,Pending,Cash on Delivery
ORD16750,CUST3366,25-12-2023,Delhi,PROD118,1,2999,2999,Delivered,PayPal
ORD16751,CUST3240,09-10-2022,Hyderabad,PROD216,1,2299,2299,Returned,PayPal
ORD16752,CUST1962,30-03-2023,Pune,PROD200,1,2499,2499,Shipped,Credit Card
ORD16753,CUST5019,11-03-2025,Hyderabad,PROD219,2,799,1598,Shipped,PayPal
ORD16754,CUST3767,14-09-2024,Jaipur,PROD183,2,999,1998,Returned,PayPal
ORD16755,CUST1665,26-07-2024,Bangalore,PROD167,1,3499,3499,Cancelled,Credit Card
ORD16756,CUST1445,12-10-2024,Lucknow,PROD103,1,2999,2999,Delivered,Cash on Delivery
ORD16757,CUST2711,09-05-2025,Pune,PROD147,1,29990,29990,Shipped,PayPal
ORD16758,CUST5319,30-03-2023,Delhi,PROD120,3,599,1797,Pending,Credit Card
ORD16759,CUST3210,22-02-2024,Chennai,PROD127,3,899,2697,Pending,Cash on Delivery
ORD16760,CUST1002,18-02-2025,Kolkata,PROD105,1,2499,2499,Delivered,PayPal
ORD16761,CUST2949,18-10-2024,Indore,PROD158,1,8995,8995,Shipped,PayPal
ORD16762,CUST3030,08-09-2024,Mumbai,PROD211,3,1799,5397,Returned,PayPal
ORD16763,CUST2516,29-01-2024,Mumbai,PROD175,3,1499,4497,Shipped,PayPal
ORD16764,CUST1841,28-04-2024,Pune,PROD128,2,799,1598,Shipped,PayPal
ORD16765,CUST4079,13-04-2024,Chennai,PROD219,2,799,1598,Shipped,PayPal
ORD16766,CUST5237,18-04-2024,Mumbai,PROD194,3,999,2997,Cancelled,Cash on Delivery
ORD16767,CUST2809,07-07-2024,Bhubaneswar,PROD133,2,299,598,Returned,PayPal
ORD16768,CUST3280,24-11-2023,Pune,PROD128,2,799,1598,Cancelled,PayPal
ORD16769,CUST3153,04-07-2025,Bangalore,PROD113,3,1499,4497,Delivered,PayPal
ORD16770,CUST1496,29-08-2022,Kochi,PROD185,2,1499,2998,Shipped,Credit Card
ORD16771,CUST3716,15-08-2025,Ahmedabad,PROD213,2,1999,3998,Delivered,Credit Card
ORD16772,CUST4885,23-02-2023,Mumbai,PROD125,3,549,1647,Cancelled,Cash on Delivery
ORD16773,CUST2210,16-05-2023,Surat,PROD111,3,1899,5697,Cancelled,PayPal
ORD16774,CUST2987,12-10-2024,Pune,PROD156,1,29990,29990,Pending,PayPal
ORD16775,CUST1489,26-07-2023,Nagpur,PROD148,1,6499,6499,Returned,Cash on Delivery
ORD16776,CUST4405,08-04-2024,Hyderabad,PROD144,1,58499,58499,Cancelled,Credit Card
ORD16777,CUST2867,03-09-2023,Bangalore,PROD122,3,399,1197,Pending,Cash on Delivery
ORD16778,CUST2440,10-10-2022,Lucknow,PROD195,1,4499,4499,Pending,Cash on Delivery
ORD16779,CUST1090,23-04-2025,Bangalore,PROD206,2,699,1398,Pending,Credit Card
ORD16780,CUST5109,25-04-2024,Kolkata,PROD120,3,599,1797,Delivered,Cash on Delivery
ORD16781,CUST2204,22-03-2023,Kolkata,PROD197,1,5999,5999,Returned,PayPal
ORD16782,CUST1917,31-12-2023,Mumbai,PROD164,2,1199,2398,Returned,Credit Card
ORD16783,CUST2309,14-04-2025,Bangalore,PROD210,1,2499,2499,Shipped,Cash on Delivery
ORD16784,CUST3260,09-02-2024,Delhi,PROD193,3,1499,4497,Delivered,Credit Card
ORD16785,CUST5061,08-09-2022,Bangalore,PROD155,1,34999,34999,Delivered,PayPal
ORD16786,CUST1734,18-11-2022,Delhi,PROD183,2,999,1998,Pending,PayPal
ORD16787,CUST2521,06-10-2024,Gurgaon,PROD136,2,499,998,Pending,Credit Card
ORD16788,CUST3580,24-06-2023,Gurgaon,PROD189,2,899,1798,Cancelled,Cash on Delivery
ORD16789,CUST4401,26-09-2024,Pune,PROD179,3,1799,5397,Cancelled,Credit Card
ORD16790,CUST1519,14-10-2022,Patna,PROD194,2,999,1998,Returned,Cash on Delivery
ORD16791,CUST2524,03-12-2022,Kolkata,PROD187,1,4999,4999,Shipped,Credit Card
ORD16792,CUST3282,21-02-2023,Lucknow,PROD149,3,1499,4497,Pending,PayPal
ORD16793,CUST2671,17-10-2023,Pune,PROD104,1,4499,4499,Cancelled,Credit Card
ORD16794,CUST3428,22-02-2023,Indore,PROD186,1,3499,3499,Shipped,PayPal
ORD16795,CUST3875,25-12-2023,Chandigarh,PROD199,3,1299,3897,Cancelled,PayPal
ORD16796,CUST4024,03-12-2023,Noida,PROD173,2,1299,2598,Pending,Credit Card
ORD16797,CUST3207,02-05-2023,Kolkata,PROD211,3,1799,5397,Delivered,Credit Card
ORD16798,CUST2573,28-11-2022,Pune,PROD171,1,6999,6999,Cancelled,Credit Card
ORD16799,CUST3668,03-07-2023,Mumbai,PROD187,1,4999,4999,Shipped,Cash on Delivery
ORD16800,CUST2711,10-09-2023,Pune,PROD132,3,399,1197,Delivered,PayPal
ORD16801,CUST3474,17-09-2024,Ahmedabad,PROD125,2,549,1098,Cancelled,Cash on Delivery
ORD16802,CUST1475,21-04-2023,Lucknow,PROD126,2,299,598,Cancelled,PayPal
ORD16803,CUST2045,17-12-2022,Chennai,PROD210,1,2499,2499,Pending,Credit Card
ORD16804,CUST3160,21-04-2024,Kolkata,PROD189,3,899,2697,Pending,Credit Card
ORD16805,CUST4149,29-01-2024,Nagpur,PROD150,1,42999,42999,Shipped,Cash on Delivery
ORD16806,CUST5268,03-08-2025,Hyderabad,PROD110,1,2999,2999,Pending,Cash on Delivery
ORD16807,CUST4768,16-09-2023,Gurgaon,PROD214,2,499,998,Cancelled,PayPal
ORD16808,CUST4510,30-07-2024,Bangalore,PROD175,3,1499,4497,Shipped,Cash on Delivery
ORD16809,CUST3814,09-10-2022,Chandigarh,PROD204,1,2299,2299,Pending,Credit Card
ORD16810,CUST1895,28-01-2024,Chandigarh,PROD103,1,2999,2999,Pending,PayPal
ORD16811,CUST4190,15-11-2024,Pune,PROD144,1,58499,58499,Returned,Cash on Delivery
ORD16812,CUST5175,06-10-2023,Hyderabad,PROD177,2,1599,3198,Cancelled,PayPal
ORD16813,CUST1572,26-03-2023,Chennai,PROD184,1,2999,2999,Returned,Cash on Delivery
ORD16814,CUST2745,14-12-2023,Chandigarh,PROD175,2,1499,2998,Pending,PayPal
ORD16815,CUST3875,18-05-2024,Pune,PROD100,1,2799,2799,Delivered,Credit Card
ORD16816,CUST4841,01-02-2025,Bangalore,PROD218,2,299,598,Delivered,PayPal
ORD16817,CUST2423,18-01-2024,Chandigarh,PROD153,1,62990,62990,Cancelled,PayPal
ORD16818,CUST1263,07-11-2023,Chennai,PROD183,2,999,1998,Cancelled,PayPal
ORD16819,CUST1313,11-02-2024,Noida,PROD101,1,6499,6499,Cancelled,PayPal
ORD16820,CUST3829,24-10-2024,Bangalore,PROD110,1,2999,2999,Delivered,PayPal
ORD16821,CUST3962,28-03-2024,Mumbai,PROD213,2,1999,3998,Returned,PayPal
ORD16822,CUST3740,25-08-2024,Mumbai,PROD155,1,34999,34999,Pending,Credit Card
ORD16823,CUST1676,20-05-2023,Kolkata,PROD194,3,999,2997,Returned,Credit Card
ORD16824,CUST2291,16-07-2024,Kolkata,PROD176,1,3499,3499,Shipped,Credit Card
ORD16825,CUST2572,12-02-2023,Patna,PROD214,2,499,998,Cancelled,Credit Card
ORD16826,CUST5120,19-10-2022,Bangalore,PROD216,1,2299,2299,Pending,PayPal
ORD16827,CUST4896,12-04-2023,Pune,PROD102,3,1799,5397,Shipped,Cash on Delivery
ORD16828,CUST4058,06-08-2024,Kolkata,PROD185,3,1499,4497,Pending,PayPal
ORD16829,CUST2678,23-08-2024,Hyderabad,PROD183,2,999,1998,Returned,PayPal
ORD16830,CUST4855,12-09-2024,Gurgaon,PROD192,1,4999,4999,Cancelled,PayPal
ORD16831,CUST2139,29-11-2022,Mumbai,PROD129,3,349,1047,Delivered,Cash on Delivery
ORD16832,CUST5070,19-05-2024,Chennai,PROD118,1,2999,2999,Returned,Cash on Delivery
ORD16833,CUST2741,04-02-2025,Delhi,PROD156,1,29990,29990,Cancelled,Credit Card
ORD16834,CUST1446,08-04-2023,Nagpur,PROD147,1,29990,29990,Cancelled,Credit Card
ORD16835,CUST2630,25-02-2025,Chandigarh,PROD141,1,64999,64999,Returned,Cash on Delivery
ORD16836,CUST2954,01-05-2024,Jaipur,PROD113,3,1499,4497,Shipped,PayPal
ORD16837,CUST3641,31-01-2023,Pune,PROD196,3,899,2697,Cancelled,Cash on Delivery
ORD16838,CUST1783,28-02-2025,Chennai,PROD198,1,6999,6999,Pending,PayPal
ORD16839,CUST2913,08-07-2025,Kochi,PROD195,1,4499,4499,Returned,Cash on Delivery
ORD16840,CUST3362,17-05-2024,Nagpur,PROD205,2,399,798,Shipped,PayPal
ORD16841,CUST1893,18-12-2024,Hyderabad,PROD156,1,29990,29990,Delivered,Cash on Delivery
ORD16842,CUST3321,03-04-2024,Nagpur,PROD176,1,3499,3499,Pending,Cash on Delivery
ORD16843,CUST1228,13-06-2025,Lucknow,PROD105,1,2499,2499,Shipped,PayPal
ORD16844,CUST4088,03-04-2024,Pune,PROD191,3,1999,5997,Shipped,Credit Card
ORD16845,CUST1029,25-03-2024,Pune,PROD203,3,1999,5997,Pending,Cash on Delivery
ORD16846,CUST4227,18-04-2024,Hyderabad,PROD131,3,499,1497,Returned,PayPal
ORD16847,CUST2598,30-10-2024,Delhi,PROD210,1,2499,2499,Cancelled,Cash on Delivery
ORD16848,CUST1307,04-07-2025,Bangalore,PROD113,3,1499,4497,Pending,Credit Card
ORD16849,CUST1456,13-08-2024,Kolkata,PROD124,3,699,2097,Pending,Credit Card
ORD16850,CUST5236,04-05-2024,Chennai,PROD108,3,1499,4497,Cancelled,Credit Card
ORD16851,CUST5056,02-05-2023,Gurgaon,PROD130,3,599,1797,Delivered,Credit Card
ORD16852,CUST2608,28-10-2022,Nagpur,PROD180,1,2499,2499,Pending,Cash on Delivery
ORD16853,CUST2169,17-09-2022,Surat,PROD175,2,1499,2998,Returned,Cash on Delivery
ORD16854,CUST2884,27-07-2023,Kolkata,PROD100,1,2799,2799,Delivered,PayPal
ORD16855,CUST3227,20-03-2025,Bangalore,PROD165,2,1799,3598,Cancelled,Credit Card
ORD16856,CUST5071,26-04-2023,Mumbai,PROD219,2,799,1598,Shipped,PayPal
ORD16857,CUST4926,18-03-2024,Delhi,PROD122,2,399,798,Pending,Cash on Delivery
ORD16858,CUST1404,25-05-2025,Patna,PROD130,3,599,1797,Delivered,Cash on Delivery
ORD16859,CUST1282,30-07-2023,Visakhapatnam,PROD172,1,3999,3999,Returned,Credit Card
ORD16860,CUST2994,29-02-2024,Chennai,PROD176,1,3499,3499,Delivered,Cash on Delivery
ORD16861,CUST3822,25-12-2022,Gurgaon,PROD162,1,3299,3299,Pending,PayPal
ORD16862,CUST2435,02-12-2024,Mumbai,PROD194,2,999,1998,Pending,Credit Card
ORD16863,CUST4640,05-08-2023,Ahmedabad,PROD155,1,34999,34999,Pending,Credit Card
ORD16864,CUST1476,08-06-2024,Pune,PROD128,2,799,1598,Pending,PayPal
ORD16865,CUST1498,13-04-2024,Gurgaon,PROD181,2,1299,2598,Delivered,Cash on Delivery
ORD16866,CUST4279,21-06-2025,Chennai,PROD168,2,1299,2598,Delivered,PayPal
ORD16867,CUST3744,01-12-2023,Delhi,PROD157,1,14999,14999,Delivered,Cash on Delivery
ORD16868,CUST2473,15-05-2025,Bhubaneswar,PROD104,1,4499,4499,Cancelled,PayPal
ORD16869,CUST1627,08-01-2025,Lucknow,PROD134,3,450,1350,Delivered,Credit Card
ORD16870,CUST3180,04-09-2024,Ahmedabad,PROD169,3,1899,5697,Returned,Credit Card
ORD16871,CUST1934,06-02-2024,Indore,PROD102,2,1799,3598,Shipped,Cash on Delivery
ORD16872,CUST3229,22-07-2025,Chandigarh,PROD162,1,3299,3299,Delivered,Credit Card
ORD16873,CUST2612,11-06-2024,Pune,PROD173,2,1299,2598,Shipped,PayPal
ORD16874,CUST4695,08-07-2024,Bhubaneswar,PROD139,2,499,998,Shipped,Credit Card
ORD16875,CUST2142,22-11-2024,Kolkata,PROD119,3,1799,5397,Delivered,Credit Card
ORD16876,CUST3305,09-03-2023,Chandigarh,PROD161,3,1499,4497,Cancelled,Cash on Delivery
ORD16877,CUST3322,28-10-2023,Pune,PROD179,3,1799,5397,Pending,PayPal
ORD16878,CUST1760,18-05-2024,Hyderabad,PROD208,3,899,2697,Delivered,PayPal
ORD16879,CUST4658,05-01-2025,Mumbai,PROD142,1,59999,59999,Pending,Credit Card
ORD16880,CUST1832,31-10-2022,Mumbai,PROD146,1,34999,34999,Returned,Credit Card
ORD16881,CUST4650,05-02-2024,Mumbai,PROD158,1,8995,8995,Delivered,Cash on Delivery
ORD16882,CUST1006,07-06-2023,Pune,PROD206,3,699,2097,Returned,Cash on Delivery
ORD16883,CUST1398,06-05-2024,Lucknow,PROD138,2,799,1598,Cancelled,Credit Card
ORD16884,CUST3394,24-05-2023,Chennai,PROD143,1,89999,89999,Returned,PayPal
ORD16885,CUST2261,10-07-2024,Ahmedabad,PROD177,3,1599,4797,Delivered,PayPal
ORD16886,CUST2180,09-03-2024,Chandigarh,PROD186,1,3499,3499,Returned,PayPal
ORD16887,CUST3756,25-10-2024,Noida,PROD201,2,799,1598,Cancelled,Cash on Delivery
ORD16888,CUST3716,14-03-2024,Bangalore,PROD144,1,58499,58499,Delivered,Cash on Delivery
ORD16889,CUST2267,19-02-2025,Kolkata,PROD150,1,42999,42999,Delivered,PayPal
ORD16890,CUST5079,05-04-2025,Pune,PROD104,1,4499,4499,Shipped,Credit Card
ORD16891,CUST3972,26-10-2024,Chennai,PROD143,1,89999,89999,Pending,Cash on Delivery
ORD16892,CUST2158,31-10-2024,Ahmedabad,PROD127,2,899,1798,Pending,Cash on Delivery
ORD16893,CUST4787,12-08-2023,Jaipur,PROD127,2,899,1798,Pending,PayPal
ORD16894,CUST2436,30-10-2022,Ahmedabad,PROD216,1,2299,2299,Returned,Cash on Delivery
ORD16895,CUST2429,02-12-2024,Bangalore,PROD187,1,4999,4999,Cancelled,PayPal
ORD16896,CUST3838,01-08-2025,Chennai,PROD130,2,599,1198,Cancelled,Credit Card
ORD16897,CUST4861,10-03-2025,Bhubaneswar,PROD136,2,499,998,Delivered,PayPal
ORD16898,CUST2259,25-02-2025,Visakhapatnam,PROD151,1,49999,49999,Cancelled,Cash on Delivery
ORD16899,CUST4327,29-01-2023,Kochi,PROD134,3,450,1350,Delivered,PayPal
ORD16900,CUST3422,19-03-2024,Jaipur,PROD219,3,799,2397,Cancelled,PayPal
ORD16901,CUST1031,14-12-2023,Indore,PROD160,1,5999,5999,Shipped,Credit Card
ORD16902,CUST4767,16-09-2022,Patna,PROD144,1,58499,58499,Delivered,Cash on Delivery
ORD16903,CUST3739,04-06-2024,Pune,PROD171,1,6999,6999,Shipped,Credit Card
ORD16904,CUST1737,26-08-2022,Noida,PROD149,2,1499,2998,Pending,Credit Card
ORD16905,CUST3597,02-04-2025,Visakhapatnam,PROD116,1,3499,3499,Shipped,Cash on Delivery
ORD16906,CUST4629,29-01-2025,Visakhapatnam,PROD175,2,1499,2998,Returned,PayPal
ORD16907,CUST2333,23-10-2023,Chennai,PROD123,2,449,898,Cancelled,Cash on Delivery
ORD16908,CUST5059,20-12-2022,Ahmedabad,PROD131,3,499,1497,Cancelled,Cash on Delivery
ORD16909,CUST1372,12-10-2022,Chennai,PROD117,1,2299,2299,Pending,PayPal
ORD16910,CUST1340,07-09-2023,Mumbai,PROD170,1,2499,2499,Cancelled,Credit Card
ORD16911,CUST5096,16-06-2024,Delhi,PROD167,1,3499,3499,Cancelled,Credit Card
ORD16912,CUST1038,13-04-2025,Chennai,PROD159,1,4499,4499,Pending,Cash on Delivery
ORD16913,CUST2922,10-09-2023,Chandigarh,PROD147,1,29990,29990,Pending,Credit Card
ORD16914,CUST4474,02-05-2023,Noida,PROD126,2,299,598,Returned,PayPal
ORD16915,CUST1685,31-05-2025,Delhi,PROD102,2,1799,3598,Pending,Cash on Delivery
ORD16916,CUST4120,28-11-2022,Mumbai,PROD104,1,4499,4499,Shipped,PayPal
ORD16917,CUST4111,31-10-2023,Delhi,PROD142,1,59999,59999,Returned,PayPal
ORD16918,CUST4717,26-07-2023,Delhi,PROD186,1,3499,3499,Cancelled,Cash on Delivery
ORD16919,CUST1204,13-08-2025,Pune,PROD214,2,499,998,Pending,PayPal
ORD16920,CUST3907,15-03-2025,Pune,PROD195,1,4499,4499,Returned,PayPal
ORD16921,CUST2958,24-11-2023,Chennai,PROD158,1,8995,8995,Delivered,Cash on Delivery
ORD16922,CUST2111,10-01-2024,Nagpur,PROD194,2,999,1998,Cancelled,PayPal
ORD16923,CUST2123,31-10-2024,Bhubaneswar,PROD181,2,1299,2598,Delivered,PayPal
ORD16924,CUST2867,21-08-2023,Chennai,PROD160,1,5999,5999,Cancelled,Cash on Delivery
ORD16925,CUST2860,04-10-2024,Hyderabad,PROD204,1,2299,2299,Returned,Credit Card
ORD16926,CUST4636,11-07-2024,Chennai,PROD167,1,3499,3499,Returned,PayPal
ORD16927,CUST4225,15-01-2023,Chandigarh,PROD178,2,1299,2598,Pending,Credit Card
ORD16928,CUST4494,20-06-2024,Hyderabad,PROD156,1,29990,29990,Cancelled,PayPal
ORD16929,CUST4630,03-05-2025,Bhubaneswar,PROD180,1,2499,2499,Cancelled,PayPal
ORD16930,CUST4599,24-09-2023,Hyderabad,PROD215,2,1799,3598,Returned,Cash on Delivery
ORD16931,CUST2200,25-02-2025,Chennai,PROD178,2,1299,2598,Delivered,Cash on Delivery
ORD16932,CUST5208,31-07-2023,Bhubaneswar,PROD175,3,1499,4497,Shipped,Credit Card
ORD16933,CUST3811,23-12-2023,Kolkata,PROD117,1,2299,2299,Delivered,Credit Card
ORD16934,CUST1919,21-12-2023,Chennai,PROD129,2,349,698,Returned,Credit Card
ORD16935,CUST1524,12-11-2022,Chennai,PROD218,3,299,897,Returned,Cash on Delivery
ORD16936,CUST5061,19-06-2024,Chennai,PROD120,3,599,1797,Returned,PayPal
ORD16937,CUST4420,05-10-2022,Bhubaneswar,PROD175,3,1499,4497,Pending,PayPal
ORD16938,CUST2300,28-03-2025,Bangalore,PROD207,2,1299,2598,Returned,PayPal
ORD16939,CUST1643,31-05-2023,Bangalore,PROD160,1,5999,5999,Cancelled,PayPal
ORD16940,CUST1366,07-02-2023,Indore,PROD149,2,1499,2998,Cancelled,Cash on Delivery
ORD16941,CUST1451,26-09-2023,Kolkata,PROD199,2,1299,2598,Shipped,Cash on Delivery
ORD16942,CUST3819,07-07-2023,Lucknow,PROD101,1,6499,6499,Pending,PayPal
ORD16943,CUST3297,06-02-2025,Hyderabad,PROD198,1,6999,6999,Shipped,PayPal
ORD16944,CUST4353,15-12-2022,Chandigarh,PROD137,2,599,1198,Shipped,Credit Card
ORD16945,CUST3495,23-08-2025,Bangalore,PROD186,1,3499,3499,Cancelled,Credit Card
ORD16946,CUST4579,22-01-2025,Chennai,PROD132,3,399,1197,Cancelled,PayPal
ORD16947,CUST5240,30-01-2025,Delhi,PROD148,1,6499,6499,Delivered,PayPal
ORD16948,CUST2561,05-07-2023,Bangalore,PROD145,1,62990,62990,Returned,PayPal
ORD16949,CUST1864,21-07-2023,Chennai,PROD181,3,1299,3897,Cancelled,PayPal
ORD16950,CUST4946,06-10-2024,Jaipur,PROD193,3,1499,4497,Returned,Credit Card
ORD16951,CUST5023,25-01-2025,Mumbai,PROD139,3,499,1497,Cancelled,Cash on Delivery
ORD16952,CUST3507,19-08-2024,Indore,PROD115,1,2499,2499,Returned,Credit Card
ORD16953,CUST4574,31-03-2024,Pune,PROD198,1,6999,6999,Pending,Cash on Delivery
ORD16954,CUST4584,05-04-2025,Nagpur,PROD172,1,3999,3999,Pending,Credit Card
ORD16955,CUST3157,19-12-2023,Gurgaon,PROD119,3,1799,5397,Pending,Cash on Delivery
ORD16956,CUST1083,04-07-2023,Kochi,PROD177,2,1599,3198,Delivered,Cash on Delivery
ORD16957,CUST1804,23-01-2023,Chennai,PROD118,1,2999,2999,Shipped,Credit Card
ORD16958,CUST1072,25-07-2023,Kolkata,PROD101,1,6499,6499,Shipped,Cash on Delivery
ORD16959,CUST3673,29-12-2022,Noida,PROD188,2,499,998,Returned,Credit Card
ORD16960,CUST2972,31-08-2024,Ahmedabad,PROD108,3,1499,4497,Shipped,Credit Card
ORD16961,CUST5047,23-04-2025,Chennai,PROD193,2,1499,2998,Returned,Credit Card
ORD16962,CUST1772,19-02-2025,Kochi,PROD137,3,599,1797,Pending,Credit Card
ORD16963,CUST4168,20-03-2025,Kolkata,PROD184,1,2999,2999,Cancelled,Credit Card
ORD16964,CUST4034,18-11-2022,Chennai,PROD189,2,899,1798,Delivered,PayPal
ORD16965,CUST3982,08-09-2022,Jaipur,PROD158,1,8995,8995,Shipped,PayPal
ORD16966,CUST3663,21-11-2022,Jaipur,PROD180,1,2499,2499,Cancelled,Cash on Delivery
ORD16967,CUST5194,16-12-2022,Pune,PROD144,1,58499,58499,Shipped,PayPal
ORD16968,CUST3915,04-04-2024,Mumbai,PROD107,2,1299,2598,Delivered,Cash on Delivery
ORD16969,CUST4459,26-02-2025,Ahmedabad,PROD207,3,1299,3897,Shipped,Cash on Delivery
ORD16970,CUST2289,23-04-2024,Chennai,PROD132,3,399,1197,Returned,Credit Card
ORD16971,CUST3274,10-07-2023,Pune,PROD146,1,34999,34999,Delivered,Cash on Delivery
ORD16972,CUST5072,14-09-2022,Bangalore,PROD206,2,699,1398,Pending,PayPal
ORD16973,CUST1420,23-11-2024,Pune,PROD157,1,14999,14999,Delivered,PayPal
ORD16974,CUST5027,12-06-2023,Nagpur,PROD128,2,799,1598,Shipped,PayPal
ORD16975,CUST1132,19-07-2024,Ahmedabad,PROD199,2,1299,2598,Pending,PayPal
ORD16976,CUST4397,12-12-2022,Pune,PROD117,1,2299,2299,Cancelled,Credit Card
ORD16977,CUST4272,09-04-2024,Chennai,PROD197,1,5999,5999,Shipped,Credit Card
ORD16978,CUST3310,29-12-2022,Hyderabad,PROD120,2,599,1198,Delivered,Cash on Delivery
ORD16979,CUST2893,28-09-2023,Delhi,PROD177,2,1599,3198,Cancelled,PayPal
ORD16980,CUST4647,09-08-2025,Pune,PROD157,1,14999,14999,Returned,Cash on Delivery
ORD16981,CUST4432,02-05-2025,Kolkata,PROD167,1,3499,3499,Pending,PayPal
ORD16982,CUST1130,08-01-2025,Pune,PROD106,1,5999,5999,Pending,Credit Card
ORD16983,CUST5269,10-08-2025,Bangalore,PROD100,1,2799,2799,Shipped,Credit Card
ORD16984,CUST4646,02-06-2025,Kolkata,PROD182,3,1899,5697,Delivered,PayPal
ORD16985,CUST3455,03-01-2023,Chandigarh,PROD105,1,2499,2499,Delivered,Cash on Delivery
ORD16986,CUST4527,06-04-2024,Jaipur,PROD189,2,899,1798,Delivered,Cash on Delivery
ORD16987,CUST2771,03-11-2022,Jaipur,PROD101,1,6499,6499,Cancelled,PayPal
ORD16988,CUST2001,15-03-2025,Pune,PROD214,3,499,1497,Shipped,Credit Card
ORD16989,CUST2600,07-03-2023,Indore,PROD106,1,5999,5999,Returned,Credit Card
ORD16990,CUST3763,06-11-2022,Delhi,PROD216,1,2299,2299,Shipped,Cash on Delivery
ORD16991,CUST2093,27-06-2023,Indore,PROD125,3,549,1647,Cancelled,PayPal
ORD16992,CUST1214,17-10-2022,Hyderabad,PROD182,3,1899,5697,Returned,Credit Card
ORD16993,CUST4366,07-01-2024,Pune,PROD115,1,2499,2499,Cancelled,PayPal
ORD16994,CUST4110,27-12-2022,Hyderabad,PROD156,1,29990,29990,Returned,Cash on Delivery
ORD16995,CUST4817,07-06-2025,Kolkata,PROD160,1,5999,5999,Returned,Credit Card
ORD16996,CUST3480,20-01-2023,Pune,PROD171,1,6999,6999,Returned,Credit Card
ORD16997,CUST1820,31-12-2024,Hyderabad,PROD185,3,1499,4497,Shipped,Credit Card
ORD16998,CUST2112,23-06-2025,Mumbai,PROD134,3,450,1350,Shipped,PayPal
ORD16999,CUST2972,04-06-2024,Bangalore,PROD185,2,1499,2998,Returned,Credit Card
ORD17000,CUST3497,29-07-2024,Gurgaon,PROD108,3,1499,4497,Shipped,Cash on Delivery
ORD17001,CUST4876,23-12-2024,Nagpur,PROD207,3,1299,3897,Delivered,Credit Card
ORD17002,CUST2965,26-10-2024,Patna,PROD168,3,1299,3897,Delivered,Credit Card
ORD17003,CUST4859,19-08-2024,Jaipur,PROD206,3,699,2097,Pending,PayPal
ORD17004,CUST2159,05-02-2025,Hyderabad,PROD180,1,2499,2499,Pending,Credit Card
ORD17005,CUST3092,18-04-2024,Hyderabad,PROD203,3,1999,5997,Delivered,Cash on Delivery
ORD17006,CUST2361,01-03-2024,Hyderabad,PROD160,1,5999,5999,Returned,Cash on Delivery
ORD17007,CUST2803,30-03-2025,Kolkata,PROD202,3,1499,4497,Delivered,PayPal
ORD17008,CUST3249,22-03-2025,Kochi,PROD115,1,2499,2499,Delivered,Credit Card
ORD17009,CUST5269,05-08-2024,Mumbai,PROD165,2,1799,3598,Shipped,Cash on Delivery
ORD17010,CUST1811,17-08-2025,Bangalore,PROD195,1,4499,4499,Cancelled,PayPal
ORD17011,CUST2538,26-08-2022,Pune,PROD111,3,1899,5697,Delivered,PayPal
ORD17012,CUST4907,07-04-2023,Surat,PROD123,3,449,1347,Cancelled,Credit Card
ORD17013,CUST1821,10-05-2024,Mumbai,PROD211,2,1799,3598,Returned,Credit Card
ORD17014,CUST4934,12-03-2023,Chandigarh,PROD117,1,2299,2299,Delivered,Cash on Delivery
ORD17015,CUST4184,05-02-2024,Ahmedabad,PROD145,1,62990,62990,Cancelled,PayPal
ORD17016,CUST3402,28-06-2024,Mumbai,PROD132,2,399,798,Returned,PayPal
ORD17017,CUST5274,26-03-2023,Kolkata,PROD179,3,1799,5397,Delivered,Cash on Delivery
ORD17018,CUST3631,24-06-2025,Delhi,PROD197,1,5999,5999,Returned,PayPal
ORD17019,CUST4930,29-11-2024,Bangalore,PROD152,1,39999,39999,Shipped,Credit Card
ORD17020,CUST1887,08-12-2024,Hyderabad,PROD192,1,4999,4999,Shipped,PayPal
ORD17021,CUST4478,04-04-2023,Delhi,PROD120,2,599,1198,Pending,PayPal
ORD17022,CUST1829,12-01-2025,Nagpur,PROD201,3,799,2397,Cancelled,Credit Card
ORD17023,CUST2804,14-08-2023,Chennai,PROD126,3,299,897,Shipped,Credit Card
ORD17024,CUST1890,12-06-2025,Delhi,PROD127,3,899,2697,Cancelled,Cash on Delivery
ORD17025,CUST5016,04-08-2025,Chennai,PROD198,1,6999,6999,Pending,PayPal
ORD17026,CUST1532,20-03-2024,Mumbai,PROD210,1,2499,2499,Shipped,Cash on Delivery
ORD17027,CUST3774,05-07-2023,Mumbai,PROD178,2,1299,2598,Shipped,PayPal
ORD17028,CUST1754,01-04-2024,Bangalore,PROD108,3,1499,4497,Pending,Cash on Delivery
ORD17029,CUST2582,25-06-2025,Nagpur,PROD136,2,499,998,Cancelled,PayPal
ORD17030,CUST1229,19-10-2023,Bangalore,PROD122,2,399,798,Pending,PayPal
ORD17031,CUST1778,23-03-2025,Gurgaon,PROD211,3,1799,5397,Cancelled,PayPal
ORD17032,CUST5176,01-03-2023,Chennai,PROD212,1,5499,5499,Pending,Cash on Delivery
ORD17033,CUST1584,13-01-2025,Pune,PROD193,3,1499,4497,Cancelled,Cash on Delivery
ORD17034,CUST4453,26-10-2024,Bangalore,PROD169,2,1899,3798,Shipped,PayPal
ORD17035,CUST2987,05-08-2023,Bhubaneswar,PROD143,1,89999,89999,Delivered,Credit Card
ORD17036,CUST2198,29-05-2024,Hyderabad,PROD171,1,6999,6999,Pending,Cash on Delivery
ORD17037,CUST4573,23-01-2025,Hyderabad,PROD144,1,58499,58499,Pending,PayPal
ORD17038,CUST3190,09-06-2025,Bangalore,PROD107,2,1299,2598,Returned,Credit Card
ORD17039,CUST3954,25-12-2024,Hyderabad,PROD150,1,42999,42999,Pending,Cash on Delivery
ORD17040,CUST2138,22-09-2022,Mumbai,PROD134,2,450,900,Delivered,Cash on Delivery
ORD17041,CUST1067,02-07-2024,Indore,PROD180,1,2499,2499,Shipped,Cash on Delivery
ORD17042,CUST2560,25-03-2024,Bhubaneswar,PROD207,3,1299,3897,Returned,Credit Card
ORD17043,CUST4925,08-11-2022,Chennai,PROD148,1,6499,6499,Shipped,PayPal
ORD17044,CUST4140,14-01-2025,Bhubaneswar,PROD118,1,2999,2999,Returned,Credit Card
ORD17045,CUST1853,20-07-2023,Bangalore,PROD218,3,299,897,Shipped,PayPal
ORD17046,CUST1183,29-08-2022,Pune,PROD185,2,1499,2998,Cancelled,PayPal
ORD17047,CUST1060,23-04-2025,Hyderabad,PROD195,1,4499,4499,Delivered,PayPal
ORD17048,CUST4053,15-12-2024,Hyderabad,PROD106,1,5999,5999,Cancelled,Credit Card
ORD17049,CUST2302,29-11-2023,Surat,PROD168,3,1299,3897,Delivered,Cash on Delivery
ORD17050,CUST5132,23-06-2024,Hyderabad,PROD193,2,1499,2998,Shipped,Cash on Delivery
ORD17051,CUST3322,17-10-2023,Lucknow,PROD197,1,5999,5999,Delivered,Credit Card
ORD17052,CUST3149,28-12-2023,Chennai,PROD203,2,1999,3998,Delivered,PayPal
ORD17053,CUST1019,15-11-2022,Delhi,PROD205,2,399,798,Shipped,PayPal
ORD17054,CUST1978,30-08-2023,Gurgaon,PROD177,2,1599,3198,Returned,Credit Card
ORD17055,CUST2867,26-07-2024,Ahmedabad,PROD198,1,6999,6999,Pending,Credit Card
ORD17056,CUST1289,04-01-2023,Delhi,PROD176,1,3499,3499,Cancelled,Cash on Delivery
ORD17057,CUST3993,12-07-2024,Bangalore,PROD174,2,899,1798,Delivered,Credit Card
ORD17058,CUST2659,10-02-2024,Patna,PROD116,1,3499,3499,Cancelled,Cash on Delivery
ORD17059,CUST5230,11-07-2025,Hyderabad,PROD144,1,58499,58499,Delivered,PayPal
ORD17060,CUST1241,09-04-2023,Mumbai,PROD181,2,1299,2598,Shipped,Cash on Delivery
ORD17061,CUST2775,28-10-2022,Hyderabad,PROD140,1,69999,69999,Shipped,Credit Card
ORD17062,CUST2508,07-10-2023,Bangalore,PROD160,1,5999,5999,Returned,PayPal
ORD17063,CUST3053,03-02-2023,Chennai,PROD172,1,3999,3999,Cancelled,Cash on Delivery
ORD17064,CUST5161,10-01-2025,Surat,PROD111,3,1899,5697,Pending,Cash on Delivery
ORD17065,CUST3189,10-06-2023,Bangalore,PROD188,3,499,1497,Pending,Credit Card
ORD17066,CUST1078,31-03-2024,Kochi,PROD117,1,2299,2299,Pending,PayPal
ORD17067,CUST2505,13-10-2022,Lucknow,PROD189,3,899,2697,Shipped,PayPal
ORD17068,CUST1407,04-05-2023,Mumbai,PROD163,1,4999,4999,Pending,Cash on Delivery
ORD17069,CUST1165,13-01-2023,Mumbai,PROD106,1,5999,5999,Cancelled,Cash on Delivery
ORD17070,CUST2120,11-08-2023,Hyderabad,PROD180,1,2499,2499,Cancelled,Cash on Delivery
ORD17071,CUST3746,24-11-2024,Delhi,PROD134,2,450,900,Pending,Credit Card
ORD17072,CUST2183,12-12-2023,Bangalore,PROD219,3,799,2397,Pending,Credit Card
ORD17073,CUST4859,06-11-2024,Kolkata,PROD213,2,1999,3998,Pending,Credit Card
ORD17074,CUST4698,23-06-2024,Noida,PROD175,3,1499,4497,Delivered,Cash on Delivery
ORD17075,CUST2973,18-12-2023,Bhubaneswar,PROD148,1,6499,6499,Cancelled,PayPal
ORD17076,CUST2587,02-01-2024,Kolkata,PROD187,1,4999,4999,Shipped,Credit Card
ORD17077,CUST1049,21-08-2025,Patna,PROD123,3,449,1347,Returned,Cash on Delivery
ORD17078,CUST2870,16-12-2024,Hyderabad,PROD157,1,14999,14999,Cancelled,Cash on Delivery
ORD17079,CUST1229,27-05-2024,Kolkata,PROD198,1,6999,6999,Cancelled,PayPal
ORD17080,CUST4433,05-09-2022,Delhi,PROD115,1,2499,2499,Pending,Credit Card
ORD17081,CUST4922,13-11-2023,Kolkata,PROD107,3,1299,3897,Cancelled,Credit Card
ORD17082,CUST3879,18-02-2023,Visakhapatnam,PROD155,1,34999,34999,Returned,Credit Card
ORD17083,CUST3457,31-10-2023,Mumbai,PROD173,3,1299,3897,Pending,Credit Card
ORD17084,CUST4086,08-09-2022,Pune,PROD102,2,1799,3598,Returned,Cash on Delivery
ORD17085,CUST1182,21-03-2025,Delhi,PROD200,1,2499,2499,Shipped,Cash on Delivery
ORD17086,CUST4314,17-01-2025,Noida,PROD130,3,599,1797,Shipped,PayPal
ORD17087,CUST3429,03-12-2023,Indore,PROD105,1,2499,2499,Delivered,Cash on Delivery
ORD17088,CUST5185,27-03-2025,Gurgaon,PROD180,1,2499,2499,Shipped,Cash on Delivery
ORD17089,CUST1409,26-02-2023,Jaipur,PROD131,3,499,1497,Cancelled,PayPal
ORD17090,CUST3269,27-09-2023,Noida,PROD133,2,299,598,Pending,PayPal
ORD17091,CUST4083,09-09-2023,Mumbai,PROD191,2,1999,3998,Cancelled,Cash on Delivery
ORD17092,CUST3661,22-01-2025,Pune,PROD106,1,5999,5999,Pending,Credit Card
ORD17093,CUST3401,02-11-2024,Mumbai,PROD197,1,5999,5999,Returned,PayPal
ORD17094,CUST1285,20-08-2023,Bhubaneswar,PROD179,3,1799,5397,Shipped,Credit Card
ORD17095,CUST5083,22-03-2024,Hyderabad,PROD113,2,1499,2998,Returned,Credit Card
ORD17096,CUST3476,09-01-2023,Mumbai,PROD161,3,1499,4497,Shipped,Cash on Delivery
ORD17097,CUST1776,05-09-2022,Noida,PROD176,1,3499,3499,Cancelled,Credit Card
ORD17098,CUST3603,09-11-2024,Mumbai,PROD192,1,4999,4999,Pending,Cash on Delivery
ORD17099,CUST2638,10-12-2024,Mumbai,PROD184,1,2999,2999,Shipped,Cash on Delivery
ORD17100,CUST2842,03-11-2024,Bangalore,PROD189,3,899,2697,Returned,Credit Card
ORD17101,CUST2234,19-05-2023,Bhubaneswar,PROD156,1,29990,29990,Returned,Cash on Delivery
ORD17102,CUST4275,03-11-2023,Mumbai,PROD158,1,8995,8995,Pending,PayPal
ORD17103,CUST4205,26-10-2022,Pune,PROD177,3,1599,4797,Pending,Cash on Delivery
ORD17104,CUST2022,14-12-2022,Ahmedabad,PROD114,3,1999,5997,Delivered,Credit Card
ORD17105,CUST3164,21-09-2023,Bangalore,PROD162,1,3299,3299,Pending,PayPal
ORD17106,CUST1968,26-10-2024,Patna,PROD179,3,1799,5397,Pending,Cash on Delivery
ORD17107,CUST3302,21-01-2023,Indore,PROD189,2,899,1798,Returned,Credit Card
ORD17108,CUST3668,28-01-2025,Pune,PROD206,3,699,2097,Returned,Cash on Delivery
ORD17109,CUST4124,27-08-2023,Bangalore,PROD121,2,499,998,Delivered,Cash on Delivery
ORD17110,CUST4050,02-05-2024,Pune,PROD133,2,299,598,Returned,PayPal
ORD17111,CUST1959,08-08-2023,Nagpur,PROD140,1,69999,69999,Delivered,Cash on Delivery
ORD17112,CUST3308,26-04-2024,Mumbai,PROD170,1,2499,2499,Shipped,Cash on Delivery
ORD17113,CUST2878,25-12-2023,Jaipur,PROD208,3,899,2697,Pending,PayPal
ORD17114,CUST2579,02-07-2023,Kochi,PROD154,1,71990,71990,Delivered,PayPal
ORD17115,CUST1740,12-04-2024,Jaipur,PROD189,3,899,2697,Returned,PayPal
ORD17116,CUST2318,06-11-2024,Surat,PROD200,1,2499,2499,Shipped,Cash on Delivery
ORD17117,CUST4389,21-08-2023,Pune,PROD113,3,1499,4497,Delivered,Cash on Delivery
ORD17118,CUST2399,07-03-2023,Kolkata,PROD189,3,899,2697,Pending,Cash on Delivery
ORD17119,CUST2534,08-04-2023,Kolkata,PROD153,1,62990,62990,Delivered,Credit Card
ORD17120,CUST4169,30-11-2023,Jaipur,PROD151,1,49999,49999,Delivered,PayPal
ORD17121,CUST3738,03-03-2025,Delhi,PROD102,2,1799,3598,Shipped,PayPal
ORD17122,CUST2867,05-12-2024,Chennai,PROD176,1,3499,3499,Returned,Cash on Delivery
ORD17123,CUST3675,18-02-2024,Kolkata,PROD186,1,3499,3499,Shipped,PayPal
ORD17124,CUST3244,28-08-2023,Delhi,PROD107,3,1299,3897,Pending,Cash on Delivery
ORD17125,CUST2182,31-01-2023,Chennai,PROD122,2,399,798,Delivered,Cash on Delivery
ORD17126,CUST3710,07-05-2023,Hyderabad,PROD119,3,1799,5397,Shipped,Cash on Delivery
ORD17127,CUST4180,09-04-2024,Kolkata,PROD140,1,69999,69999,Returned,PayPal
ORD17128,CUST2582,16-09-2023,Kolkata,PROD122,2,399,798,Returned,Credit Card
ORD17129,CUST2772,30-06-2023,Kolkata,PROD148,1,6499,6499,Returned,PayPal
ORD17130,CUST3257,21-06-2025,Chennai,PROD213,2,1999,3998,Delivered,Cash on Delivery
ORD17131,CUST1653,13-04-2025,Delhi,PROD190,1,2499,2499,Delivered,PayPal
ORD17132,CUST3552,12-02-2024,Bhubaneswar,PROD158,1,8995,8995,Cancelled,Cash on Delivery
ORD17133,CUST3482,23-03-2024,Surat,PROD165,3,1799,5397,Delivered,Credit Card
ORD17134,CUST1165,24-07-2025,Chennai,PROD193,2,1499,2998,Delivered,Cash on Delivery
ORD17135,CUST3008,22-04-2023,Ahmedabad,PROD117,1,2299,2299,Pending,Cash on Delivery
ORD17136,CUST4785,02-02-2024,Kolkata,PROD110,1,2999,2999,Delivered,Credit Card
ORD17137,CUST3115,15-07-2025,Bangalore,PROD172,1,3999,3999,Returned,PayPal
ORD17138,CUST3442,29-05-2024,Bhubaneswar,PROD132,2,399,798,Shipped,PayPal
ORD17139,CUST2168,20-03-2025,Chennai,PROD153,1,62990,62990,Returned,Cash on Delivery
ORD17140,CUST4432,02-06-2025,Kochi,PROD213,3,1999,5997,Shipped,Credit Card
ORD17141,CUST3718,17-04-2024,Bangalore,PROD115,1,2499,2499,Delivered,Cash on Delivery
ORD17142,CUST4353,27-11-2023,Noida,PROD186,1,3499,3499,Shipped,Cash on Delivery
ORD17143,CUST3898,29-08-2024,Jaipur,PROD121,2,499,998,Returned,PayPal
ORD17144,CUST1162,03-10-2023,Bangalore,PROD124,2,699,1398,Cancelled,Cash on Delivery
ORD17145,CUST1999,06-07-2025,Delhi,PROD104,1,4499,4499,Shipped,Credit Card
ORD17146,CUST4716,19-08-2025,Jaipur,PROD154,1,71990,71990,Pending,Credit Card
ORD17147,CUST2173,09-08-2023,Chennai,PROD170,1,2499,2499,Delivered,PayPal
ORD17148,CUST3310,31-07-2025,Chennai,PROD124,2,699,1398,Shipped,PayPal
ORD17149,CUST4681,28-03-2023,Delhi,PROD110,1,2999,2999,Returned,Cash on Delivery
ORD17150,CUST4711,08-03-2023,Nagpur,PROD157,1,14999,14999,Shipped,Cash on Delivery
ORD17151,CUST3419,14-01-2025,Gurgaon,PROD142,1,59999,59999,Pending,Cash on Delivery
ORD17152,CUST4906,31-05-2024,Mumbai,PROD177,3,1599,4797,Pending,PayPal
ORD17153,CUST1470,27-07-2024,Pune,PROD148,1,6499,6499,Cancelled,Cash on Delivery
ORD17154,CUST2103,24-04-2025,Pune,PROD149,2,1499,2998,Shipped,Cash on Delivery
ORD17155,CUST4358,30-04-2023,Pune,PROD113,2,1499,2998,Cancelled,Credit Card
ORD17156,CUST2165,03-12-2023,Hyderabad,PROD142,1,59999,59999,Shipped,Cash on Delivery
ORD17157,CUST2767,09-03-2025,Bangalore,PROD215,3,1799,5397,Cancelled,Cash on Delivery
ORD17158,CUST3592,08-07-2023,Bangalore,PROD110,1,2999,2999,Delivered,Credit Card
ORD17159,CUST2923,07-06-2023,Kolkata,PROD187,1,4999,4999,Pending,Cash on Delivery
ORD17160,CUST2807,01-11-2022,Jaipur,PROD157,1,14999,14999,Pending,PayPal
ORD17161,CUST2508,28-08-2022,Pune,PROD156,1,29990,29990,Delivered,PayPal
ORD17162,CUST1606,30-09-2024,Ahmedabad,PROD143,1,89999,89999,Cancelled,Cash on Delivery
ORD17163,CUST1327,24-08-2024,Delhi,PROD108,3,1499,4497,Delivered,Credit Card
ORD17164,CUST5250,25-01-2024,Kolkata,PROD149,3,1499,4497,Pending,Credit Card
ORD17165,CUST4030,16-03-2024,Chennai,PROD197,1,5999,5999,Shipped,PayPal
ORD17166,CUST3137,05-10-2022,Kolkata,PROD133,2,299,598,Cancelled,Cash on Delivery
ORD17167,CUST4527,08-08-2023,Mumbai,PROD160,1,5999,5999,Shipped,PayPal
ORD17168,CUST5179,08-06-2024,Mumbai,PROD198,1,6999,6999,Shipped,PayPal
ORD17169,CUST2121,02-11-2024,Chennai,PROD111,2,1899,3798,Pending,Cash on Delivery
ORD17170,CUST2769,18-11-2022,Chandigarh,PROD124,3,699,2097,Cancelled,Credit Card
ORD17171,CUST4569,07-05-2023,Chennai,PROD128,2,799,1598,Pending,Cash on Delivery
ORD17172,CUST5174,19-05-2023,Chandigarh,PROD217,3,999,2997,Shipped,PayPal
ORD17173,CUST4364,13-07-2023,Chandigarh,PROD218,3,299,897,Cancelled,Credit Card
ORD17174,CUST3491,10-10-2022,Hyderabad,PROD212,1,5499,5499,Returned,Cash on Delivery
ORD17175,CUST1834,30-03-2023,Kolkata,PROD186,1,3499,3499,Delivered,PayPal
ORD17176,CUST3625,16-04-2024,Bangalore,PROD164,3,1199,3597,Pending,PayPal
ORD17177,CUST5188,02-08-2023,Mumbai,PROD201,2,799,1598,Returned,Cash on Delivery
ORD17178,CUST1164,05-03-2024,Bangalore,PROD197,1,5999,5999,Shipped,Cash on Delivery
ORD17179,CUST1064,15-02-2024,Hyderabad,PROD177,2,1599,3198,Shipped,Cash on Delivery
ORD17180,CUST4050,03-11-2023,Indore,PROD134,3,450,1350,Cancelled,Credit Card
ORD17181,CUST1974,30-03-2023,Chennai,PROD118,1,2999,2999,Pending,Credit Card
ORD17182,CUST1596,20-06-2023,Ahmedabad,PROD210,1,2499,2499,Delivered,PayPal
ORD17183,CUST4970,18-02-2024,Indore,PROD201,3,799,2397,Pending,Cash on Delivery
ORD17184,CUST4170,13-11-2024,Hyderabad,PROD107,3,1299,3897,Delivered,Cash on Delivery
ORD17185,CUST1725,21-10-2024,Mumbai,PROD159,1,4499,4499,Pending,Cash on Delivery
ORD17186,CUST2503,25-02-2023,Jaipur,PROD213,3,1999,5997,Delivered,Credit Card
ORD17187,CUST1174,05-06-2023,Kolkata,PROD158,1,8995,8995,Pending,Credit Card
ORD17188,CUST3825,06-10-2024,Surat,PROD161,2,1499,2998,Returned,Credit Card
ORD17189,CUST1321,12-08-2023,Chennai,PROD129,2,349,698,Shipped,Cash on Delivery
ORD17190,CUST3828,26-12-2022,Chennai,PROD194,3,999,2997,Pending,PayPal
ORD17191,CUST5064,19-03-2023,Noida,PROD215,3,1799,5397,Pending,Cash on Delivery
ORD17192,CUST3102,26-08-2024,Bangalore,PROD213,2,1999,3998,Cancelled,Cash on Delivery
ORD17193,CUST5303,03-02-2024,Nagpur,PROD103,1,2999,2999,Pending,PayPal
ORD17194,CUST5032,02-12-2023,Jaipur,PROD128,2,799,1598,Pending,Cash on Delivery
ORD17195,CUST4214,03-06-2024,Chennai,PROD124,2,699,1398,Shipped,PayPal
ORD17196,CUST1876,01-04-2023,Indore,PROD188,3,499,1497,Delivered,PayPal
ORD17197,CUST3264,01-04-2024,Ahmedabad,PROD187,1,4999,4999,Pending,Cash on Delivery
ORD17198,CUST1198,12-04-2025,Kolkata,PROD195,1,4499,4499,Delivered,PayPal
ORD17199,CUST2541,26-08-2023,Bangalore,PROD210,1,2499,2499,Cancelled,Credit Card
ORD17200,CUST4891,18-11-2024,Mumbai,PROD117,1,2299,2299,Returned,PayPal
ORD17201,CUST1375,15-05-2025,Kochi,PROD122,2,399,798,Returned,Credit Card
ORD17202,CUST5175,04-03-2023,Nagpur,PROD195,1,4499,4499,Returned,PayPal
ORD17203,CUST4948,24-12-2023,Kochi,PROD215,2,1799,3598,Returned,Cash on Delivery
ORD17204,CUST1439,24-03-2025,Chandigarh,PROD204,1,2299,2299,Delivered,Credit Card
ORD17205,CUST4879,12-06-2024,Bangalore,PROD212,1,5499,5499,Shipped,PayPal
ORD17206,CUST1156,05-08-2023,Bhubaneswar,PROD128,3,799,2397,Cancelled,Credit Card
ORD17207,CUST1467,18-09-2024,Nagpur,PROD202,3,1499,4497,Delivered,Cash on Delivery
ORD17208,CUST4504,20-10-2022,Noida,PROD195,1,4499,4499,Cancelled,Cash on Delivery
ORD17209,CUST2953,09-03-2024,Jaipur,PROD148,1,6499,6499,Pending,Cash on Delivery
ORD17210,CUST2811,03-07-2024,Delhi,PROD204,1,2299,2299,Cancelled,Credit Card
ORD17211,CUST1202,11-08-2023,Mumbai,PROD205,2,399,798,Pending,PayPal
ORD17212,CUST3627,13-03-2024,Mumbai,PROD163,1,4999,4999,Returned,Cash on Delivery
ORD17213,CUST2420,04-12-2022,Chandigarh,PROD153,1,62990,62990,Shipped,Credit Card
ORD17214,CUST3200,02-01-2023,Mumbai,PROD127,3,899,2697,Returned,Cash on Delivery
ORD17215,CUST2423,17-07-2024,Bangalore,PROD149,2,1499,2998,Delivered,PayPal
ORD17216,CUST2787,03-10-2023,Jaipur,PROD139,3,499,1497,Cancelled,Credit Card
ORD17217,CUST3282,09-08-2024,Noida,PROD115,1,2499,2499,Pending,PayPal
ORD17218,CUST4660,06-08-2023,Chennai,PROD110,1,2999,2999,Returned,Credit Card
ORD17219,CUST4431,05-07-2024,Chennai,PROD135,2,350,700,Shipped,PayPal
ORD17220,CUST3497,07-03-2024,Chandigarh,PROD176,1,3499,3499,Shipped,Cash on Delivery
ORD17221,CUST3061,04-10-2024,Noida,PROD206,2,699,1398,Pending,PayPal
ORD17222,CUST2867,23-10-2022,Kochi,PROD189,3,899,2697,Cancelled,PayPal
ORD17223,CUST3195,22-01-2024,Mumbai,PROD122,2,399,798,Cancelled,Cash on Delivery
ORD17224,CUST4304,28-09-2024,Kolkata,PROD129,2,349,698,Returned,Credit Card
ORD17225,CUST5176,16-05-2025,Kochi,PROD188,2,499,998,Pending,Cash on Delivery
ORD17226,CUST5203,23-02-2025,Visakhapatnam,PROD193,3,1499,4497,Shipped,Credit Card
ORD17227,CUST3098,23-01-2025,Indore,PROD133,3,299,897,Delivered,PayPal
ORD17228,CUST1181,01-12-2024,Nagpur,PROD153,1,62990,62990,Delivered,Cash on Delivery
ORD17229,CUST4469,30-03-2023,Mumbai,PROD130,2,599,1198,Delivered,PayPal
ORD17230,CUST4901,12-12-2024,Mumbai,PROD164,3,1199,3597,Returned,PayPal
ORD17231,CUST2766,28-05-2024,Chennai,PROD103,1,2999,2999,Cancelled,Credit Card
ORD17232,CUST5155,02-05-2023,Jaipur,PROD160,1,5999,5999,Returned,PayPal
ORD17233,CUST1610,15-05-2023,Hyderabad,PROD164,3,1199,3597,Cancelled,Cash on Delivery
ORD17234,CUST1080,20-05-2025,Chennai,PROD124,2,699,1398,Cancelled,Cash on Delivery
ORD17235,CUST3357,19-06-2023,Delhi,PROD117,1,2299,2299,Pending,Cash on Delivery
ORD17236,CUST2124,23-07-2024,Pune,PROD135,3,350,1050,Pending,Cash on Delivery
ORD17237,CUST4184,04-05-2025,Chandigarh,PROD124,3,699,2097,Returned,PayPal
ORD17238,CUST3776,12-06-2023,Chennai,PROD181,3,1299,3897,Pending,PayPal
ORD17239,CUST1920,23-09-2022,Mumbai,PROD128,2,799,1598,Cancelled,Cash on Delivery
ORD17240,CUST4697,08-09-2023,Mumbai,PROD125,2,549,1098,Cancelled,PayPal
ORD17241,CUST1405,22-02-2025,Chennai,PROD210,1,2499,2499,Returned,PayPal
ORD17242,CUST2094,13-08-2024,Mumbai,PROD219,3,799,2397,Returned,Cash on Delivery
ORD17243,CUST2148,20-01-2025,Nagpur,PROD114,2,1999,3998,Shipped,Credit Card
ORD17244,CUST3037,10-04-2023,Chennai,PROD118,1,2999,2999,Cancelled,PayPal
ORD17245,CUST3864,06-04-2024,Chennai,PROD119,3,1799,5397,Shipped,Credit Card
ORD17246,CUST3179,26-08-2024,Kolkata,PROD183,3,999,2997,Cancelled,Credit Card
ORD17247,CUST1124,01-03-2025,Hyderabad,PROD200,1,2499,2499,Delivered,PayPal
ORD17248,CUST4506,01-05-2023,Hyderabad,PROD148,1,6499,6499,Delivered,Cash on Delivery
ORD17249,CUST3862,17-03-2025,Bangalore,PROD127,3,899,2697,Delivered,PayPal
ORD17250,CUST4381,15-02-2023,Surat,PROD133,3,299,897,Delivered,Credit Card
ORD17251,CUST5260,05-10-2024,Kochi,PROD111,3,1899,5697,Cancelled,Cash on Delivery
ORD17252,CUST4457,24-03-2024,Ahmedabad,PROD166,1,9499,9499,Returned,Credit Card
ORD17253,CUST4554,17-05-2023,Chennai,PROD109,1,2399,2399,Returned,Cash on Delivery
ORD17254,CUST3152,08-08-2025,Hyderabad,PROD122,3,399,1197,Shipped,Cash on Delivery
ORD17255,CUST5307,28-08-2022,Pune,PROD167,1,3499,3499,Cancelled,Credit Card
ORD17256,CUST2867,02-05-2025,Hyderabad,PROD195,1,4499,4499,Delivered,Credit Card
ORD17257,CUST3617,01-08-2024,Jaipur,PROD114,2,1999,3998,Cancelled,PayPal
ORD17258,CUST1436,04-06-2025,Delhi,PROD112,3,1699,5097,Delivered,Cash on Delivery
ORD17259,CUST4738,09-01-2025,Hyderabad,PROD192,1,4999,4999,Pending,PayPal
ORD17260,CUST3579,05-01-2025,Gurgaon,PROD109,1,2399,2399,Delivered,Credit Card
ORD17261,CUST2330,02-06-2025,Pune,PROD125,2,549,1098,Pending,Credit Card
ORD17262,CUST4545,27-05-2024,Delhi,PROD112,3,1699,5097,Returned,Cash on Delivery
ORD17263,CUST1154,27-07-2025,Bangalore,PROD170,1,2499,2499,Shipped,Credit Card
ORD17264,CUST1127,18-07-2023,Delhi,PROD129,2,349,698,Pending,Credit Card
ORD17265,CUST1949,15-03-2023,Patna,PROD160,1,5999,5999,Shipped,Credit Card
ORD17266,CUST4672,27-04-2023,Mumbai,PROD204,1,2299,2299,Shipped,PayPal
ORD17267,CUST1736,04-09-2023,Kolkata,PROD190,1,2499,2499,Delivered,Credit Card
ORD17268,CUST1887,16-03-2023,Hyderabad,PROD196,3,899,2697,Cancelled,Cash on Delivery
ORD17269,CUST2311,03-07-2023,Chennai,PROD154,1,71990,71990,Shipped,PayPal
ORD17270,CUST1908,27-04-2023,Bangalore,PROD161,2,1499,2998,Delivered,PayPal
ORD17271,CUST2976,09-08-2025,Chennai,PROD106,1,5999,5999,Cancelled,Credit Card
ORD17272,CUST4948,11-12-2024,Bangalore,PROD127,3,899,2697,Cancelled,Credit Card
ORD17273,CUST4039,06-02-2024,Hyderabad,PROD213,2,1999,3998,Returned,PayPal
ORD17274,CUST2737,16-06-2023,Bangalore,PROD111,2,1899,3798,Cancelled,Cash on Delivery
ORD17275,CUST2334,27-01-2023,Mumbai,PROD104,1,4499,4499,Pending,PayPal
ORD17276,CUST3735,02-05-2025,Delhi,PROD155,1,34999,34999,Delivered,PayPal
ORD17277,CUST1506,23-05-2025,Visakhapatnam,PROD138,2,799,1598,Shipped,PayPal
ORD17278,CUST2165,13-07-2024,Chennai,PROD140,1,69999,69999,Cancelled,Cash on Delivery
ORD17279,CUST4470,05-02-2023,Delhi,PROD184,1,2999,2999,Delivered,Credit Card
ORD17280,CUST1829,16-01-2025,Visakhapatnam,PROD189,3,899,2697,Shipped,Credit Card
ORD17281,CUST3311,18-05-2024,Nagpur,PROD129,3,349,1047,Shipped,PayPal
ORD17282,CUST1818,01-02-2024,Kolkata,PROD183,3,999,2997,Cancelled,PayPal
ORD17283,CUST3271,13-10-2022,Chennai,PROD166,1,9499,9499,Cancelled,Credit Card
ORD17284,CUST4475,28-10-2024,Delhi,PROD203,3,1999,5997,Delivered,PayPal
ORD17285,CUST4806,15-02-2023,Hyderabad,PROD187,1,4999,4999,Pending,Credit Card
ORD17286,CUST2150,07-03-2023,Nagpur,PROD174,2,899,1798,Pending,PayPal
ORD17287,CUST4444,04-07-2023,Mumbai,PROD185,2,1499,2998,Delivered,PayPal
ORD17288,CUST3860,11-01-2025,Hyderabad,PROD179,3,1799,5397,Returned,Cash on Delivery
ORD17289,CUST1928,30-06-2024,Jaipur,PROD156,1,29990,29990,Returned,PayPal
ORD17290,CUST3881,22-11-2024,Pune,PROD177,3,1599,4797,Shipped,Credit Card
ORD17291,CUST2199,14-11-2022,Delhi,PROD169,3,1899,5697,Cancelled,PayPal
ORD17292,CUST3199,20-02-2025,Mumbai,PROD138,2,799,1598,Cancelled,Cash on Delivery
ORD17293,CUST3048,17-05-2024,Delhi,PROD210,1,2499,2499,Returned,PayPal
ORD17294,CUST2559,12-01-2025,Chennai,PROD201,3,799,2397,Shipped,Credit Card
ORD17295,CUST2356,08-11-2024,Jaipur,PROD189,2,899,1798,Cancelled,Credit Card
ORD17296,CUST2998,27-06-2024,Mumbai,PROD174,3,899,2697,Returned,Credit Card
ORD17297,CUST2615,07-02-2025,Pune,PROD195,1,4499,4499,Cancelled,Credit Card
ORD17298,CUST1217,17-09-2022,Surat,PROD191,3,1999,5997,Cancelled,PayPal
ORD17299,CUST3124,15-09-2024,Delhi,PROD145,1,62990,62990,Delivered,Cash on Delivery
ORD17300,CUST5039,10-01-2024,Delhi,PROD193,3,1499,4497,Delivered,Cash on Delivery
ORD17301,CUST3091,28-11-2023,Delhi,PROD188,3,499,1497,Returned,Credit Card
ORD17302,CUST4984,21-09-2024,Chennai,PROD206,2,699,1398,Shipped,Cash on Delivery
ORD17303,CUST5087,22-05-2024,Pune,PROD107,3,1299,3897,Delivered,Cash on Delivery
ORD17304,CUST3645,13-06-2023,Chennai,PROD203,2,1999,3998,Returned,Cash on Delivery
ORD17305,CUST4699,12-11-2023,Chandigarh,PROD180,1,2499,2499,Shipped,Cash on Delivery
ORD17306,CUST4218,23-01-2023,Noida,PROD155,1,34999,34999,Returned,Credit Card
ORD17307,CUST1306,01-02-2025,Kolkata,PROD195,1,4499,4499,Returned,PayPal
ORD17308,CUST2887,05-09-2024,Noida,PROD181,3,1299,3897,Delivered,Cash on Delivery
ORD17309,CUST3269,07-04-2025,Indore,PROD119,2,1799,3598,Shipped,Cash on Delivery
ORD17310,CUST4006,24-07-2023,Indore,PROD100,1,2799,2799,Shipped,PayPal
ORD17311,CUST3866,16-11-2024,Kolkata,PROD161,3,1499,4497,Cancelled,Credit Card
ORD17312,CUST4601,03-10-2024,Bhubaneswar,PROD188,2,499,998,Shipped,Credit Card
ORD17313,CUST1112,22-10-2023,Chennai,PROD219,2,799,1598,Pending,Cash on Delivery
ORD17314,CUST1753,29-06-2023,Patna,PROD166,1,9499,9499,Delivered,PayPal
ORD17315,CUST4115,15-08-2025,Chandigarh,PROD165,3,1799,5397,Pending,PayPal
ORD17316,CUST2867,09-01-2025,Pune,PROD135,2,350,700,Delivered,Credit Card
ORD17317,CUST1930,19-06-2024,Delhi,PROD188,2,499,998,Returned,Cash on Delivery
ORD17318,CUST1487,21-07-2023,Bangalore,PROD137,2,599,1198,Returned,Credit Card
ORD17319,CUST2347,04-01-2023,Patna,PROD105,1,2499,2499,Returned,PayPal
ORD17320,CUST2123,01-03-2023,Pune,PROD114,2,1999,3998,Returned,Credit Card
ORD17321,CUST1950,01-05-2023,Indore,PROD143,1,89999,89999,Pending,Credit Card
ORD17322,CUST1959,18-02-2023,Visakhapatnam,PROD185,2,1499,2998,Cancelled,Cash on Delivery
ORD17323,CUST2666,15-12-2023,Chennai,PROD169,2,1899,3798,Cancelled,Cash on Delivery
ORD17324,CUST4829,28-03-2024,Lucknow,PROD117,1,2299,2299,Returned,Credit Card
ORD17325,CUST4466,24-12-2022,Chennai,PROD134,3,450,1350,Delivered,Cash on Delivery
ORD17326,CUST1538,08-08-2023,Chennai,PROD117,1,2299,2299,Returned,Cash on Delivery
ORD17327,CUST3632,26-04-2024,Noida,PROD124,2,699,1398,Pending,Credit Card
ORD17328,CUST4060,22-11-2022,Chandigarh,PROD138,3,799,2397,Shipped,PayPal
ORD17329,CUST4832,16-05-2023,Delhi,PROD119,2,1799,3598,Shipped,Cash on Delivery
ORD17330,CUST1628,11-10-2023,Delhi,PROD172,1,3999,3999,Shipped,Credit Card
ORD17331,CUST2817,28-08-2024,Pune,PROD191,3,1999,5997,Delivered,Credit Card
ORD17332,CUST4393,20-11-2022,Kolkata,PROD193,3,1499,4497,Returned,Credit Card
ORD17333,CUST4641,20-03-2025,Noida,PROD215,3,1799,5397,Returned,PayPal
ORD17334,CUST2908,27-04-2024,Hyderabad,PROD150,1,42999,42999,Delivered,PayPal
ORD17335,CUST1232,24-08-2024,Bangalore,PROD148,1,6499,6499,Cancelled,PayPal
ORD17336,CUST2902,29-09-2022,Chennai,PROD178,2,1299,2598,Shipped,PayPal
ORD17337,CUST1835,15-05-2023,Visakhapatnam,PROD181,2,1299,2598,Pending,PayPal
ORD17338,CUST3903,26-12-2022,Chennai,PROD108,3,1499,4497,Delivered,Cash on Delivery
ORD17339,CUST3285,04-01-2024,Hyderabad,PROD200,1,2499,2499,Shipped,PayPal
ORD17340,CUST1748,02-01-2023,Delhi,PROD112,2,1699,3398,Shipped,Cash on Delivery
ORD17341,CUST5030,01-12-2024,Ahmedabad,PROD173,3,1299,3897,Delivered,PayPal
ORD17342,CUST1295,27-04-2023,Bangalore,PROD137,3,599,1797,Shipped,Cash on Delivery
ORD17343,CUST4308,08-03-2024,Mumbai,PROD153,1,62990,62990,Shipped,PayPal
ORD17344,CUST1444,07-09-2023,Jaipur,PROD119,2,1799,3598,Returned,Credit Card
ORD17345,CUST1580,16-05-2025,Delhi,PROD163,1,4999,4999,Returned,Cash on Delivery
ORD17346,CUST1915,29-03-2025,Bangalore,PROD110,1,2999,2999,Delivered,Cash on Delivery
ORD17347,CUST2374,15-12-2024,Pune,PROD108,2,1499,2998,Pending,Cash on Delivery
ORD17348,CUST4892,15-04-2023,Chennai,PROD206,2,699,1398,Pending,PayPal
ORD17349,CUST2649,14-07-2025,Hyderabad,PROD133,3,299,897,Cancelled,Credit Card
ORD17350,CUST1249,16-04-2023,Kolkata,PROD169,3,1899,5697,Cancelled,Credit Card
ORD17351,CUST4055,08-12-2022,Nagpur,PROD115,1,2499,2499,Shipped,Credit Card
ORD17352,CUST1760,15-04-2024,Hyderabad,PROD129,2,349,698,Shipped,Cash on Delivery
ORD17353,CUST5018,02-03-2025,Kolkata,PROD141,1,64999,64999,Cancelled,Credit Card
ORD17354,CUST3829,29-01-2025,Kochi,PROD212,1,5499,5499,Delivered,Cash on Delivery
ORD17355,CUST2426,05-08-2023,Hyderabad,PROD122,2,399,798,Shipped,Credit Card
ORD17356,CUST4838,24-02-2023,Delhi,PROD110,1,2999,2999,Pending,PayPal
ORD17357,CUST2196,08-01-2025,Delhi,PROD140,1,69999,69999,Shipped,Cash on Delivery
ORD17358,CUST2810,08-04-2023,Mumbai,PROD189,2,899,1798,Cancelled,Credit Card
ORD17359,CUST5164,24-01-2025,Pune,PROD111,2,1899,3798,Pending,Credit Card
ORD17360,CUST2048,12-10-2022,Mumbai,PROD190,1,2499,2499,Cancelled,Credit Card
ORD17361,CUST2929,27-05-2023,Kochi,PROD115,1,2499,2499,Delivered,Credit Card
ORD17362,CUST4388,21-10-2024,Bangalore,PROD123,3,449,1347,Delivered,PayPal
ORD17363,CUST2548,21-02-2025,Kolkata,PROD153,1,62990,62990,Pending,Cash on Delivery
ORD17364,CUST4751,27-07-2025,Delhi,PROD157,1,14999,14999,Shipped,PayPal
ORD17365,CUST4630,04-07-2025,Visakhapatnam,PROD196,2,899,1798,Pending,Credit Card
ORD17366,CUST4629,25-03-2024,Pune,PROD168,3,1299,3897,Delivered,Cash on Delivery
ORD17367,CUST2712,21-04-2023,Pune,PROD215,3,1799,5397,Pending,PayPal
ORD17368,CUST4337,14-03-2025,Bangalore,PROD122,3,399,1197,Pending,Credit Card
ORD17369,CUST3022,27-05-2023,Delhi,PROD214,2,499,998,Cancelled,Cash on Delivery
ORD17370,CUST1191,31-10-2024,Lucknow,PROD219,2,799,1598,Pending,Credit Card
ORD17371,CUST2209,18-08-2024,Ahmedabad,PROD177,2,1599,3198,Returned,PayPal
ORD17372,CUST5041,31-10-2022,Bangalore,PROD188,3,499,1497,Cancelled,PayPal
ORD17373,CUST1568,15-11-2024,Mumbai,PROD143,1,89999,89999,Cancelled,Credit Card
ORD17374,CUST2216,08-10-2024,Ahmedabad,PROD165,2,1799,3598,Pending,PayPal
ORD17375,CUST1632,08-06-2023,Mumbai,PROD104,1,4499,4499,Cancelled,Cash on Delivery
ORD17376,CUST1083,30-03-2024,Ahmedabad,PROD207,3,1299,3897,Pending,PayPal
ORD17377,CUST3987,19-03-2025,Jaipur,PROD149,2,1499,2998,Pending,Cash on Delivery
ORD17378,CUST1198,27-07-2023,Hyderabad,PROD212,1,5499,5499,Cancelled,Credit Card
ORD17379,CUST1726,17-08-2023,Chennai,PROD161,3,1499,4497,Delivered,Cash on Delivery
ORD17380,CUST1962,09-03-2025,Chennai,PROD105,1,2499,2499,Shipped,PayPal
ORD17381,CUST1562,24-03-2023,Noida,PROD135,2,350,700,Delivered,Credit Card
ORD17382,CUST5178,04-07-2024,Delhi,PROD158,1,8995,8995,Delivered,Credit Card
ORD17383,CUST4236,02-06-2024,Pune,PROD120,3,599,1797,Shipped,PayPal
ORD17384,CUST1983,23-01-2023,Lucknow,PROD161,2,1499,2998,Pending,PayPal
ORD17385,CUST4555,15-03-2023,Mumbai,PROD219,3,799,2397,Delivered,Credit Card
ORD17386,CUST2026,16-01-2023,Nagpur,PROD191,3,1999,5997,Shipped,PayPal
ORD17387,CUST3388,30-12-2024,Jaipur,PROD150,1,42999,42999,Cancelled,Credit Card
ORD17388,CUST1126,02-02-2024,Pune,PROD219,3,799,2397,Returned,PayPal
ORD17389,CUST1630,11-01-2025,Delhi,PROD128,2,799,1598,Cancelled,Cash on Delivery
ORD17390,CUST4597,22-10-2023,Pune,PROD158,1,8995,8995,Pending,Credit Card
ORD17391,CUST1956,15-11-2023,Hyderabad,PROD200,1,2499,2499,Cancelled,Cash on Delivery
ORD17392,CUST1013,13-08-2024,Pune,PROD206,2,699,1398,Delivered,Cash on Delivery
ORD17393,CUST1269,23-09-2022,Bangalore,PROD165,2,1799,3598,Pending,Cash on Delivery
ORD17394,CUST1093,13-03-2024,Kochi,PROD173,2,1299,2598,Cancelled,Credit Card
ORD17395,CUST1315,18-04-2024,Chennai,PROD201,2,799,1598,Returned,Cash on Delivery
ORD17396,CUST5114,25-05-2023,Bangalore,PROD123,3,449,1347,Returned,Cash on Delivery
ORD17397,CUST3834,26-11-2024,Hyderabad,PROD210,1,2499,2499,Delivered,PayPal
ORD17398,CUST1052,17-04-2025,Noida,PROD216,1,2299,2299,Delivered,PayPal
ORD17399,CUST1571,20-05-2023,Gurgaon,PROD104,1,4499,4499,Shipped,Credit Card
ORD17400,CUST1416,23-03-2023,Pune,PROD117,1,2299,2299,Delivered,Cash on Delivery
ORD17401,CUST4845,17-05-2023,Visakhapatnam,PROD160,1,5999,5999,Returned,Cash on Delivery
ORD17402,CUST4913,30-10-2024,Lucknow,PROD191,3,1999,5997,Returned,Cash on Delivery
ORD17403,CUST1107,19-04-2023,Mumbai,PROD111,3,1899,5697,Pending,PayPal
ORD17404,CUST1089,14-03-2024,Chennai,PROD140,1,69999,69999,Delivered,Cash on Delivery
ORD17405,CUST2529,28-07-2025,Bhubaneswar,PROD138,3,799,2397,Returned,Credit Card
ORD17406,CUST3549,01-06-2024,Bangalore,PROD200,1,2499,2499,Delivered,Cash on Delivery
ORD17407,CUST2687,12-01-2023,Chennai,PROD209,3,1799,5397,Pending,Credit Card
ORD17408,CUST5101,18-06-2025,Ahmedabad,PROD165,2,1799,3598,Returned,Cash on Delivery
ORD17409,CUST1599,22-05-2025,Visakhapatnam,PROD120,3,599,1797,Shipped,Cash on Delivery
ORD17410,CUST3120,22-03-2023,Noida,PROD165,3,1799,5397,Returned,Credit Card
ORD17411,CUST3762,27-03-2023,Kolkata,PROD216,1,2299,2299,Shipped,Cash on Delivery
ORD17412,CUST3921,13-05-2024,Pune,PROD113,3,1499,4497,Pending,PayPal
ORD17413,CUST3414,17-02-2025,Chennai,PROD143,1,89999,89999,Shipped,Cash on Delivery
ORD17414,CUST4954,06-03-2025,Kochi,PROD118,1,2999,2999,Returned,PayPal
ORD17415,CUST4162,30-11-2024,Bangalore,PROD141,1,64999,64999,Delivered,Cash on Delivery
ORD17416,CUST4698,19-12-2022,Mumbai,PROD168,3,1299,3897,Returned,Credit Card
ORD17417,CUST1179,28-09-2022,Nagpur,PROD180,1,2499,2499,Returned,Credit Card
ORD17418,CUST3806,27-01-2025,Pune,PROD107,2,1299,2598,Pending,Credit Card
ORD17419,CUST3570,25-08-2022,Kolkata,PROD176,1,3499,3499,Delivered,PayPal
ORD17420,CUST3101,15-12-2024,Mumbai,PROD183,3,999,2997,Delivered,Cash on Delivery
ORD17421,CUST1672,29-11-2022,Pune,PROD218,2,299,598,Delivered,Cash on Delivery
ORD17422,CUST2682,18-11-2022,Pune,PROD162,1,3299,3299,Cancelled,Cash on Delivery
ORD17423,CUST4644,26-03-2023,Delhi,PROD179,2,1799,3598,Returned,Cash on Delivery
ORD17424,CUST4457,30-07-2025,Hyderabad,PROD176,1,3499,3499,Pending,Credit Card
ORD17425,CUST4332,24-05-2025,Delhi,PROD217,3,999,2997,Delivered,Cash on Delivery
ORD17426,CUST1063,06-11-2022,Ahmedabad,PROD121,2,499,998,Returned,Cash on Delivery
ORD17427,CUST4494,27-01-2025,Pune,PROD209,2,1799,3598,Cancelled,PayPal
ORD17428,CUST4276,05-11-2022,Kochi,PROD165,2,1799,3598,Cancelled,Credit Card
ORD17429,CUST2155,06-03-2025,Jaipur,PROD158,1,8995,8995,Returned,Credit Card
ORD17430,CUST4955,11-08-2023,Hyderabad,PROD210,1,2499,2499,Pending,Cash on Delivery
ORD17431,CUST1333,18-04-2025,Bangalore,PROD141,1,64999,64999,Cancelled,Cash on Delivery
ORD17432,CUST2804,25-11-2023,Hyderabad,PROD138,3,799,2397,Delivered,PayPal
ORD17433,CUST1370,11-03-2023,Indore,PROD183,3,999,2997,Delivered,Cash on Delivery
ORD17434,CUST2867,15-06-2024,Delhi,PROD190,1,2499,2499,Shipped,PayPal
ORD17435,CUST1764,31-12-2024,Bangalore,PROD102,2,1799,3598,Pending,Cash on Delivery
ORD17436,CUST1248,23-06-2023,Gurgaon,PROD137,2,599,1198,Pending,Credit Card
ORD17437,CUST4040,09-08-2023,Jaipur,PROD124,3,699,2097,Cancelled,Credit Card
ORD17438,CUST5172,27-02-2023,Bhubaneswar,PROD145,1,62990,62990,Returned,PayPal
ORD17439,CUST4820,04-04-2023,Delhi,PROD200,1,2499,2499,Delivered,PayPal
ORD17440,CUST2686,29-09-2024,Jaipur,PROD202,2,1499,2998,Returned,Cash on Delivery
ORD17441,CUST3073,27-09-2024,Chennai,PROD141,1,64999,64999,Pending,PayPal
ORD17442,CUST3198,01-07-2024,Chennai,PROD148,1,6499,6499,Returned,PayPal
ORD17443,CUST1561,09-08-2023,Pune,PROD154,1,71990,71990,Delivered,Cash on Delivery
ORD17444,CUST2707,21-08-2024,Kolkata,PROD193,2,1499,2998,Cancelled,Cash on Delivery
ORD17445,CUST5027,25-06-2023,Visakhapatnam,PROD216,1,2299,2299,Shipped,Cash on Delivery
ORD17446,CUST1459,19-02-2025,Delhi,PROD207,3,1299,3897,Cancelled,PayPal
ORD17447,CUST1614,16-08-2023,Hyderabad,PROD149,3,1499,4497,Pending,PayPal
ORD17448,CUST4475,25-07-2024,Mumbai,PROD188,2,499,998,Delivered,PayPal
ORD17449,CUST1508,28-02-2023,Mumbai,PROD168,2,1299,2598,Returned,Credit Card
ORD17450,CUST3540,01-12-2023,Delhi,PROD177,3,1599,4797,Shipped,Credit Card
ORD17451,CUST3836,18-11-2023,Bangalore,PROD130,2,599,1198,Delivered,PayPal
ORD17452,CUST3464,08-12-2022,Chennai,PROD187,1,4999,4999,Pending,PayPal
ORD17453,CUST3872,30-10-2024,Kochi,PROD105,1,2499,2499,Delivered,Credit Card
ORD17454,CUST2272,15-06-2025,Hyderabad,PROD160,1,5999,5999,Delivered,PayPal
ORD17455,CUST4035,21-07-2024,Mumbai,PROD181,2,1299,2598,Shipped,PayPal
ORD17456,CUST4752,07-05-2025,Hyderabad,PROD142,1,59999,59999,Shipped,Credit Card
ORD17457,CUST4669,30-03-2024,Hyderabad,PROD191,3,1999,5997,Returned,Credit Card
ORD17458,CUST3352,24-02-2024,Pune,PROD150,1,42999,42999,Pending,Credit Card
ORD17459,CUST2064,21-12-2024,Hyderabad,PROD158,1,8995,8995,Shipped,Cash on Delivery
ORD17460,CUST3545,12-05-2023,Indore,PROD110,1,2999,2999,Pending,Cash on Delivery
ORD17461,CUST5162,07-09-2023,Gurgaon,PROD205,3,399,1197,Shipped,Credit Card
ORD17462,CUST3506,14-02-2023,Hyderabad,PROD173,3,1299,3897,Shipped,Cash on Delivery
ORD17463,CUST2212,06-03-2023,Pune,PROD179,2,1799,3598,Returned,PayPal
ORD17464,CUST3719,14-05-2024,Chandigarh,PROD156,1,29990,29990,Delivered,Cash on Delivery
ORD17465,CUST3287,13-10-2024,Delhi,PROD166,1,9499,9499,Returned,PayPal
ORD17466,CUST1455,16-04-2024,Visakhapatnam,PROD108,3,1499,4497,Pending,PayPal
ORD17467,CUST3961,27-10-2023,Indore,PROD167,1,3499,3499,Shipped,Credit Card
ORD17468,CUST4142,10-11-2022,Chennai,PROD110,1,2999,2999,Shipped,Credit Card
ORD17469,CUST1121,17-03-2023,Surat,PROD135,2,350,700,Pending,Credit Card
ORD17470,CUST3727,18-05-2025,Bangalore,PROD143,1,89999,89999,Shipped,Cash on Delivery
ORD17471,CUST2915,16-03-2023,Chennai,PROD193,2,1499,2998,Pending,Credit Card
ORD17472,CUST2383,17-12-2023,Kolkata,PROD175,3,1499,4497,Pending,Cash on Delivery
ORD17473,CUST4736,25-05-2024,Pune,PROD175,2,1499,2998,Cancelled,Credit Card
ORD17474,CUST4928,12-04-2023,Delhi,PROD121,3,499,1497,Returned,Cash on Delivery
ORD17475,CUST2358,07-02-2023,Kolkata,PROD201,3,799,2397,Cancelled,Credit Card
ORD17476,CUST3539,19-09-2024,Mumbai,PROD192,1,4999,4999,Cancelled,Credit Card
ORD17477,CUST4465,01-09-2022,Nagpur,PROD102,2,1799,3598,Delivered,Cash on Delivery
ORD17478,CUST1828,01-05-2023,Ahmedabad,PROD196,3,899,2697,Delivered,Cash on Delivery
ORD17479,CUST4878,24-10-2023,Surat,PROD196,2,899,1798,Cancelled,Credit Card
ORD17480,CUST3245,23-02-2023,Noida,PROD219,2,799,1598,Cancelled,Credit Card
ORD17481,CUST1375,27-03-2025,Noida,PROD164,2,1199,2398,Shipped,Cash on Delivery
ORD17482,CUST3596,19-04-2023,Patna,PROD108,2,1499,2998,Cancelled,PayPal
ORD17483,CUST5283,08-09-2022,Lucknow,PROD145,1,62990,62990,Delivered,PayPal
ORD17484,CUST2544,17-04-2023,Pune,PROD146,1,34999,34999,Cancelled,Credit Card
ORD17485,CUST1773,15-01-2025,Gurgaon,PROD175,2,1499,2998,Returned,Cash on Delivery
ORD17486,CUST1514,15-08-2025,Delhi,PROD170,1,2499,2499,Delivered,PayPal
ORD17487,CUST2929,01-10-2024,Pune,PROD206,2,699,1398,Pending,Credit Card
ORD17488,CUST2714,19-08-2025,Kolkata,PROD119,2,1799,3598,Shipped,Cash on Delivery
ORD17489,CUST2286,12-11-2024,Indore,PROD213,2,1999,3998,Pending,Cash on Delivery
ORD17490,CUST3184,02-09-2024,Gurgaon,PROD159,1,4499,4499,Returned,Cash on Delivery
ORD17491,CUST2892,20-02-2025,Bangalore,PROD150,1,42999,42999,Returned,Cash on Delivery
ORD17492,CUST1472,22-03-2025,Pune,PROD162,1,3299,3299,Shipped,Cash on Delivery
ORD17493,CUST3439,28-08-2022,Pune,PROD209,3,1799,5397,Pending,PayPal
ORD17494,CUST4650,20-07-2023,Hyderabad,PROD193,2,1499,2998,Delivered,PayPal
ORD17495,CUST1824,16-06-2025,Bangalore,PROD209,2,1799,3598,Returned,PayPal
ORD17496,CUST1888,11-09-2023,Mumbai,PROD102,2,1799,3598,Delivered,PayPal
ORD17497,CUST2512,21-06-2025,Bangalore,PROD183,3,999,2997,Returned,Cash on Delivery
ORD17498,CUST2060,31-05-2024,Chennai,PROD184,1,2999,2999,Shipped,PayPal
ORD17499,CUST4082,04-01-2023,Chennai,PROD192,1,4999,4999,Shipped,Credit Card
ORD17500,CUST2586,12-12-2022,Chennai,PROD190,1,2499,2499,Returned,PayPal
ORD17501,CUST3804,27-01-2023,Kolkata,PROD144,1,58499,58499,Delivered,Cash on Delivery
ORD17502,CUST1599,18-07-2024,Chandigarh,PROD124,2,699,1398,Pending,Credit Card
ORD17503,CUST3807,16-04-2025,Pune,PROD139,2,499,998,Pending,PayPal
ORD17504,CUST3044,30-11-2024,Mumbai,PROD164,2,1199,2398,Pending,PayPal
ORD17505,CUST3757,20-11-2022,Ahmedabad,PROD166,1,9499,9499,Delivered,Credit Card
ORD17506,CUST3570,22-11-2024,Hyderabad,PROD148,1,6499,6499,Pending,Cash on Delivery
ORD17507,CUST4211,13-06-2023,Patna,PROD109,1,2399,2399,Pending,Cash on Delivery
ORD17508,CUST1684,30-01-2024,Bangalore,PROD136,2,499,998,Returned,PayPal
ORD17509,CUST1889,08-06-2024,Kolkata,PROD184,1,2999,2999,Returned,Credit Card
ORD17510,CUST2865,27-02-2024,Bangalore,PROD149,2,1499,2998,Pending,PayPal
ORD17511,CUST4449,25-12-2024,Nagpur,PROD185,2,1499,2998,Shipped,Credit Card
ORD17512,CUST2867,03-10-2022,Mumbai,PROD116,1,3499,3499,Cancelled,Cash on Delivery
ORD17513,CUST2447,07-09-2022,Bangalore,PROD188,3,499,1497,Returned,Cash on Delivery
ORD17514,CUST5247,14-11-2024,Kolkata,PROD168,3,1299,3897,Shipped,PayPal
ORD17515,CUST2127,01-04-2024,Mumbai,PROD175,2,1499,2998,Cancelled,Cash on Delivery
ORD17516,CUST4743,10-09-2024,Kolkata,PROD110,1,2999,2999,Delivered,PayPal
ORD17517,CUST4855,03-02-2025,Delhi,PROD196,2,899,1798,Delivered,Cash on Delivery
ORD17518,CUST2283,04-06-2024,Pune,PROD136,3,499,1497,Pending,Cash on Delivery
ORD17519,CUST3939,01-12-2024,Bangalore,PROD164,3,1199,3597,Cancelled,Cash on Delivery
ORD17520,CUST4459,14-04-2024,Gurgaon,PROD120,3,599,1797,Cancelled,PayPal
ORD17521,CUST3291,11-10-2024,Lucknow,PROD104,1,4499,4499,Cancelled,PayPal
ORD17522,CUST2544,24-09-2024,Kolkata,PROD197,1,5999,5999,Pending,PayPal
ORD17523,CUST5117,17-08-2025,Pune,PROD165,2,1799,3598,Delivered,Cash on Delivery
ORD17524,CUST1766,08-02-2023,Bangalore,PROD145,1,62990,62990,Returned,Credit Card
ORD17525,CUST5002,26-07-2023,Pune,PROD205,2,399,798,Cancelled,Cash on Delivery
ORD17526,CUST1216,29-10-2023,Surat,PROD200,1,2499,2499,Pending,Credit Card
ORD17527,CUST2470,22-08-2025,Bhubaneswar,PROD143,1,89999,89999,Pending,PayPal
ORD17528,CUST3485,27-11-2023,Chennai,PROD176,1,3499,3499,Delivered,Cash on Delivery
ORD17529,CUST2960,20-09-2023,Mumbai,PROD102,2,1799,3598,Shipped,PayPal
ORD17530,CUST1041,29-03-2024,Bangalore,PROD148,1,6499,6499,Shipped,Cash on Delivery
ORD17531,CUST4029,23-06-2023,Mumbai,PROD213,3,1999,5997,Delivered,PayPal
ORD17532,CUST1267,22-03-2025,Mumbai,PROD165,2,1799,3598,Delivered,Credit Card
ORD17533,CUST1611,25-02-2024,Chennai,PROD140,1,69999,69999,Returned,Cash on Delivery
ORD17534,CUST2802,19-09-2024,Lucknow,PROD190,1,2499,2499,Cancelled,Cash on Delivery
ORD17535,CUST4809,23-12-2023,Delhi,PROD122,3,399,1197,Delivered,PayPal
ORD17536,CUST3193,26-05-2025,Kochi,PROD144,1,58499,58499,Pending,PayPal
ORD17537,CUST1978,12-09-2022,Bangalore,PROD122,3,399,1197,Cancelled,PayPal
ORD17538,CUST3281,19-08-2025,Chandigarh,PROD149,3,1499,4497,Delivered,Cash on Delivery
ORD17539,CUST2458,27-11-2022,Patna,PROD212,1,5499,5499,Cancelled,Cash on Delivery
ORD17540,CUST3800,08-03-2024,Nagpur,PROD102,3,1799,5397,Returned,Credit Card
ORD17541,CUST2725,29-12-2022,Kochi,PROD148,1,6499,6499,Returned,PayPal
ORD17542,CUST4253,26-05-2023,Nagpur,PROD132,3,399,1197,Shipped,Credit Card
ORD17543,CUST2155,02-12-2024,Pune,PROD143,1,89999,89999,Shipped,Cash on Delivery
ORD17544,CUST3484,08-11-2023,Gurgaon,PROD182,3,1899,5697,Returned,Credit Card
ORD17545,CUST1641,04-09-2024,Nagpur,PROD148,1,6499,6499,Cancelled,Cash on Delivery
ORD17546,CUST4132,27-09-2023,Chandigarh,PROD129,2,349,698,Delivered,Credit Card
ORD17547,CUST3824,17-09-2022,Pune,PROD140,1,69999,69999,Cancelled,Cash on Delivery
ORD17548,CUST1647,21-03-2025,Gurgaon,PROD129,3,349,1047,Returned,Credit Card
ORD17549,CUST2133,01-08-2024,Pune,PROD196,3,899,2697,Delivered,PayPal
ORD17550,CUST1029,05-02-2023,Bangalore,PROD100,1,2799,2799,Pending,Credit Card
ORD17551,CUST1328,17-02-2024,Chennai,PROD205,2,399,798,Shipped,Cash on Delivery
ORD17552,CUST3494,30-04-2024,Kolkata,PROD161,3,1499,4497,Delivered,Credit Card
ORD17553,CUST2629,04-06-2023,Pune,PROD138,3,799,2397,Returned,Credit Card
ORD17554,CUST1402,31-12-2022,Ahmedabad,PROD107,2,1299,2598,Pending,Cash on Delivery
ORD17555,CUST2794,16-09-2024,Kochi,PROD138,3,799,2397,Returned,Credit Card
ORD17556,CUST4957,30-08-2023,Kolkata,PROD194,2,999,1998,Cancelled,Cash on Delivery
ORD17557,CUST4059,16-01-2024,Chennai,PROD186,1,3499,3499,Pending,Cash on Delivery
ORD17558,CUST2573,01-04-2023,Pune,PROD145,1,62990,62990,Delivered,PayPal
ORD17559,CUST4118,02-04-2024,Hyderabad,PROD214,2,499,998,Cancelled,Cash on Delivery
ORD17560,CUST5206,07-07-2024,Nagpur,PROD180,1,2499,2499,Returned,Credit Card
ORD17561,CUST3639,20-12-2022,Indore,PROD100,1,2799,2799,Delivered,Cash on Delivery
ORD17562,CUST2935,19-01-2025,Gurgaon,PROD146,1,34999,34999,Pending,Cash on Delivery
ORD17563,CUST2373,13-03-2023,Delhi,PROD199,2,1299,2598,Delivered,PayPal
ORD17564,CUST1433,15-06-2025,Mumbai,PROD103,1,2999,2999,Cancelled,Credit Card
ORD17565,CUST4297,10-12-2022,Delhi,PROD146,1,34999,34999,Returned,Credit Card
ORD17566,CUST2344,04-05-2025,Bangalore,PROD212,1,5499,5499,Delivered,Credit Card
ORD17567,CUST3640,05-10-2024,Delhi,PROD152,1,39999,39999,Shipped,Credit Card
ORD17568,CUST3858,19-05-2023,Kolkata,PROD160,1,5999,5999,Delivered,PayPal
ORD17569,CUST3530,06-01-2025,Ahmedabad,PROD104,1,4499,4499,Shipped,Cash on Delivery
ORD17570,CUST2249,23-10-2023,Hyderabad,PROD163,1,4999,4999,Delivered,Credit Card
ORD17571,CUST3255,17-08-2024,Pune,PROD103,1,2999,2999,Cancelled,PayPal
ORD17572,CUST4353,21-07-2025,Hyderabad,PROD202,3,1499,4497,Cancelled,Cash on Delivery
ORD17573,CUST3721,25-07-2023,Kolkata,PROD185,2,1499,2998,Shipped,Credit Card
ORD17574,CUST3679,31-07-2024,Bangalore,PROD204,1,2299,2299,Pending,PayPal
ORD17575,CUST4129,30-10-2023,Bhubaneswar,PROD203,3,1999,5997,Returned,PayPal
ORD17576,CUST2119,01-12-2023,Surat,PROD217,2,999,1998,Returned,PayPal
ORD17577,CUST1235,23-11-2023,Chennai,PROD151,1,49999,49999,Cancelled,Credit Card
ORD17578,CUST3110,04-07-2025,Surat,PROD204,1,2299,2299,Pending,PayPal
ORD17579,CUST2099,16-01-2025,Noida,PROD138,3,799,2397,Delivered,PayPal
ORD17580,CUST3927,03-12-2023,Nagpur,PROD114,2,1999,3998,Shipped,PayPal
ORD17581,CUST2025,26-10-2023,Kolkata,PROD134,2,450,900,Delivered,PayPal
ORD17582,CUST2394,19-09-2024,Kolkata,PROD184,1,2999,2999,Delivered,Cash on Delivery
ORD17583,CUST3085,06-05-2024,Kolkata,PROD180,1,2499,2499,Returned,Credit Card
ORD17584,CUST1012,07-09-2023,Bangalore,PROD169,3,1899,5697,Returned,Cash on Delivery
ORD17585,CUST1362,07-03-2024,Mumbai,PROD150,1,42999,42999,Returned,Cash on Delivery
ORD17586,CUST2275,17-05-2023,Jaipur,PROD179,3,1799,5397,Shipped,Cash on Delivery
ORD17587,CUST4234,28-06-2023,Nagpur,PROD207,2,1299,2598,Pending,Credit Card
ORD17588,CUST2036,24-05-2025,Bhubaneswar,PROD153,1,62990,62990,Cancelled,PayPal
ORD17589,CUST3620,03-07-2023,Surat,PROD187,1,4999,4999,Cancelled,Cash on Delivery
ORD17590,CUST1453,25-11-2024,Chandigarh,PROD147,1,29990,29990,Cancelled,PayPal
ORD17591,CUST1025,23-07-2025,Ahmedabad,PROD192,1,4999,4999,Shipped,Cash on Delivery
ORD17592,CUST2364,28-03-2023,Chennai,PROD123,2,449,898,Cancelled,Cash on Delivery
ORD17593,CUST1494,11-01-2024,Jaipur,PROD125,3,549,1647,Delivered,PayPal
ORD17594,CUST3561,01-10-2023,Hyderabad,PROD198,1,6999,6999,Delivered,Cash on Delivery
ORD17595,CUST1755,14-08-2024,Bangalore,PROD122,2,399,798,Cancelled,Credit Card
ORD17596,CUST2867,30-11-2024,Chennai,PROD186,1,3499,3499,Shipped,Cash on Delivery
ORD17597,CUST1920,22-11-2023,Kochi,PROD115,1,2499,2499,Returned,PayPal
ORD17598,CUST2641,24-10-2022,Visakhapatnam,PROD120,3,599,1797,Returned,PayPal
ORD17599,CUST4781,19-11-2023,Nagpur,PROD127,2,899,1798,Pending,Cash on Delivery
ORD17600,CUST5049,03-03-2025,Mumbai,PROD166,1,9499,9499,Delivered,Cash on Delivery
ORD17601,CUST3881,27-07-2023,Visakhapatnam,PROD120,3,599,1797,Pending,Cash on Delivery
ORD17602,CUST4510,26-01-2025,Pune,PROD178,2,1299,2598,Delivered,Cash on Delivery
ORD17603,CUST4008,26-03-2024,Bhubaneswar,PROD204,1,2299,2299,Delivered,Credit Card
ORD17604,CUST5297,20-08-2025,Pune,PROD114,2,1999,3998,Cancelled,Cash on Delivery
ORD17605,CUST1569,04-03-2025,Pune,PROD109,1,2399,2399,Cancelled,PayPal
ORD17606,CUST2826,15-04-2024,Bangalore,PROD159,1,4499,4499,Pending,Cash on Delivery
ORD17607,CUST4632,07-01-2023,Gurgaon,PROD102,2,1799,3598,Shipped,Cash on Delivery
ORD17608,CUST3925,21-12-2024,Kolkata,PROD191,2,1999,3998,Delivered,PayPal
ORD17609,CUST3658,25-11-2024,Kolkata,PROD187,1,4999,4999,Shipped,PayPal
ORD17610,CUST1725,28-06-2025,Jaipur,PROD201,3,799,2397,Shipped,PayPal
ORD17611,CUST2908,13-03-2024,Hyderabad,PROD195,1,4499,4499,Pending,Cash on Delivery
ORD17612,CUST5081,23-01-2023,Kolkata,PROD163,1,4999,4999,Cancelled,Cash on Delivery
ORD17613,CUST1313,12-05-2024,Bangalore,PROD190,1,2499,2499,Delivered,Cash on Delivery
ORD17614,CUST1616,11-02-2025,Hyderabad,PROD204,1,2299,2299,Pending,Credit Card
ORD17615,CUST1440,03-04-2025,Pune,PROD154,1,71990,71990,Returned,Cash on Delivery
ORD17616,CUST4130,25-02-2025,Indore,PROD195,1,4499,4499,Shipped,Credit Card
ORD17617,CUST3497,07-05-2025,Noida,PROD217,2,999,1998,Pending,PayPal
ORD17618,CUST2662,23-07-2023,Chennai,PROD188,2,499,998,Delivered,PayPal
ORD17619,CUST4729,19-08-2024,Bhubaneswar,PROD149,3,1499,4497,Delivered,PayPal
ORD17620,CUST2019,20-09-2023,Hyderabad,PROD213,3,1999,5997,Shipped,Credit Card
ORD17621,CUST4776,01-04-2023,Noida,PROD149,2,1499,2998,Pending,Cash on Delivery
ORD17622,CUST1549,12-02-2025,Kolkata,PROD119,2,1799,3598,Delivered,PayPal
ORD17623,CUST4710,04-08-2023,Pune,PROD112,2,1699,3398,Cancelled,Cash on Delivery
ORD17624,CUST1144,13-06-2023,Noida,PROD197,1,5999,5999,Returned,PayPal
ORD17625,CUST3987,25-05-2024,Mumbai,PROD192,1,4999,4999,Returned,Credit Card
ORD17626,CUST2238,03-09-2023,Bangalore,PROD128,3,799,2397,Cancelled,Cash on Delivery
ORD17627,CUST3613,20-05-2025,Visakhapatnam,PROD208,3,899,2697,Shipped,Cash on Delivery
ORD17628,CUST2522,19-05-2023,Kochi,PROD204,1,2299,2299,Returned,Cash on Delivery
ORD17629,CUST1563,25-10-2023,Chennai,PROD146,1,34999,34999,Delivered,Cash on Delivery
ORD17630,CUST1806,19-02-2023,Delhi,PROD184,1,2999,2999,Returned,PayPal
ORD17631,CUST3046,27-06-2024,Bangalore,PROD208,3,899,2697,Pending,PayPal
ORD17632,CUST1867,23-12-2022,Kochi,PROD130,3,599,1797,Cancelled,Credit Card
ORD17633,CUST1397,30-06-2023,Kolkata,PROD165,2,1799,3598,Shipped,Credit Card
ORD17634,CUST4502,04-04-2023,Nagpur,PROD207,3,1299,3897,Cancelled,Cash on Delivery
ORD17635,CUST4561,10-04-2024,Bangalore,PROD209,2,1799,3598,Cancelled,Credit Card
ORD17636,CUST4103,02-08-2025,Pune,PROD104,1,4499,4499,Pending,PayPal
ORD17637,CUST4648,09-09-2022,Chandigarh,PROD208,3,899,2697,Pending,Credit Card
ORD17638,CUST3443,16-09-2023,Kolkata,PROD202,2,1499,2998,Cancelled,PayPal
ORD17639,CUST1422,12-05-2024,Pune,PROD170,1,2499,2499,Returned,PayPal
ORD17640,CUST2988,12-02-2024,Lucknow,PROD128,2,799,1598,Delivered,Credit Card
ORD17641,CUST5098,10-03-2024,Pune,PROD168,3,1299,3897,Cancelled,Cash on Delivery
ORD17642,CUST1830,17-10-2023,Delhi,PROD149,3,1499,4497,Returned,Cash on Delivery
ORD17643,CUST4481,02-12-2022,Delhi,PROD145,1,62990,62990,Delivered,Credit Card
ORD17644,CUST1847,23-09-2023,Bhubaneswar,PROD139,2,499,998,Pending,Credit Card
ORD17645,CUST1777,27-04-2025,Hyderabad,PROD207,3,1299,3897,Shipped,Cash on Delivery
ORD17646,CUST1195,13-05-2024,Jaipur,PROD168,3,1299,3897,Delivered,Cash on Delivery
ORD17647,CUST5129,20-05-2024,Pune,PROD136,3,499,1497,Pending,Credit Card
ORD17648,CUST3946,05-07-2023,Bangalore,PROD139,2,499,998,Shipped,Credit Card
ORD17649,CUST3255,10-02-2025,Lucknow,PROD152,1,39999,39999,Shipped,PayPal
ORD17650,CUST4421,29-11-2023,Surat,PROD193,2,1499,2998,Shipped,Credit Card
ORD17651,CUST1406,23-02-2025,Bangalore,PROD181,2,1299,2598,Pending,Cash on Delivery
ORD17652,CUST1615,18-09-2024,Chennai,PROD144,1,58499,58499,Cancelled,Credit Card
ORD17653,CUST3812,31-07-2023,Lucknow,PROD212,1,5499,5499,Shipped,Cash on Delivery
ORD17654,CUST4305,13-02-2025,Mumbai,PROD170,1,2499,2499,Shipped,Credit Card
ORD17655,CUST3985,17-12-2023,Noida,PROD127,2,899,1798,Shipped,Credit Card
ORD17656,CUST3622,02-06-2025,Kolkata,PROD145,1,62990,62990,Pending,Cash on Delivery
ORD17657,CUST1526,27-09-2023,Kolkata,PROD216,1,2299,2299,Shipped,Credit Card
ORD17658,CUST5039,08-04-2025,Pune,PROD205,3,399,1197,Shipped,Credit Card
ORD17659,CUST2198,25-06-2023,Bhubaneswar,PROD150,1,42999,42999,Delivered,Cash on Delivery
ORD17660,CUST3470,18-09-2022,Mumbai,PROD212,1,5499,5499,Delivered,Credit Card
ORD17661,CUST1732,28-07-2024,Visakhapatnam,PROD213,2,1999,3998,Cancelled,PayPal
ORD17662,CUST5108,03-08-2024,Surat,PROD166,1,9499,9499,Shipped,PayPal
ORD17663,CUST1298,26-08-2023,Chennai,PROD203,3,1999,5997,Shipped,Credit Card
ORD17664,CUST2098,25-10-2022,Pune,PROD189,3,899,2697,Shipped,PayPal
ORD17665,CUST2152,23-09-2022,Noida,PROD127,2,899,1798,Returned,PayPal
ORD17666,CUST1285,12-02-2025,Delhi,PROD178,2,1299,2598,Delivered,PayPal
ORD17667,CUST1874,10-07-2025,Hyderabad,PROD116,1,3499,3499,Returned,Cash on Delivery
ORD17668,CUST4209,01-10-2023,Pune,PROD173,2,1299,2598,Shipped,Cash on Delivery
ORD17669,CUST3406,30-11-2024,Bhubaneswar,PROD168,3,1299,3897,Pending,PayPal
ORD17670,CUST1469,01-04-2025,Mumbai,PROD140,1,69999,69999,Returned,Credit Card
ORD17671,CUST2271,05-11-2022,Hyderabad,PROD118,1,2999,2999,Returned,PayPal
ORD17672,CUST4289,09-08-2025,Bangalore,PROD207,2,1299,2598,Cancelled,PayPal
ORD17673,CUST3048,12-06-2025,Kolkata,PROD196,2,899,1798,Pending,Credit Card
ORD17674,CUST2918,08-03-2024,Lucknow,PROD169,3,1899,5697,Delivered,PayPal
ORD17675,CUST4636,16-05-2024,Bangalore,PROD205,3,399,1197,Shipped,Credit Card
ORD17676,CUST3860,13-02-2025,Pune,PROD191,2,1999,3998,Shipped,Credit Card
ORD17677,CUST1807,20-12-2022,Kochi,PROD129,2,349,698,Delivered,Credit Card
ORD17678,CUST3182,21-09-2022,Pune,PROD192,1,4999,4999,Shipped,Credit Card
ORD17679,CUST2941,08-04-2023,Bangalore,PROD135,2,350,700,Shipped,Cash on Delivery
ORD17680,CUST1528,29-08-2022,Kolkata,PROD169,3,1899,5697,Delivered,Cash on Delivery
ORD17681,CUST3595,26-10-2023,Chennai,PROD119,3,1799,5397,Returned,Credit Card
ORD17682,CUST4952,04-08-2023,Delhi,PROD175,3,1499,4497,Shipped,Cash on Delivery
ORD17683,CUST2982,07-12-2022,Patna,PROD139,3,499,1497,Pending,Cash on Delivery
ORD17684,CUST4603,28-09-2023,Kolkata,PROD187,1,4999,4999,Returned,Cash on Delivery
ORD17685,CUST4883,30-06-2025,Chandigarh,PROD208,3,899,2697,Pending,Cash on Delivery
ORD17686,CUST3485,11-12-2024,Lucknow,PROD138,3,799,2397,Pending,Credit Card
ORD17687,CUST4451,03-11-2024,Nagpur,PROD140,1,69999,69999,Shipped,Cash on Delivery
ORD17688,CUST1278,18-08-2024,Delhi,PROD201,3,799,2397,Cancelled,PayPal
ORD17689,CUST4200,03-09-2022,Delhi,PROD201,2,799,1598,Shipped,Cash on Delivery
ORD17690,CUST5129,09-07-2024,Chennai,PROD106,1,5999,5999,Cancelled,PayPal
ORD17691,CUST4637,13-09-2024,Pune,PROD120,2,599,1198,Pending,Cash on Delivery
ORD17692,CUST2097,10-05-2023,Kolkata,PROD102,2,1799,3598,Delivered,Cash on Delivery
ORD17693,CUST2895,24-08-2023,Chennai,PROD148,1,6499,6499,Returned,Cash on Delivery
ORD17694,CUST2945,12-04-2025,Kolkata,PROD164,2,1199,2398,Cancelled,PayPal
ORD17695,CUST1861,08-02-2024,Delhi,PROD112,3,1699,5097,Shipped,Cash on Delivery
ORD17696,CUST2136,17-05-2025,Patna,PROD211,3,1799,5397,Cancelled,Cash on Delivery
ORD17697,CUST2685,04-12-2024,Chandigarh,PROD159,1,4499,4499,Pending,Credit Card
ORD17698,CUST2446,01-06-2024,Pune,PROD155,1,34999,34999,Cancelled,Cash on Delivery
ORD17699,CUST3448,28-12-2022,Kolkata,PROD175,2,1499,2998,Cancelled,PayPal
ORD17700,CUST3136,23-07-2025,Noida,PROD136,3,499,1497,Delivered,Cash on Delivery
ORD17701,CUST4382,14-09-2024,Bangalore,PROD114,2,1999,3998,Delivered,Credit Card
ORD17702,CUST1008,05-03-2023,Mumbai,PROD125,2,549,1098,Cancelled,Credit Card
ORD17703,CUST4669,26-10-2022,Chennai,PROD161,2,1499,2998,Shipped,PayPal
ORD17704,CUST3304,29-01-2024,Mumbai,PROD100,1,2799,2799,Pending,Cash on Delivery
ORD17705,CUST1161,11-10-2024,Kolkata,PROD182,3,1899,5697,Returned,Cash on Delivery
ORD17706,CUST3507,10-04-2025,Mumbai,PROD117,1,2299,2299,Delivered,PayPal
ORD17707,CUST1959,24-10-2024,Visakhapatnam,PROD178,2,1299,2598,Delivered,Credit Card
ORD17708,CUST3271,17-05-2023,Bhubaneswar,PROD182,3,1899,5697,Shipped,Credit Card
ORD17709,CUST3156,20-04-2023,Kolkata,PROD203,3,1999,5997,Cancelled,Credit Card
ORD17710,CUST3274,07-01-2023,Mumbai,PROD114,3,1999,5997,Delivered,Credit Card
ORD17711,CUST1871,05-02-2025,Lucknow,PROD101,1,6499,6499,Cancelled,PayPal
ORD17712,CUST2271,31-01-2024,Mumbai,PROD208,2,899,1798,Shipped,Credit Card
ORD17713,CUST4112,17-06-2025,Pune,PROD163,1,4999,4999,Shipped,Credit Card
ORD17714,CUST2437,13-04-2025,Pune,PROD144,1,58499,58499,Shipped,Credit Card
ORD17715,CUST5180,14-02-2025,Indore,PROD170,1,2499,2499,Cancelled,Cash on Delivery
ORD17716,CUST5230,13-03-2024,Mumbai,PROD120,3,599,1797,Returned,PayPal
ORD17717,CUST2867,10-09-2023,Chandigarh,PROD141,1,64999,64999,Pending,PayPal
ORD17718,CUST4014,24-12-2024,Bangalore,PROD183,3,999,2997,Returned,Cash on Delivery
ORD17719,CUST1659,20-09-2023,Bhubaneswar,PROD100,1,2799,2799,Shipped,Cash on Delivery
ORD17720,CUST3336,01-06-2024,Mumbai,PROD133,2,299,598,Cancelled,PayPal
ORD17721,CUST4014,21-09-2023,Kolkata,PROD166,1,9499,9499,Returned,Cash on Delivery
ORD17722,CUST1576,27-09-2022,Nagpur,PROD164,3,1199,3597,Shipped,Credit Card
ORD17723,CUST4304,04-05-2024,Chennai,PROD125,3,549,1647,Shipped,Cash on Delivery
ORD17724,CUST4297,04-03-2024,Pune,PROD144,1,58499,58499,Returned,PayPal
ORD17725,CUST4205,09-02-2023,Gurgaon,PROD156,1,29990,29990,Delivered,Cash on Delivery
ORD17726,CUST4349,27-10-2024,Bangalore,PROD190,1,2499,2499,Returned,Cash on Delivery
ORD17727,CUST1178,27-05-2024,Chandigarh,PROD171,1,6999,6999,Shipped,Cash on Delivery
ORD17728,CUST3679,06-03-2024,Hyderabad,PROD166,1,9499,9499,Returned,PayPal
ORD17729,CUST1788,26-09-2024,Nagpur,PROD116,1,3499,3499,Delivered,PayPal
ORD17730,CUST2999,07-01-2025,Delhi,PROD202,2,1499,2998,Returned,Cash on Delivery
ORD17731,CUST4698,12-08-2024,Ahmedabad,PROD168,2,1299,2598,Pending,Credit Card
ORD17732,CUST5130,12-10-2022,Mumbai,PROD157,1,14999,14999,Pending,Credit Card
ORD17733,CUST2964,19-03-2025,Mumbai,PROD183,3,999,2997,Shipped,Credit Card
ORD17734,CUST1677,29-11-2022,Jaipur,PROD165,2,1799,3598,Pending,Credit Card
ORD17735,CUST4927,09-03-2024,Hyderabad,PROD108,2,1499,2998,Delivered,PayPal
ORD17736,CUST4138,09-04-2024,Noida,PROD167,1,3499,3499,Pending,PayPal
ORD17737,CUST2218,25-12-2022,Delhi,PROD185,3,1499,4497,Pending,Credit Card
ORD17738,CUST4804,05-06-2023,Chennai,PROD163,1,4999,4999,Cancelled,PayPal
ORD17739,CUST2832,05-08-2023,Jaipur,PROD181,2,1299,2598,Shipped,PayPal
ORD17740,CUST1033,10-03-2024,Surat,PROD136,2,499,998,Cancelled,PayPal
ORD17741,CUST4903,30-11-2023,Hyderabad,PROD195,1,4499,4499,Delivered,Cash on Delivery
ORD17742,CUST4034,16-02-2024,Mumbai,PROD148,1,6499,6499,Returned,PayPal
ORD17743,CUST1385,20-01-2024,Chennai,PROD204,1,2299,2299,Shipped,Cash on Delivery
ORD17744,CUST3856,10-05-2023,Bangalore,PROD131,3,499,1497,Pending,Credit Card
ORD17745,CUST3550,31-07-2023,Delhi,PROD125,3,549,1647,Returned,Cash on Delivery
ORD17746,CUST2626,16-03-2024,Hyderabad,PROD204,1,2299,2299,Cancelled,PayPal
ORD17747,CUST3740,26-05-2023,Ahmedabad,PROD163,1,4999,4999,Shipped,Credit Card
ORD17748,CUST5038,10-08-2025,Bhubaneswar,PROD124,2,699,1398,Cancelled,Credit Card
ORD17749,CUST3227,28-05-2023,Delhi,PROD200,1,2499,2499,Shipped,PayPal
ORD17750,CUST3369,22-04-2025,Kochi,PROD205,3,399,1197,Returned,Cash on Delivery
ORD17751,CUST3656,03-02-2023,Chandigarh,PROD133,2,299,598,Pending,Credit Card
ORD17752,CUST4701,15-05-2025,Hyderabad,PROD209,2,1799,3598,Delivered,PayPal
ORD17753,CUST2803,04-08-2025,Indore,PROD168,2,1299,2598,Cancelled,PayPal
ORD17754,CUST4297,22-04-2024,Bangalore,PROD203,3,1999,5997,Cancelled,Cash on Delivery
ORD17755,CUST2555,22-04-2023,Chennai,PROD168,2,1299,2598,Delivered,PayPal
ORD17756,CUST2344,12-06-2023,Mumbai,PROD208,3,899,2697,Shipped,PayPal
ORD17757,CUST5054,09-06-2025,Mumbai,PROD214,3,499,1497,Delivered,PayPal
ORD17758,CUST3721,20-08-2024,Ahmedabad,PROD173,2,1299,2598,Pending,Cash on Delivery
ORD17759,CUST4153,12-10-2023,Jaipur,PROD181,2,1299,2598,Cancelled,PayPal
ORD17760,CUST3384,05-12-2022,Mumbai,PROD128,2,799,1598,Cancelled,PayPal
ORD17761,CUST4971,13-01-2023,Bhubaneswar,PROD113,3,1499,4497,Returned,PayPal
ORD17762,CUST2054,28-01-2023,Mumbai,PROD156,1,29990,29990,Cancelled,Cash on Delivery
ORD17763,CUST4536,17-12-2022,Bhubaneswar,PROD152,1,39999,39999,Returned,Credit Card
ORD17764,CUST2027,08-09-2023,Delhi,PROD205,2,399,798,Pending,Cash on Delivery
ORD17765,CUST4396,16-06-2023,Gurgaon,PROD123,3,449,1347,Pending,PayPal
ORD17766,CUST4604,28-02-2023,Pune,PROD129,3,349,1047,Pending,Cash on Delivery
ORD17767,CUST3369,11-12-2024,Visakhapatnam,PROD132,2,399,798,Shipped,PayPal
ORD17768,CUST3462,23-06-2024,Bhubaneswar,PROD179,2,1799,3598,Delivered,PayPal
ORD17769,CUST3115,22-05-2025,Mumbai,PROD213,3,1999,5997,Delivered,Cash on Delivery
ORD17770,CUST3929,22-09-2022,Delhi,PROD178,2,1299,2598,Returned,PayPal
ORD17771,CUST3442,13-11-2024,Pune,PROD137,3,599,1797,Delivered,Cash on Delivery
ORD17772,CUST4810,02-03-2023,Pune,PROD162,1,3299,3299,Returned,PayPal
ORD17773,CUST2847,14-06-2023,Mumbai,PROD136,2,499,998,Cancelled,Credit Card
ORD17774,CUST4638,25-09-2024,Lucknow,PROD107,2,1299,2598,Cancelled,Cash on Delivery
ORD17775,CUST1383,01-04-2025,Lucknow,PROD202,3,1499,4497,Pending,Cash on Delivery
ORD17776,CUST2141,29-09-2024,Chennai,PROD181,3,1299,3897,Pending,Credit Card
ORD17777,CUST3598,16-04-2023,Jaipur,PROD160,1,5999,5999,Pending,PayPal
ORD17778,CUST2622,25-08-2023,Hyderabad,PROD167,1,3499,3499,Cancelled,Cash on Delivery
ORD17779,CUST4958,16-06-2025,Hyderabad,PROD211,2,1799,3598,Returned,Credit Card
ORD17780,CUST4530,13-12-2022,Hyderabad,PROD141,1,64999,64999,Delivered,Cash on Delivery
ORD17781,CUST1197,31-01-2024,Bangalore,PROD211,3,1799,5397,Returned,Credit Card
ORD17782,CUST2562,11-05-2025,Kolkata,PROD216,1,2299,2299,Pending,Cash on Delivery
ORD17783,CUST2081,17-03-2023,Mumbai,PROD109,1,2399,2399,Returned,Cash on Delivery
ORD17784,CUST4614,17-08-2025,Visakhapatnam,PROD151,1,49999,49999,Shipped,Cash on Delivery
ORD17785,CUST2861,14-01-2024,Hyderabad,PROD162,1,3299,3299,Shipped,Credit Card
ORD17786,CUST3178,20-04-2023,Pune,PROD173,3,1299,3897,Cancelled,Credit Card
ORD17787,CUST1016,29-05-2023,Kochi,PROD191,3,1999,5997,Pending,Cash on Delivery
ORD17788,CUST4392,15-01-2025,Kolkata,PROD132,3,399,1197,Pending,PayPal
ORD17789,CUST4013,03-07-2023,Hyderabad,PROD186,1,3499,3499,Pending,PayPal
ORD17790,CUST2358,23-12-2024,Ahmedabad,PROD166,1,9499,9499,Returned,PayPal
ORD17791,CUST5154,23-10-2024,Pune,PROD117,1,2299,2299,Cancelled,PayPal
ORD17792,CUST3768,21-12-2023,Surat,PROD167,1,3499,3499,Shipped,Cash on Delivery
ORD17793,CUST2365,20-01-2024,Noida,PROD190,1,2499,2499,Delivered,Credit Card
ORD17794,CUST1335,08-06-2025,Kolkata,PROD105,1,2499,2499,Cancelled,Cash on Delivery
ORD17795,CUST4143,30-01-2025,Chennai,PROD192,1,4999,4999,Shipped,PayPal
ORD17796,CUST2324,05-12-2022,Bhubaneswar,PROD154,1,71990,71990,Delivered,Cash on Delivery
ORD17797,CUST1373,13-11-2022,Gurgaon,PROD146,1,34999,34999,Shipped,Cash on Delivery
ORD17798,CUST5242,11-08-2024,Chennai,PROD158,1,8995,8995,Pending,Credit Card
ORD17799,CUST3161,31-07-2025,Kochi,PROD215,3,1799,5397,Pending,Cash on Delivery
ORD17800,CUST5058,05-06-2023,Pune,PROD118,1,2999,2999,Returned,Credit Card
ORD17801,CUST4600,09-08-2025,Kolkata,PROD164,2,1199,2398,Cancelled,Cash on Delivery
ORD17802,CUST1937,08-05-2025,Visakhapatnam,PROD188,3,499,1497,Pending,PayPal
ORD17803,CUST4126,22-04-2024,Jaipur,PROD138,3,799,2397,Pending,Cash on Delivery
ORD17804,CUST3525,15-07-2025,Kochi,PROD210,1,2499,2499,Shipped,Credit Card
ORD17805,CUST4103,01-05-2023,Chennai,PROD185,2,1499,2998,Returned,Credit Card
ORD17806,CUST1263,19-04-2023,Hyderabad,PROD155,1,34999,34999,Pending,PayPal
ORD17807,CUST1239,19-05-2024,Bangalore,PROD165,2,1799,3598,Cancelled,PayPal
ORD17808,CUST4997,05-04-2025,Pune,PROD138,2,799,1598,Shipped,Cash on Delivery
ORD17809,CUST1900,20-02-2023,Pune,PROD183,2,999,1998,Returned,Cash on Delivery
ORD17810,CUST3919,13-05-2024,Chennai,PROD107,3,1299,3897,Pending,PayPal
ORD17811,CUST1703,13-03-2023,Mumbai,PROD138,2,799,1598,Delivered,PayPal
ORD17812,CUST1888,23-06-2025,Delhi,PROD112,2,1699,3398,Delivered,Credit Card
ORD17813,CUST4070,12-09-2023,Bangalore,PROD124,3,699,2097,Delivered,Cash on Delivery
ORD17814,CUST2814,02-09-2023,Bangalore,PROD133,2,299,598,Delivered,PayPal
ORD17815,CUST1027,31-01-2025,Hyderabad,PROD198,1,6999,6999,Shipped,Cash on Delivery
ORD17816,CUST1296,17-10-2022,Pune,PROD168,3,1299,3897,Returned,PayPal
ORD17817,CUST4416,22-10-2023,Bangalore,PROD187,1,4999,4999,Returned,Credit Card
ORD17818,CUST4643,16-04-2023,Chennai,PROD113,2,1499,2998,Cancelled,Cash on Delivery
ORD17819,CUST2643,23-06-2025,Jaipur,PROD108,2,1499,2998,Pending,PayPal
ORD17820,CUST2739,06-01-2023,Kolkata,PROD145,1,62990,62990,Delivered,Cash on Delivery
ORD17821,CUST1945,28-03-2024,Noida,PROD157,1,14999,14999,Returned,Cash on Delivery
ORD17822,CUST2892,11-01-2024,Bangalore,PROD141,1,64999,64999,Shipped,PayPal
ORD17823,CUST1919,26-04-2023,Delhi,PROD123,3,449,1347,Cancelled,Cash on Delivery
ORD17824,CUST2786,30-06-2023,Pune,PROD122,2,399,798,Returned,Cash on Delivery
ORD17825,CUST5184,07-12-2024,Hyderabad,PROD172,1,3999,3999,Returned,Cash on Delivery
ORD17826,CUST4994,27-04-2023,Chennai,PROD161,3,1499,4497,Returned,Credit Card
ORD17827,CUST2363,09-08-2025,Delhi,PROD176,1,3499,3499,Returned,PayPal
ORD17828,CUST1624,05-05-2025,Kolkata,PROD182,2,1899,3798,Cancelled,Credit Card
ORD17829,CUST5130,15-11-2022,Lucknow,PROD207,3,1299,3897,Cancelled,Cash on Delivery
ORD17830,CUST2867,15-06-2024,Chandigarh,PROD198,1,6999,6999,Cancelled,Cash on Delivery
ORD17831,CUST2191,04-03-2024,Kochi,PROD167,1,3499,3499,Returned,Credit Card
ORD17832,CUST2064,14-11-2022,Delhi,PROD117,1,2299,2299,Shipped,PayPal
ORD17833,CUST5076,21-04-2023,Hyderabad,PROD153,1,62990,62990,Delivered,Cash on Delivery
ORD17834,CUST1725,29-06-2025,Kolkata,PROD216,1,2299,2299,Shipped,PayPal
ORD17835,CUST3448,12-05-2023,Hyderabad,PROD179,2,1799,3598,Pending,Credit Card
ORD17836,CUST4178,23-05-2025,Mumbai,PROD168,2,1299,2598,Returned,Cash on Delivery
ORD17837,CUST1325,11-03-2025,Chennai,PROD104,1,4499,4499,Returned,PayPal
ORD17838,CUST1712,09-05-2024,Mumbai,PROD190,1,2499,2499,Delivered,PayPal
ORD17839,CUST4656,02-06-2025,Bhubaneswar,PROD141,1,64999,64999,Pending,Credit Card
ORD17840,CUST3792,03-06-2024,Hyderabad,PROD118,1,2999,2999,Delivered,Cash on Delivery
ORD17841,CUST4016,22-03-2025,Delhi,PROD127,3,899,2697,Delivered,Cash on Delivery
ORD17842,CUST1110,10-09-2022,Gurgaon,PROD100,1,2799,2799,Cancelled,Credit Card
ORD17843,CUST1464,28-03-2024,Delhi,PROD135,2,350,700,Returned,Cash on Delivery
ORD17844,CUST4823,17-04-2025,Kolkata,PROD160,1,5999,5999,Delivered,Credit Card
ORD17845,CUST4820,12-01-2023,Chennai,PROD112,2,1699,3398,Delivered,Cash on Delivery
ORD17846,CUST5131,12-03-2025,Chennai,PROD166,1,9499,9499,Delivered,Cash on Delivery
ORD17847,CUST4752,27-11-2024,Chennai,PROD156,1,29990,29990,Shipped,Credit Card
ORD17848,CUST2354,25-10-2023,Noida,PROD151,1,49999,49999,Pending,PayPal
ORD17849,CUST3450,28-06-2023,Kolkata,PROD114,3,1999,5997,Cancelled,Credit Card
ORD17850,CUST2363,27-11-2022,Bhubaneswar,PROD132,2,399,798,Shipped,Credit Card
ORD17851,CUST3349,05-11-2022,Noida,PROD203,2,1999,3998,Cancelled,Cash on Delivery
ORD17852,CUST2606,13-03-2023,Kolkata,PROD129,2,349,698,Returned,Credit Card
ORD17853,CUST1690,05-10-2024,Pune,PROD152,1,39999,39999,Shipped,Credit Card
ORD17854,CUST2709,16-04-2023,Pune,PROD140,1,69999,69999,Pending,PayPal
ORD17855,CUST2455,25-01-2025,Delhi,PROD154,1,71990,71990,Shipped,Credit Card
ORD17856,CUST2665,27-11-2023,Delhi,PROD113,3,1499,4497,Pending,Cash on Delivery
ORD17857,CUST5044,16-09-2024,Delhi,PROD182,2,1899,3798,Cancelled,PayPal
ORD17858,CUST1504,29-07-2024,Chennai,PROD131,2,499,998,Pending,Cash on Delivery
ORD17859,CUST4140,13-08-2023,Chennai,PROD126,3,299,897,Cancelled,Cash on Delivery
ORD17860,CUST1852,02-09-2023,Bangalore,PROD149,3,1499,4497,Pending,Cash on Delivery
ORD17861,CUST1590,04-08-2023,Mumbai,PROD152,1,39999,39999,Pending,PayPal
ORD17862,CUST4207,31-05-2025,Hyderabad,PROD101,1,6499,6499,Cancelled,PayPal
ORD17863,CUST2044,12-11-2024,Mumbai,PROD204,1,2299,2299,Pending,Credit Card
ORD17864,CUST2975,04-05-2024,Mumbai,PROD191,2,1999,3998,Delivered,Credit Card
ORD17865,CUST1940,15-10-2023,Mumbai,PROD150,1,42999,42999,Delivered,PayPal
ORD17866,CUST3339,05-10-2023,Visakhapatnam,PROD137,2,599,1198,Pending,PayPal
ORD17867,CUST2722,26-05-2024,Kolkata,PROD204,1,2299,2299,Shipped,Cash on Delivery
ORD17868,CUST2845,13-06-2025,Indore,PROD121,2,499,998,Pending,PayPal
ORD17869,CUST5314,27-10-2023,Surat,PROD153,1,62990,62990,Shipped,Cash on Delivery
ORD17870,CUST2198,22-03-2025,Chandigarh,PROD181,3,1299,3897,Delivered,PayPal
ORD17871,CUST3027,07-03-2024,Mumbai,PROD133,2,299,598,Shipped,Credit Card
ORD17872,CUST2738,03-12-2023,Gurgaon,PROD206,2,699,1398,Returned,Cash on Delivery
ORD17873,CUST5265,26-10-2024,Chennai,PROD138,2,799,1598,Returned,Cash on Delivery
ORD17874,CUST2128,17-05-2025,Kolkata,PROD213,2,1999,3998,Pending,Credit Card
ORD17875,CUST1395,26-04-2023,Bangalore,PROD164,2,1199,2398,Cancelled,Cash on Delivery
ORD17876,CUST2650,06-02-2025,Delhi,PROD213,2,1999,3998,Returned,Cash on Delivery
ORD17877,CUST4023,19-04-2025,Chennai,PROD143,1,89999,89999,Delivered,Credit Card
ORD17878,CUST5090,15-12-2024,Kochi,PROD105,1,2499,2499,Cancelled,Cash on Delivery
ORD17879,CUST3498,24-10-2022,Ahmedabad,PROD109,1,2399,2399,Cancelled,Cash on Delivery
ORD17880,CUST1402,24-06-2025,Indore,PROD159,1,4499,4499,Pending,PayPal
ORD17881,CUST3509,13-10-2022,Bangalore,PROD210,1,2499,2499,Returned,PayPal
ORD17882,CUST4448,09-12-2024,Pune,PROD161,3,1499,4497,Returned,Credit Card
ORD17883,CUST3898,29-04-2023,Lucknow,PROD214,2,499,998,Returned,Credit Card
ORD17884,CUST5066,11-06-2023,Bangalore,PROD179,3,1799,5397,Delivered,Cash on Delivery
ORD17885,CUST3302,05-03-2024,Lucknow,PROD138,2,799,1598,Returned,Credit Card
ORD17886,CUST2605,04-01-2023,Bangalore,PROD204,1,2299,2299,Returned,Credit Card
ORD17887,CUST1452,31-03-2023,Indore,PROD126,2,299,598,Returned,PayPal
ORD17888,CUST1241,03-03-2025,Lucknow,PROD122,2,399,798,Delivered,Cash on Delivery
ORD17889,CUST3249,02-07-2023,Mumbai,PROD131,2,499,998,Returned,Cash on Delivery
ORD17890,CUST5172,08-10-2023,Chennai,PROD178,2,1299,2598,Shipped,Cash on Delivery
ORD17891,CUST4451,18-09-2023,Lucknow,PROD132,3,399,1197,Delivered,Credit Card
ORD17892,CUST4642,17-03-2024,Kolkata,PROD167,1,3499,3499,Pending,Credit Card
ORD17893,CUST1657,13-11-2024,Patna,PROD135,2,350,700,Pending,Credit Card
ORD17894,CUST5014,04-08-2025,Delhi,PROD101,1,6499,6499,Returned,Cash on Delivery
ORD17895,CUST2769,07-01-2025,Hyderabad,PROD100,1,2799,2799,Returned,Cash on Delivery
ORD17896,CUST3041,19-12-2022,Hyderabad,PROD124,2,699,1398,Returned,PayPal
ORD17897,CUST3504,15-04-2024,Hyderabad,PROD184,1,2999,2999,Shipped,Cash on Delivery
ORD17898,CUST1555,01-02-2023,Gurgaon,PROD178,3,1299,3897,Returned,Credit Card
ORD17899,CUST4456,28-12-2024,Gurgaon,PROD194,2,999,1998,Cancelled,Credit Card
ORD17900,CUST1720,11-03-2023,Ahmedabad,PROD126,2,299,598,Returned,Cash on Delivery
ORD17901,CUST4714,09-01-2024,Delhi,PROD131,3,499,1497,Shipped,Cash on Delivery
ORD17902,CUST3599,10-06-2023,Pune,PROD141,1,64999,64999,Shipped,PayPal
ORD17903,CUST2114,17-03-2025,Visakhapatnam,PROD212,1,5499,5499,Shipped,Credit Card
ORD17904,CUST5291,30-07-2025,Jaipur,PROD209,3,1799,5397,Cancelled,PayPal
ORD17905,CUST1270,30-07-2025,Bhubaneswar,PROD180,1,2499,2499,Delivered,Credit Card
ORD17906,CUST4993,30-09-2024,Hyderabad,PROD218,3,299,897,Delivered,Cash on Delivery
ORD17907,CUST3900,28-08-2024,Bhubaneswar,PROD217,2,999,1998,Shipped,PayPal
ORD17908,CUST3267,19-05-2023,Ahmedabad,PROD181,3,1299,3897,Shipped,Cash on Delivery
ORD17909,CUST2621,05-03-2025,Mumbai,PROD117,1,2299,2299,Pending,PayPal
ORD17910,CUST4434,09-02-2023,Pune,PROD110,1,2999,2999,Delivered,Cash on Delivery
ORD17911,CUST4045,28-01-2024,Bangalore,PROD125,3,549,1647,Pending,Cash on Delivery
ORD17912,CUST3041,14-10-2024,Delhi,PROD186,1,3499,3499,Returned,Cash on Delivery
ORD17913,CUST2946,03-07-2024,Visakhapatnam,PROD146,1,34999,34999,Delivered,Cash on Delivery
ORD17914,CUST1926,20-02-2025,Bhubaneswar,PROD126,2,299,598,Delivered,Credit Card
ORD17915,CUST1981,29-12-2023,Pune,PROD149,3,1499,4497,Delivered,Credit Card
ORD17916,CUST1180,15-06-2025,Bangalore,PROD160,1,5999,5999,Returned,PayPal
ORD17917,CUST2266,24-11-2023,Lucknow,PROD138,2,799,1598,Returned,PayPal
ORD17918,CUST1297,07-07-2023,Kolkata,PROD144,1,58499,58499,Cancelled,Credit Card
ORD17919,CUST2404,13-05-2023,Mumbai,PROD186,1,3499,3499,Pending,Cash on Delivery
ORD17920,CUST2567,14-07-2024,Mumbai,PROD138,2,799,1598,Returned,Credit Card
ORD17921,CUST2490,23-09-2022,Hyderabad,PROD106,1,5999,5999,Returned,Credit Card
ORD17922,CUST1492,01-08-2025,Kolkata,PROD194,2,999,1998,Shipped,PayPal
ORD17923,CUST3194,05-08-2023,Ahmedabad,PROD108,2,1499,2998,Delivered,Credit Card
ORD17924,CUST4155,12-02-2025,Gurgaon,PROD198,1,6999,6999,Delivered,PayPal
ORD17925,CUST4199,27-09-2023,Hyderabad,PROD144,1,58499,58499,Delivered,Cash on Delivery
ORD17926,CUST4023,27-12-2024,Bhubaneswar,PROD177,2,1599,3198,Pending,PayPal
ORD17927,CUST1573,01-08-2024,Gurgaon,PROD149,2,1499,2998,Delivered,Credit Card
ORD17928,CUST3623,07-09-2024,Mumbai,PROD176,1,3499,3499,Delivered,PayPal
ORD17929,CUST1856,09-10-2022,Patna,PROD111,2,1899,3798,Pending,Credit Card
ORD17930,CUST3546,21-02-2024,Mumbai,PROD212,1,5499,5499,Pending,Cash on Delivery
ORD17931,CUST3881,12-02-2023,Jaipur,PROD215,3,1799,5397,Pending,PayPal
ORD17932,CUST4546,08-09-2022,Kolkata,PROD190,1,2499,2499,Shipped,Cash on Delivery
ORD17933,CUST5286,25-02-2024,Hyderabad,PROD153,1,62990,62990,Pending,Credit Card
ORD17934,CUST3479,27-03-2023,Pune,PROD211,3,1799,5397,Returned,Cash on Delivery
ORD17935,CUST3250,16-06-2024,Patna,PROD155,1,34999,34999,Pending,Cash on Delivery
ORD17936,CUST5229,27-01-2023,Delhi,PROD180,1,2499,2499,Cancelled,Cash on Delivery
ORD17937,CUST1738,30-07-2025,Mumbai,PROD170,1,2499,2499,Pending,Cash on Delivery
ORD17938,CUST4127,01-05-2024,Visakhapatnam,PROD140,1,69999,69999,Shipped,Cash on Delivery
ORD17939,CUST3345,06-08-2023,Chennai,PROD167,1,3499,3499,Shipped,Credit Card
ORD17940,CUST1549,01-07-2023,Delhi,PROD177,2,1599,3198,Pending,Cash on Delivery
ORD17941,CUST1712,26-07-2024,Visakhapatnam,PROD110,1,2999,2999,Shipped,Cash on Delivery
ORD17942,CUST3581,02-07-2023,Hyderabad,PROD177,3,1599,4797,Pending,Cash on Delivery
ORD17943,CUST4562,05-11-2023,Bhubaneswar,PROD127,3,899,2697,Shipped,Credit Card
ORD17944,CUST5114,07-12-2024,Chennai,PROD143,1,89999,89999,Delivered,Credit Card
ORD17945,CUST1833,22-08-2023,Delhi,PROD146,1,34999,34999,Delivered,PayPal
ORD17946,CUST4474,17-11-2022,Ahmedabad,PROD175,2,1499,2998,Returned,Cash on Delivery
ORD17947,CUST4127,30-09-2023,Gurgaon,PROD169,2,1899,3798,Shipped,PayPal
ORD17948,CUST1041,01-05-2025,Jaipur,PROD142,1,59999,59999,Returned,Credit Card
ORD17949,CUST3797,13-03-2023,Bangalore,PROD120,3,599,1797,Delivered,PayPal
ORD17950,CUST3081,04-04-2025,Pune,PROD154,1,71990,71990,Returned,PayPal
ORD17951,CUST1677,11-09-2022,Delhi,PROD133,2,299,598,Returned,Credit Card
ORD17952,CUST2646,30-12-2024,Mumbai,PROD197,1,5999,5999,Returned,Cash on Delivery
ORD17953,CUST1466,01-08-2023,Nagpur,PROD184,1,2999,2999,Cancelled,Cash on Delivery
ORD17954,CUST3107,01-01-2023,Nagpur,PROD161,3,1499,4497,Delivered,Credit Card
ORD17955,CUST5218,15-11-2024,Hyderabad,PROD212,1,5499,5499,Delivered,PayPal
ORD17956,CUST1613,11-01-2024,Chennai,PROD186,1,3499,3499,Pending,Credit Card
ORD17957,CUST5243,06-08-2024,Delhi,PROD208,3,899,2697,Pending,Credit Card
ORD17958,CUST1497,18-10-2023,Lucknow,PROD102,3,1799,5397,Delivered,Cash on Delivery
ORD17959,CUST1480,24-02-2024,Chennai,PROD154,1,71990,71990,Pending,Credit Card
ORD17960,CUST1291,25-01-2024,Mumbai,PROD181,2,1299,2598,Cancelled,Credit Card
ORD17961,CUST1822,14-06-2024,Ahmedabad,PROD119,2,1799,3598,Delivered,Credit Card
ORD17962,CUST2606,22-06-2024,Bhubaneswar,PROD161,3,1499,4497,Shipped,Credit Card
ORD17963,CUST4576,13-09-2022,Mumbai,PROD208,3,899,2697,Returned,Credit Card
ORD17964,CUST2194,06-12-2024,Bhubaneswar,PROD150,1,42999,42999,Shipped,PayPal
ORD17965,CUST4804,19-11-2023,Chennai,PROD174,2,899,1798,Cancelled,Cash on Delivery
ORD17966,CUST3127,16-10-2024,Pune,PROD115,1,2499,2499,Shipped,Cash on Delivery
ORD17967,CUST2867,25-08-2024,Chandigarh,PROD141,1,64999,64999,Returned,Credit Card
ORD17968,CUST4017,02-03-2023,Jaipur,PROD173,3,1299,3897,Shipped,PayPal
ORD17969,CUST4713,28-08-2022,Pune,PROD215,2,1799,3598,Delivered,PayPal
ORD17970,CUST1358,03-08-2024,Gurgaon,PROD185,3,1499,4497,Shipped,Credit Card
ORD17971,CUST3910,28-08-2023,Pune,PROD128,3,799,2397,Cancelled,Credit Card
ORD17972,CUST4611,25-07-2025,Chennai,PROD132,3,399,1197,Returned,Cash on Delivery
ORD17973,CUST4133,06-02-2025,Lucknow,PROD180,1,2499,2499,Shipped,Credit Card
ORD17974,CUST4110,21-01-2023,Pune,PROD133,2,299,598,Cancelled,Cash on Delivery
ORD17975,CUST2112,17-09-2022,Mumbai,PROD109,1,2399,2399,Delivered,Credit Card
ORD17976,CUST4582,13-03-2024,Chennai,PROD103,1,2999,2999,Pending,Cash on Delivery
ORD17977,CUST3292,29-07-2025,Ahmedabad,PROD126,3,299,897,Pending,PayPal
ORD17978,CUST1891,06-01-2023,Bangalore,PROD218,3,299,897,Cancelled,Credit Card
ORD17979,CUST4285,07-08-2023,Bhubaneswar,PROD141,1,64999,64999,Returned,Cash on Delivery
ORD17980,CUST4281,22-05-2025,Bangalore,PROD201,3,799,2397,Returned,PayPal
ORD17981,CUST4162,07-07-2023,Indore,PROD216,1,2299,2299,Delivered,PayPal
ORD17982,CUST4651,06-10-2023,Bangalore,PROD122,3,399,1197,Shipped,PayPal
ORD17983,CUST3188,22-05-2025,Kolkata,PROD191,3,1999,5997,Delivered,Cash on Delivery
ORD17984,CUST1848,30-06-2023,Delhi,PROD155,1,34999,34999,Cancelled,Cash on Delivery
ORD17985,CUST1517,09-12-2022,Chennai,PROD193,3,1499,4497,Pending,PayPal
ORD17986,CUST3561,16-02-2024,Mumbai,PROD175,2,1499,2998,Returned,PayPal
ORD17987,CUST4298,14-06-2024,Bangalore,PROD214,2,499,998,Cancelled,Cash on Delivery
ORD17988,CUST3930,03-10-2023,Ahmedabad,PROD180,1,2499,2499,Shipped,Credit Card
ORD17989,CUST2766,17-08-2024,Chennai,PROD184,1,2999,2999,Shipped,Cash on Delivery
ORD17990,CUST2763,11-03-2023,Chandigarh,PROD218,2,299,598,Cancelled,Cash on Delivery
ORD17991,CUST3574,13-03-2024,Gurgaon,PROD167,1,3499,3499,Delivered,Cash on Delivery
ORD17992,CUST3063,01-09-2024,Hyderabad,PROD188,2,499,998,Delivered,Credit Card
ORD17993,CUST4240,06-03-2024,Delhi,PROD104,1,4499,4499,Shipped,PayPal
ORD17994,CUST4118,01-02-2023,Chennai,PROD213,2,1999,3998,Pending,PayPal
ORD17995,CUST4824,05-01-2023,Kolkata,PROD103,1,2999,2999,Pending,Credit Card
ORD17996,CUST5236,04-07-2024,Bhubaneswar,PROD146,1,34999,34999,Pending,PayPal
ORD17997,CUST3372,25-05-2025,Chennai,PROD215,2,1799,3598,Shipped,Cash on Delivery
ORD17998,CUST3273,20-07-2023,Hyderabad,PROD155,1,34999,34999,Cancelled,PayPal
ORD17999,CUST1667,19-09-2023,Gurgaon,PROD163,1,4999,4999,Returned,Credit Card
ORD18000,CUST4087,02-11-2023,Delhi,PROD197,1,5999,5999,Cancelled,PayPal
ORD18001,CUST4050,17-01-2024,Surat,PROD153,1,62990,62990,Pending,PayPal
ORD18002,CUST3602,06-08-2024,Bangalore,PROD135,2,350,700,Cancelled,Cash on Delivery
ORD18003,CUST3933,06-12-2023,Mumbai,PROD180,1,2499,2499,Shipped,Cash on Delivery
ORD18004,CUST2690,27-11-2022,Delhi,PROD128,2,799,1598,Shipped,Cash on Delivery
ORD18005,CUST3925,09-01-2024,Noida,PROD173,3,1299,3897,Returned,Credit Card
ORD18006,CUST1696,23-12-2024,Mumbai,PROD189,2,899,1798,Shipped,PayPal
ORD18007,CUST3217,23-08-2025,Hyderabad,PROD213,3,1999,5997,Pending,Credit Card
ORD18008,CUST4244,16-05-2024,Hyderabad,PROD190,1,2499,2499,Delivered,PayPal
ORD18009,CUST3230,10-02-2025,Pune,PROD204,1,2299,2299,Shipped,PayPal
ORD18010,CUST1371,07-01-2025,Visakhapatnam,PROD142,1,59999,59999,Cancelled,PayPal
ORD18011,CUST2496,30-09-2023,Kolkata,PROD218,2,299,598,Shipped,PayPal
ORD18012,CUST1392,17-05-2024,Mumbai,PROD171,1,6999,6999,Returned,PayPal
ORD18013,CUST3425,30-06-2023,Indore,PROD186,1,3499,3499,Delivered,Cash on Delivery
ORD18014,CUST3880,02-07-2025,Noida,PROD178,3,1299,3897,Returned,Cash on Delivery
ORD18015,CUST3377,30-09-2024,Ahmedabad,PROD128,2,799,1598,Pending,PayPal
ORD18016,CUST1974,26-12-2024,Delhi,PROD179,2,1799,3598,Returned,Cash on Delivery
ORD18017,CUST2652,29-01-2025,Bangalore,PROD214,2,499,998,Shipped,Credit Card
ORD18018,CUST4699,11-06-2023,Hyderabad,PROD162,1,3299,3299,Cancelled,Credit Card
ORD18019,CUST2362,04-11-2024,Mumbai,PROD101,1,6499,6499,Cancelled,Credit Card
ORD18020,CUST4269,26-09-2023,Kolkata,PROD181,3,1299,3897,Cancelled,Credit Card
ORD18021,CUST4942,23-11-2023,Patna,PROD200,1,2499,2499,Cancelled,Credit Card
ORD18022,CUST2487,24-10-2022,Chennai,PROD124,2,699,1398,Returned,PayPal
ORD18023,CUST3505,28-07-2023,Pune,PROD154,1,71990,71990,Cancelled,Cash on Delivery
ORD18024,CUST1336,03-03-2024,Noida,PROD141,1,64999,64999,Cancelled,PayPal
ORD18025,CUST2950,02-05-2025,Mumbai,PROD156,1,29990,29990,Cancelled,PayPal
ORD18026,CUST2864,24-10-2024,Chennai,PROD135,2,350,700,Shipped,Cash on Delivery
ORD18027,CUST4521,15-08-2023,Pune,PROD142,1,59999,59999,Cancelled,Cash on Delivery
ORD18028,CUST4633,19-01-2024,Pune,PROD183,2,999,1998,Returned,Cash on Delivery
ORD18029,CUST2035,21-03-2024,Jaipur,PROD114,2,1999,3998,Delivered,PayPal
ORD18030,CUST1850,30-07-2025,Delhi,PROD202,3,1499,4497,Delivered,Cash on Delivery
ORD18031,CUST4520,07-01-2025,Gurgaon,PROD121,2,499,998,Returned,PayPal
ORD18032,CUST5176,03-08-2023,Mumbai,PROD165,3,1799,5397,Pending,Credit Card
ORD18033,CUST2518,13-07-2024,Bangalore,PROD116,1,3499,3499,Pending,Cash on Delivery
ORD18034,CUST4614,14-09-2023,Kolkata,PROD108,3,1499,4497,Shipped,PayPal
ORD18035,CUST2525,07-05-2024,Kochi,PROD107,3,1299,3897,Shipped,PayPal
ORD18036,CUST5140,03-04-2025,Bangalore,PROD145,1,62990,62990,Shipped,Cash on Delivery
ORD18037,CUST4635,23-08-2024,Chennai,PROD178,2,1299,2598,Cancelled,PayPal
ORD18038,CUST4273,30-04-2025,Jaipur,PROD114,2,1999,3998,Pending,Credit Card
ORD18039,CUST2730,28-10-2024,Bangalore,PROD204,1,2299,2299,Returned,Credit Card
ORD18040,CUST1662,26-10-2024,Chennai,PROD204,1,2299,2299,Delivered,Cash on Delivery
ORD18041,CUST3677,21-03-2025,Chennai,PROD190,1,2499,2499,Delivered,Cash on Delivery
ORD18042,CUST1216,31-10-2024,Delhi,PROD211,2,1799,3598,Delivered,Cash on Delivery
ORD18043,CUST1813,28-08-2024,Kochi,PROD122,3,399,1197,Pending,Cash on Delivery
ORD18044,CUST1339,24-03-2024,Pune,PROD115,1,2499,2499,Returned,Cash on Delivery
ORD18045,CUST2731,27-12-2023,Pune,PROD193,3,1499,4497,Delivered,Credit Card
ORD18046,CUST2009,01-06-2024,Delhi,PROD144,1,58499,58499,Pending,Credit Card
ORD18047,CUST1981,03-05-2025,Ahmedabad,PROD198,1,6999,6999,Cancelled,Cash on Delivery
ORD18048,CUST2677,18-10-2022,Pune,PROD182,3,1899,5697,Returned,Cash on Delivery
ORD18049,CUST3293,16-05-2025,Delhi,PROD163,1,4999,4999,Pending,Credit Card
ORD18050,CUST2872,22-07-2024,Lucknow,PROD111,3,1899,5697,Shipped,Credit Card
ORD18051,CUST3892,08-07-2023,Mumbai,PROD121,2,499,998,Delivered,Cash on Delivery
ORD18052,CUST1464,29-01-2023,Visakhapatnam,PROD156,1,29990,29990,Pending,Cash on Delivery
ORD18053,CUST4334,23-04-2023,Kolkata,PROD130,3,599,1797,Cancelled,Credit Card
ORD18054,CUST3831,22-09-2024,Bhubaneswar,PROD125,3,549,1647,Delivered,Credit Card
ORD18055,CUST2200,01-05-2025,Bangalore,PROD215,3,1799,5397,Shipped,Cash on Delivery
ORD18056,CUST4710,25-12-2024,Indore,PROD169,2,1899,3798,Cancelled,PayPal
ORD18057,CUST3258,20-07-2024,Chandigarh,PROD154,1,71990,71990,Delivered,Credit Card
ORD18058,CUST4198,19-05-2025,Chennai,PROD194,2,999,1998,Shipped,Credit Card
ORD18059,CUST3550,11-01-2025,Kochi,PROD206,3,699,2097,Returned,PayPal
ORD18060,CUST3506,21-06-2025,Chennai,PROD195,1,4499,4499,Delivered,PayPal
ORD18061,CUST2769,26-05-2024,Nagpur,PROD159,1,4499,4499,Shipped,PayPal
ORD18062,CUST2912,06-11-2024,Bangalore,PROD120,2,599,1198,Returned,Credit Card
ORD18063,CUST3503,06-03-2024,Mumbai,PROD196,3,899,2697,Shipped,Cash on Delivery
ORD18064,CUST2797,18-12-2022,Ahmedabad,PROD175,2,1499,2998,Shipped,Credit Card
ORD18065,CUST1473,04-12-2023,Kolkata,PROD208,2,899,1798,Cancelled,Credit Card
ORD18066,CUST4823,15-03-2023,Nagpur,PROD185,2,1499,2998,Returned,Credit Card
ORD18067,CUST4950,19-07-2025,Hyderabad,PROD211,2,1799,3598,Returned,PayPal
ORD18068,CUST1704,28-04-2024,Nagpur,PROD160,1,5999,5999,Shipped,PayPal
ORD18069,CUST2601,10-05-2023,Kolkata,PROD192,1,4999,4999,Returned,PayPal
ORD18070,CUST2582,17-10-2024,Kolkata,PROD109,1,2399,2399,Pending,Credit Card
ORD18071,CUST3478,10-09-2022,Delhi,PROD206,2,699,1398,Shipped,Credit Card
ORD18072,CUST5278,10-02-2025,Mumbai,PROD122,3,399,1197,Returned,PayPal
ORD18073,CUST1474,29-06-2024,Chennai,PROD130,3,599,1797,Returned,Cash on Delivery
ORD18074,CUST3838,31-03-2023,Chennai,PROD200,1,2499,2499,Pending,Credit Card
ORD18075,CUST5325,08-07-2025,Pune,PROD214,3,499,1497,Pending,Cash on Delivery
ORD18076,CUST1514,28-09-2023,Chennai,PROD149,3,1499,4497,Returned,PayPal
ORD18077,CUST2982,05-03-2025,Pune,PROD103,1,2999,2999,Shipped,Cash on Delivery
ORD18078,CUST3231,12-01-2024,Pune,PROD200,1,2499,2499,Cancelled,Cash on Delivery
ORD18079,CUST2320,21-01-2023,Mumbai,PROD174,3,899,2697,Returned,PayPal
ORD18080,CUST1744,18-01-2024,Mumbai,PROD125,2,549,1098,Returned,Credit Card
ORD18081,CUST1520,27-12-2022,Hyderabad,PROD107,3,1299,3897,Returned,PayPal
ORD18082,CUST3702,06-06-2023,Pune,PROD189,3,899,2697,Delivered,Credit Card
ORD18083,CUST5101,05-06-2025,Pune,PROD188,3,499,1497,Delivered,PayPal
ORD18084,CUST2510,06-11-2024,Kochi,PROD164,2,1199,2398,Returned,Credit Card
ORD18085,CUST4218,01-03-2024,Pune,PROD100,1,2799,2799,Pending,Credit Card
ORD18086,CUST5291,07-02-2025,Hyderabad,PROD214,3,499,1497,Returned,Credit Card
ORD18087,CUST4470,25-02-2024,Visakhapatnam,PROD198,1,6999,6999,Delivered,Credit Card
ORD18088,CUST1324,17-07-2023,Kolkata,PROD212,1,5499,5499,Cancelled,PayPal
ORD18089,CUST3741,16-03-2024,Pune,PROD160,1,5999,5999,Shipped,Credit Card
ORD18090,CUST3778,02-01-2025,Mumbai,PROD137,2,599,1198,Pending,Cash on Delivery
ORD18091,CUST4739,26-11-2024,Bangalore,PROD101,1,6499,6499,Shipped,Cash on Delivery
ORD18092,CUST4356,01-08-2024,Hyderabad,PROD147,1,29990,29990,Returned,PayPal
ORD18093,CUST1155,24-07-2023,Bangalore,PROD198,1,6999,6999,Delivered,Credit Card
ORD18094,CUST5193,26-02-2025,Kochi,PROD184,1,2999,2999,Cancelled,Credit Card
ORD18095,CUST3259,27-07-2025,Bangalore,PROD195,1,4499,4499,Delivered,Credit Card
ORD18096,CUST4921,01-08-2025,Chennai,PROD179,2,1799,3598,Delivered,Credit Card
ORD18097,CUST4951,04-05-2025,Chennai,PROD141,1,64999,64999,Delivered,Credit Card
ORD18098,CUST2907,30-10-2024,Ahmedabad,PROD165,3,1799,5397,Pending,Credit Card
ORD18099,CUST3215,11-05-2025,Hyderabad,PROD132,3,399,1197,Shipped,Credit Card
ORD18100,CUST4467,08-01-2024,Chandigarh,PROD122,3,399,1197,Pending,PayPal
ORD18101,CUST4166,06-06-2025,Hyderabad,PROD165,2,1799,3598,Shipped,PayPal
ORD18102,CUST3220,21-08-2024,Noida,PROD156,1,29990,29990,Delivered,PayPal
ORD18103,CUST2040,16-01-2023,Visakhapatnam,PROD163,1,4999,4999,Delivered,PayPal
ORD18104,CUST2899,25-06-2023,Lucknow,PROD125,3,549,1647,Pending,Credit Card
ORD18105,CUST4469,28-03-2024,Pune,PROD120,2,599,1198,Cancelled,Credit Card
ORD18106,CUST1560,18-08-2025,Kolkata,PROD112,2,1699,3398,Shipped,PayPal
ORD18107,CUST1775,05-08-2024,Jaipur,PROD139,3,499,1497,Shipped,Cash on Delivery
ORD18108,CUST4926,21-01-2024,Kochi,PROD204,1,2299,2299,Pending,Cash on Delivery
ORD18109,CUST1117,23-04-2025,Hyderabad,PROD182,3,1899,5697,Returned,PayPal
ORD18110,CUST3776,26-09-2022,Lucknow,PROD210,1,2499,2499,Delivered,Credit Card
ORD18111,CUST2594,19-08-2023,Kolkata,PROD122,2,399,798,Returned,Credit Card
ORD18112,CUST4516,17-03-2023,Chennai,PROD189,2,899,1798,Pending,PayPal
ORD18113,CUST1359,17-01-2023,Mumbai,PROD196,3,899,2697,Delivered,PayPal
ORD18114,CUST1769,08-02-2024,Chandigarh,PROD166,1,9499,9499,Pending,Cash on Delivery
ORD18115,CUST1762,07-04-2023,Hyderabad,PROD137,2,599,1198,Delivered,Credit Card
ORD18116,CUST2873,07-12-2022,Visakhapatnam,PROD161,2,1499,2998,Cancelled,Credit Card
ORD18117,CUST3692,15-03-2024,Noida,PROD199,3,1299,3897,Delivered,PayPal
ORD18118,CUST1940,01-11-2023,Kochi,PROD119,2,1799,3598,Delivered,Credit Card
ORD18119,CUST1719,04-06-2025,Chennai,PROD185,3,1499,4497,Delivered,Cash on Delivery
ORD18120,CUST2713,24-05-2025,Lucknow,PROD205,3,399,1197,Returned,Credit Card
ORD18121,CUST3223,15-03-2023,Chennai,PROD164,2,1199,2398,Returned,PayPal
ORD18122,CUST4351,26-01-2024,Chandigarh,PROD133,2,299,598,Cancelled,Credit Card
ORD18123,CUST2813,17-12-2024,Hyderabad,PROD163,1,4999,4999,Pending,PayPal
ORD18124,CUST1702,20-04-2024,Pune,PROD184,1,2999,2999,Cancelled,Cash on Delivery
ORD18125,CUST4275,03-04-2023,Chennai,PROD127,3,899,2697,Delivered,PayPal
ORD18126,CUST5297,09-06-2024,Kolkata,PROD150,1,42999,42999,Delivered,PayPal
ORD18127,CUST1452,02-04-2025,Delhi,PROD169,2,1899,3798,Shipped,PayPal
ORD18128,CUST2956,09-11-2024,Mumbai,PROD146,1,34999,34999,Shipped,Cash on Delivery
ORD18129,CUST2973,31-12-2022,Lucknow,PROD129,2,349,698,Shipped,Cash on Delivery
ORD18130,CUST1902,15-11-2023,Delhi,PROD165,2,1799,3598,Delivered,Cash on Delivery
ORD18131,CUST2770,04-11-2024,Chennai,PROD159,1,4499,4499,Shipped,Cash on Delivery
ORD18132,CUST3263,06-05-2023,Mumbai,PROD120,2,599,1198,Returned,Credit Card
ORD18133,CUST3968,21-07-2023,Hyderabad,PROD106,1,5999,5999,Cancelled,PayPal
ORD18134,CUST2083,09-12-2023,Surat,PROD109,1,2399,2399,Shipped,Cash on Delivery
ORD18135,CUST1406,03-06-2023,Chennai,PROD129,2,349,698,Shipped,Cash on Delivery
ORD18136,CUST2867,14-11-2022,Chandigarh,PROD213,3,1999,5997,Shipped,PayPal
ORD18137,CUST4372,16-06-2024,Patna,PROD165,3,1799,5397,Delivered,Credit Card
ORD18138,CUST4952,06-07-2024,Ahmedabad,PROD134,3,450,1350,Delivered,PayPal
ORD18139,CUST4935,18-09-2023,Delhi,PROD136,3,499,1497,Returned,Credit Card
ORD18140,CUST2165,29-04-2023,Indore,PROD216,1,2299,2299,Delivered,PayPal
ORD18141,CUST2252,30-01-2025,Chennai,PROD174,2,899,1798,Delivered,Credit Card
ORD18142,CUST3003,08-07-2024,Mumbai,PROD216,1,2299,2299,Delivered,Cash on Delivery
ORD18143,CUST2139,25-09-2023,Chennai,PROD193,2,1499,2998,Cancelled,Cash on Delivery
ORD18144,CUST1135,18-09-2023,Mumbai,PROD111,3,1899,5697,Pending,PayPal
ORD18145,CUST4801,30-09-2023,Chennai,PROD141,1,64999,64999,Shipped,PayPal
ORD18146,CUST4118,14-01-2024,Mumbai,PROD134,2,450,900,Shipped,PayPal
ORD18147,CUST1791,18-02-2025,Bangalore,PROD159,1,4499,4499,Returned,Credit Card
ORD18148,CUST4504,07-01-2023,Chennai,PROD178,2,1299,2598,Shipped,Cash on Delivery
ORD18149,CUST2995,28-05-2025,Jaipur,PROD154,1,71990,71990,Shipped,Credit Card
ORD18150,CUST1058,08-04-2023,Delhi,PROD180,1,2499,2499,Returned,Cash on Delivery
ORD18151,CUST3645,11-03-2024,Kochi,PROD207,3,1299,3897,Returned,PayPal
ORD18152,CUST2403,03-12-2022,Kolkata,PROD110,1,2999,2999,Cancelled,Credit Card
ORD18153,CUST3581,19-10-2022,Delhi,PROD202,3,1499,4497,Returned,Credit Card
ORD18154,CUST2682,16-07-2024,Pune,PROD163,1,4999,4999,Cancelled,PayPal
ORD18155,CUST3926,28-07-2023,Bangalore,PROD196,3,899,2697,Pending,Credit Card
ORD18156,CUST3732,08-11-2023,Bhubaneswar,PROD189,3,899,2697,Shipped,PayPal
ORD18157,CUST3781,30-01-2025,Ahmedabad,PROD115,1,2499,2499,Delivered,Credit Card
ORD18158,CUST2973,02-10-2022,Bangalore,PROD189,2,899,1798,Delivered,Credit Card
ORD18159,CUST2923,17-02-2023,Kolkata,PROD108,2,1499,2998,Delivered,PayPal
ORD18160,CUST1002,06-04-2024,Pune,PROD163,1,4999,4999,Delivered,PayPal
ORD18161,CUST2847,26-09-2022,Pune,PROD141,1,64999,64999,Pending,PayPal
ORD18162,CUST3240,12-08-2023,Patna,PROD122,2,399,798,Cancelled,PayPal
ORD18163,CUST2306,14-01-2023,Kolkata,PROD208,2,899,1798,Shipped,PayPal
ORD18164,CUST1654,07-01-2025,Chandigarh,PROD182,3,1899,5697,Delivered,PayPal
ORD18165,CUST2069,18-08-2025,Delhi,PROD125,3,549,1647,Delivered,PayPal
ORD18166,CUST1609,14-05-2023,Chennai,PROD117,1,2299,2299,Returned,Credit Card
ORD18167,CUST4595,01-04-2025,Kolkata,PROD135,3,350,1050,Shipped,Cash on Delivery
ORD18168,CUST5319,06-05-2023,Delhi,PROD165,3,1799,5397,Delivered,Cash on Delivery
ORD18169,CUST5158,18-10-2023,Chennai,PROD189,2,899,1798,Returned,PayPal
ORD18170,CUST1267,10-06-2024,Hyderabad,PROD191,3,1999,5997,Cancelled,PayPal
ORD18171,CUST2967,02-07-2023,Bangalore,PROD113,3,1499,4497,Shipped,PayPal
ORD18172,CUST3598,11-04-2024,Chennai,PROD174,2,899,1798,Delivered,PayPal
ORD18173,CUST2553,02-03-2024,Noida,PROD160,1,5999,5999,Delivered,PayPal
ORD18174,CUST3079,23-06-2025,Pune,PROD133,3,299,897,Cancelled,PayPal
ORD18175,CUST1430,22-03-2023,Bangalore,PROD174,2,899,1798,Cancelled,PayPal
ORD18176,CUST5185,04-05-2025,Pune,PROD116,1,3499,3499,Returned,Cash on Delivery
ORD18177,CUST2711,22-02-2023,Patna,PROD135,3,350,1050,Pending,PayPal
ORD18178,CUST4838,31-01-2025,Nagpur,PROD158,1,8995,8995,Cancelled,PayPal
ORD18179,CUST3687,22-12-2024,Hyderabad,PROD179,3,1799,5397,Returned,Credit Card
ORD18180,CUST1260,25-04-2023,Bangalore,PROD107,2,1299,2598,Returned,PayPal
ORD18181,CUST1380,06-05-2024,Chennai,PROD198,1,6999,6999,Cancelled,Cash on Delivery
ORD18182,CUST1570,26-05-2024,Hyderabad,PROD146,1,34999,34999,Returned,Credit Card
ORD18183,CUST2211,05-07-2025,Visakhapatnam,PROD176,1,3499,3499,Delivered,PayPal
ORD18184,CUST4413,07-12-2024,Lucknow,PROD131,2,499,998,Returned,PayPal
ORD18185,CUST3020,12-07-2023,Chennai,PROD105,1,2499,2499,Delivered,PayPal
ORD18186,CUST2682,25-11-2023,Patna,PROD167,1,3499,3499,Shipped,PayPal
ORD18187,CUST3375,31-10-2024,Chennai,PROD187,1,4999,4999,Cancelled,PayPal
ORD18188,CUST1170,25-04-2024,Kochi,PROD157,1,14999,14999,Cancelled,Credit Card
ORD18189,CUST2494,30-09-2024,Ahmedabad,PROD159,1,4499,4499,Shipped,Credit Card
ORD18190,CUST4701,07-04-2023,Chennai,PROD189,3,899,2697,Cancelled,Cash on Delivery
ORD18191,CUST2587,06-11-2023,Lucknow,PROD193,2,1499,2998,Delivered,Credit Card
ORD18192,CUST1636,07-01-2025,Pune,PROD129,2,349,698,Returned,PayPal
ORD18193,CUST1925,22-12-2022,Mumbai,PROD112,3,1699,5097,Returned,PayPal
ORD18194,CUST3132,13-04-2025,Kolkata,PROD116,1,3499,3499,Cancelled,PayPal
ORD18195,CUST4264,26-09-2024,Hyderabad,PROD156,1,29990,29990,Pending,PayPal
ORD18196,CUST2262,27-10-2023,Patna,PROD162,1,3299,3299,Cancelled,PayPal
ORD18197,CUST2518,22-05-2023,Chennai,PROD167,1,3499,3499,Delivered,Credit Card
ORD18198,CUST1902,08-12-2023,Gurgaon,PROD160,1,5999,5999,Delivered,Credit Card
ORD18199,CUST2969,09-08-2024,Visakhapatnam,PROD170,1,2499,2499,Returned,Cash on Delivery
ORD18200,CUST5213,05-11-2024,Chennai,PROD146,1,34999,34999,Shipped,Cash on Delivery
ORD18201,CUST3284,25-04-2023,Kolkata,PROD127,2,899,1798,Shipped,Credit Card
ORD18202,CUST2712,30-08-2022,Chennai,PROD192,1,4999,4999,Shipped,PayPal
ORD18203,CUST1396,24-12-2024,Bangalore,PROD219,3,799,2397,Returned,Cash on Delivery
ORD18204,CUST2800,23-04-2024,Bhubaneswar,PROD114,3,1999,5997,Shipped,PayPal
ORD18205,CUST2303,23-07-2024,Bangalore,PROD140,1,69999,69999,Returned,Cash on Delivery
ORD18206,CUST2174,18-08-2023,Jaipur,PROD217,3,999,2997,Cancelled,Cash on Delivery
ORD18207,CUST1194,20-02-2025,Chennai,PROD106,1,5999,5999,Cancelled,Cash on Delivery
ORD18208,CUST4637,23-11-2024,Chennai,PROD203,3,1999,5997,Pending,Credit Card
ORD18209,CUST3752,20-05-2025,Delhi,PROD101,1,6499,6499,Delivered,Cash on Delivery
ORD18210,CUST3831,02-11-2022,Mumbai,PROD121,2,499,998,Cancelled,Cash on Delivery
ORD18211,CUST4265,20-03-2023,Chennai,PROD137,2,599,1198,Delivered,PayPal
ORD18212,CUST4203,20-11-2023,Indore,PROD158,1,8995,8995,Delivered,Cash on Delivery
ORD18213,CUST3522,07-02-2024,Kolkata,PROD186,1,3499,3499,Pending,Credit Card
ORD18214,CUST3838,11-07-2024,Delhi,PROD202,2,1499,2998,Pending,PayPal
ORD18215,CUST3101,23-10-2022,Bangalore,PROD172,1,3999,3999,Delivered,Credit Card
ORD18216,CUST4152,27-06-2023,Bangalore,PROD153,1,62990,62990,Delivered,Credit Card
ORD18217,CUST1200,24-06-2023,Hyderabad,PROD201,3,799,2397,Shipped,Cash on Delivery
ORD18218,CUST4799,31-12-2024,Pune,PROD174,3,899,2697,Shipped,PayPal
ORD18219,CUST2164,27-12-2022,Mumbai,PROD174,3,899,2697,Returned,PayPal
ORD18220,CUST2225,08-01-2025,Hyderabad,PROD160,1,5999,5999,Shipped,PayPal
ORD18221,CUST2433,02-12-2022,Chandigarh,PROD132,3,399,1197,Shipped,Cash on Delivery
ORD18222,CUST2648,10-01-2023,Bangalore,PROD209,3,1799,5397,Shipped,Cash on Delivery
ORD18223,CUST3349,30-03-2023,Noida,PROD157,1,14999,14999,Returned,PayPal
ORD18224,CUST4179,29-08-2024,Mumbai,PROD219,3,799,2397,Shipped,Cash on Delivery
ORD18225,CUST4742,21-02-2023,Bhubaneswar,PROD186,1,3499,3499,Cancelled,PayPal
ORD18226,CUST1499,09-06-2023,Kolkata,PROD135,3,350,1050,Pending,Credit Card
ORD18227,CUST1317,08-07-2023,Jaipur,PROD108,2,1499,2998,Delivered,PayPal
ORD18228,CUST1425,21-10-2024,Hyderabad,PROD216,1,2299,2299,Shipped,Cash on Delivery
ORD18229,CUST5033,01-07-2024,Nagpur,PROD173,2,1299,2598,Cancelled,PayPal
ORD18230,CUST2226,26-05-2025,Kolkata,PROD124,3,699,2097,Pending,Credit Card
ORD18231,CUST1020,21-03-2024,Lucknow,PROD151,1,49999,49999,Delivered,Credit Card
ORD18232,CUST5103,08-06-2023,Visakhapatnam,PROD143,1,89999,89999,Returned,Cash on Delivery
ORD18233,CUST5052,28-05-2023,Chandigarh,PROD204,1,2299,2299,Pending,PayPal
ORD18234,CUST3619,10-09-2023,Noida,PROD209,2,1799,3598,Pending,PayPal
ORD18235,CUST1376,20-10-2024,Ahmedabad,PROD125,3,549,1647,Pending,PayPal
ORD18236,CUST4800,28-12-2023,Chandigarh,PROD132,3,399,1197,Returned,Cash on Delivery
ORD18237,CUST4501,28-05-2023,Bangalore,PROD206,3,699,2097,Shipped,PayPal
ORD18238,CUST2867,12-11-2024,Lucknow,PROD116,1,3499,3499,Shipped,Cash on Delivery
ORD18239,CUST2858,25-11-2022,Chennai,PROD188,2,499,998,Delivered,Credit Card
ORD18240,CUST2291,13-12-2023,Mumbai,PROD145,1,62990,62990,Pending,Credit Card
ORD18241,CUST2056,05-07-2023,Kolkata,PROD216,1,2299,2299,Cancelled,Cash on Delivery
ORD18242,CUST1740,24-06-2025,Pune,PROD182,3,1899,5697,Pending,Credit Card
ORD18243,CUST1441,13-06-2023,Pune,PROD135,2,350,700,Pending,PayPal
ORD18244,CUST5112,21-01-2024,Bangalore,PROD170,1,2499,2499,Cancelled,Cash on Delivery
ORD18245,CUST3887,13-10-2024,Mumbai,PROD194,3,999,2997,Delivered,Credit Card
ORD18246,CUST2914,16-10-2022,Mumbai,PROD101,1,6499,6499,Shipped,Cash on Delivery
ORD18247,CUST2197,19-10-2022,Mumbai,PROD125,2,549,1098,Pending,Cash on Delivery
ORD18248,CUST2170,15-02-2023,Jaipur,PROD190,1,2499,2499,Cancelled,Cash on Delivery
ORD18249,CUST4752,12-09-2022,Mumbai,PROD149,2,1499,2998,Delivered,Credit Card
ORD18250,CUST5205,11-05-2024,Nagpur,PROD219,3,799,2397,Returned,Cash on Delivery
ORD18251,CUST4004,08-08-2023,Kolkata,PROD160,1,5999,5999,Delivered,Credit Card
ORD18252,CUST4186,21-07-2025,Delhi,PROD101,1,6499,6499,Returned,Cash on Delivery
ORD18253,CUST5091,30-12-2023,Lucknow,PROD180,1,2499,2499,Pending,Cash on Delivery
ORD18254,CUST4952,09-02-2024,Chandigarh,PROD115,1,2499,2499,Shipped,Credit Card
ORD18255,CUST4701,01-07-2025,Noida,PROD144,1,58499,58499,Shipped,PayPal
ORD18256,CUST3846,17-03-2025,Visakhapatnam,PROD177,3,1599,4797,Returned,PayPal
ORD18257,CUST4364,20-10-2024,Delhi,PROD139,2,499,998,Shipped,Credit Card
ORD18258,CUST3551,07-10-2024,Surat,PROD151,1,49999,49999,Delivered,PayPal
ORD18259,CUST1859,14-08-2023,Bhubaneswar,PROD218,3,299,897,Delivered,Cash on Delivery
ORD18260,CUST5061,27-02-2023,Surat,PROD174,2,899,1798,Shipped,Cash on Delivery
ORD18261,CUST1563,10-06-2023,Kochi,PROD142,1,59999,59999,Shipped,Credit Card
ORD18262,CUST4555,02-04-2023,Kochi,PROD166,1,9499,9499,Pending,PayPal
ORD18263,CUST3796,03-09-2024,Mumbai,PROD131,3,499,1497,Pending,Credit Card
ORD18264,CUST1682,16-02-2023,Bangalore,PROD134,2,450,900,Returned,Credit Card
ORD18265,CUST1925,30-01-2025,Chennai,PROD139,2,499,998,Delivered,Credit Card
ORD18266,CUST3369,13-12-2022,Pune,PROD198,1,6999,6999,Pending,PayPal
ORD18267,CUST4090,26-05-2023,Bangalore,PROD215,2,1799,3598,Cancelled,PayPal
ORD18268,CUST4744,08-04-2023,Visakhapatnam,PROD117,1,2299,2299,Delivered,PayPal
ORD18269,CUST3860,12-05-2023,Delhi,PROD152,1,39999,39999,Returned,Credit Card
ORD18270,CUST3884,04-06-2023,Bangalore,PROD117,1,2299,2299,Cancelled,Credit Card
ORD18271,CUST3864,22-04-2023,Pune,PROD137,2,599,1198,Delivered,Credit Card
ORD18272,CUST1080,23-10-2024,Mumbai,PROD109,1,2399,2399,Shipped,Cash on Delivery
ORD18273,CUST2658,13-04-2024,Mumbai,PROD198,1,6999,6999,Shipped,PayPal
ORD18274,CUST1443,03-04-2025,Gurgaon,PROD140,1,69999,69999,Returned,Cash on Delivery
ORD18275,CUST4646,17-01-2025,Delhi,PROD172,1,3999,3999,Delivered,PayPal
ORD18276,CUST2898,16-02-2025,Hyderabad,PROD132,2,399,798,Delivered,Cash on Delivery
ORD18277,CUST1089,07-05-2024,Gurgaon,PROD170,1,2499,2499,Delivered,Cash on Delivery
ORD18278,CUST3776,21-06-2024,Gurgaon,PROD216,1,2299,2299,Pending,PayPal
ORD18279,CUST3951,24-05-2024,Chennai,PROD123,3,449,1347,Shipped,Cash on Delivery
ORD18280,CUST2084,12-03-2024,Visakhapatnam,PROD170,1,2499,2499,Cancelled,PayPal
ORD18281,CUST2532,21-02-2025,Chennai,PROD132,3,399,1197,Cancelled,Credit Card
ORD18282,CUST3242,28-11-2022,Delhi,PROD209,3,1799,5397,Delivered,Credit Card
ORD18283,CUST5129,18-07-2025,Jaipur,PROD124,3,699,2097,Shipped,Cash on Delivery
ORD18284,CUST2157,19-02-2023,Delhi,PROD173,2,1299,2598,Shipped,Cash on Delivery
ORD18285,CUST1213,05-10-2022,Mumbai,PROD138,3,799,2397,Pending,Credit Card
ORD18286,CUST1580,09-08-2023,Nagpur,PROD155,1,34999,34999,Returned,PayPal
ORD18287,CUST4407,06-10-2022,Nagpur,PROD206,2,699,1398,Pending,PayPal
ORD18288,CUST4176,11-07-2025,Mumbai,PROD128,3,799,2397,Shipped,Credit Card
ORD18289,CUST1973,04-11-2024,Chandigarh,PROD167,1,3499,3499,Cancelled,PayPal
ORD18290,CUST2561,25-05-2024,Pune,PROD156,1,29990,29990,Pending,Credit Card
ORD18291,CUST2833,27-02-2024,Surat,PROD135,2,350,700,Delivered,Cash on Delivery
ORD18292,CUST3042,09-08-2023,Ahmedabad,PROD171,1,6999,6999,Returned,PayPal
ORD18293,CUST2609,02-09-2023,Delhi,PROD142,1,59999,59999,Delivered,Credit Card
ORD18294,CUST3852,23-01-2024,Noida,PROD116,1,3499,3499,Pending,PayPal
ORD18295,CUST2671,23-05-2023,Surat,PROD160,1,5999,5999,Returned,Credit Card
ORD18296,CUST1157,14-10-2022,Delhi,PROD160,1,5999,5999,Delivered,Cash on Delivery
ORD18297,CUST3115,03-12-2023,Bhubaneswar,PROD148,1,6499,6499,Cancelled,Cash on Delivery
ORD18298,CUST1476,14-12-2024,Nagpur,PROD187,1,4999,4999,Delivered,PayPal
ORD18299,CUST3927,26-10-2023,Bangalore,PROD205,3,399,1197,Returned,Credit Card
ORD18300,CUST1176,14-03-2023,Mumbai,PROD101,1,6499,6499,Cancelled,PayPal
ORD18301,CUST5152,28-09-2024,Kochi,PROD199,2,1299,2598,Delivered,PayPal
ORD18302,CUST5241,12-03-2023,Nagpur,PROD134,2,450,900,Returned,Cash on Delivery
ORD18303,CUST3097,06-08-2023,Indore,PROD110,1,2999,2999,Returned,Cash on Delivery
ORD18304,CUST2467,05-03-2025,Bhubaneswar,PROD181,3,1299,3897,Cancelled,PayPal
ORD18305,CUST4506,15-09-2023,Pune,PROD161,3,1499,4497,Returned,Credit Card
ORD18306,CUST4166,21-03-2023,Jaipur,PROD109,1,2399,2399,Delivered,PayPal
ORD18307,CUST4980,27-10-2023,Delhi,PROD205,3,399,1197,Shipped,PayPal
ORD18308,CUST4892,15-09-2023,Hyderabad,PROD200,1,2499,2499,Delivered,PayPal
ORD18309,CUST3553,23-06-2024,Hyderabad,PROD145,1,62990,62990,Pending,PayPal
ORD18310,CUST4474,20-07-2024,Pune,PROD179,3,1799,5397,Delivered,Credit Card
ORD18311,CUST1420,09-10-2024,Noida,PROD196,3,899,2697,Returned,Credit Card
ORD18312,CUST5109,26-09-2024,Bangalore,PROD101,1,6499,6499,Returned,Cash on Delivery
ORD18313,CUST5168,16-02-2023,Kolkata,PROD109,1,2399,2399,Shipped,Credit Card
ORD18314,CUST5015,27-10-2023,Bangalore,PROD194,3,999,2997,Delivered,Cash on Delivery
ORD18315,CUST1675,20-02-2023,Nagpur,PROD209,2,1799,3598,Returned,Cash on Delivery
ORD18316,CUST2653,17-04-2023,Chennai,PROD153,1,62990,62990,Shipped,Cash on Delivery
ORD18317,CUST2823,27-06-2024,Pune,PROD137,3,599,1797,Pending,PayPal
ORD18318,CUST1380,12-01-2025,Noida,PROD115,1,2499,2499,Cancelled,Cash on Delivery
ORD18319,CUST1462,29-11-2022,Kolkata,PROD203,2,1999,3998,Delivered,Credit Card
ORD18320,CUST4514,12-04-2025,Mumbai,PROD213,3,1999,5997,Pending,PayPal
ORD18321,CUST1249,06-12-2022,Lucknow,PROD133,2,299,598,Pending,PayPal
ORD18322,CUST3206,20-08-2024,Patna,PROD189,2,899,1798,Cancelled,Cash on Delivery
ORD18323,CUST2157,28-01-2025,Ahmedabad,PROD102,2,1799,3598,Returned,PayPal
ORD18324,CUST3325,16-02-2023,Chennai,PROD142,1,59999,59999,Pending,PayPal
ORD18325,CUST2229,23-10-2024,Lucknow,PROD192,1,4999,4999,Cancelled,Credit Card
ORD18326,CUST2533,29-02-2024,Chennai,PROD109,1,2399,2399,Shipped,Credit Card
ORD18327,CUST4322,25-01-2024,Hyderabad,PROD151,1,49999,49999,Delivered,Cash on Delivery
ORD18328,CUST3507,29-07-2024,Pune,PROD132,3,399,1197,Shipped,PayPal
ORD18329,CUST2885,10-05-2023,Pune,PROD157,1,14999,14999,Pending,PayPal
ORD18330,CUST1151,04-04-2023,Patna,PROD207,3,1299,3897,Delivered,Credit Card
ORD18331,CUST2867,06-09-2022,Hyderabad,PROD169,2,1899,3798,Cancelled,Cash on Delivery
ORD18332,CUST3502,01-05-2023,Lucknow,PROD121,3,499,1497,Returned,Cash on Delivery
ORD18333,CUST3042,15-05-2023,Chennai,PROD217,3,999,2997,Shipped,Credit Card
ORD18334,CUST3071,01-03-2023,Hyderabad,PROD123,3,449,1347,Delivered,Cash on Delivery
ORD18335,CUST2378,22-06-2025,Patna,PROD114,3,1999,5997,Pending,Credit Card
ORD18336,CUST1552,13-06-2024,Mumbai,PROD108,2,1499,2998,Shipped,Credit Card
ORD18337,CUST4057,28-09-2024,Hyderabad,PROD104,1,4499,4499,Pending,PayPal
ORD18338,CUST1190,08-01-2025,Lucknow,PROD198,1,6999,6999,Shipped,PayPal
ORD18339,CUST2827,14-02-2025,Kochi,PROD199,3,1299,3897,Returned,Cash on Delivery
ORD18340,CUST2325,23-08-2025,Chennai,PROD167,1,3499,3499,Returned,Cash on Delivery
ORD18341,CUST2432,21-07-2023,Mumbai,PROD153,1,62990,62990,Cancelled,Cash on Delivery
ORD18342,CUST3068,13-09-2022,Delhi,PROD142,1,59999,59999,Pending,Credit Card
ORD18343,CUST1005,28-07-2025,Hyderabad,PROD118,1,2999,2999,Delivered,PayPal
ORD18344,CUST2494,29-11-2022,Hyderabad,PROD123,3,449,1347,Pending,Credit Card
ORD18345,CUST1525,19-10-2022,Ahmedabad,PROD156,1,29990,29990,Returned,PayPal
ORD18346,CUST3373,23-01-2024,Kochi,PROD141,1,64999,64999,Cancelled,Cash on Delivery
ORD18347,CUST1142,09-11-2023,Delhi,PROD168,3,1299,3897,Delivered,PayPal
ORD18348,CUST1984,29-07-2023,Jaipur,PROD146,1,34999,34999,Shipped,Cash on Delivery
ORD18349,CUST4097,15-03-2024,Mumbai,PROD148,1,6499,6499,Pending,PayPal
ORD18350,CUST3386,14-04-2025,Chennai,PROD198,1,6999,6999,Cancelled,PayPal
ORD18351,CUST1311,26-02-2023,Bangalore,PROD163,1,4999,4999,Pending,Credit Card
ORD18352,CUST4975,03-12-2024,Mumbai,PROD196,2,899,1798,Shipped,PayPal
ORD18353,CUST4861,03-01-2025,Surat,PROD208,3,899,2697,Cancelled,Credit Card
ORD18354,CUST2049,25-10-2024,Jaipur,PROD132,2,399,798,Shipped,Credit Card
ORD18355,CUST1444,14-03-2025,Bhubaneswar,PROD103,1,2999,2999,Returned,Cash on Delivery
ORD18356,CUST1613,02-02-2024,Jaipur,PROD137,2,599,1198,Delivered,PayPal
ORD18357,CUST2963,29-09-2023,Kochi,PROD141,1,64999,64999,Cancelled,Credit Card
ORD18358,CUST5308,18-01-2023,Chandigarh,PROD102,3,1799,5397,Cancelled,Cash on Delivery
ORD18359,CUST2415,24-10-2022,Mumbai,PROD103,1,2999,2999,Returned,PayPal
ORD18360,CUST3585,01-05-2024,Chennai,PROD217,2,999,1998,Delivered,Credit Card
ORD18361,CUST2455,13-09-2024,Surat,PROD152,1,39999,39999,Pending,PayPal
ORD18362,CUST1568,07-06-2023,Kolkata,PROD106,1,5999,5999,Pending,Cash on Delivery
ORD18363,CUST1416,22-06-2023,Pune,PROD146,1,34999,34999,Cancelled,Cash on Delivery
ORD18364,CUST3156,09-01-2024,Chennai,PROD189,3,899,2697,Delivered,Cash on Delivery
ORD18365,CUST3188,22-11-2024,Pune,PROD147,1,29990,29990,Shipped,PayPal
ORD18366,CUST2287,16-07-2023,Ahmedabad,PROD181,3,1299,3897,Pending,Cash on Delivery
ORD18367,CUST3266,19-10-2024,Pune,PROD178,3,1299,3897,Returned,PayPal
ORD18368,CUST1741,14-08-2025,Mumbai,PROD157,1,14999,14999,Cancelled,PayPal
ORD18369,CUST1655,22-06-2025,Delhi,PROD207,2,1299,2598,Pending,Cash on Delivery
ORD18370,CUST1943,08-05-2025,Pune,PROD103,1,2999,2999,Delivered,Credit Card
ORD18371,CUST1309,06-03-2024,Ahmedabad,PROD175,2,1499,2998,Pending,Credit Card
ORD18372,CUST3715,01-12-2022,Pune,PROD201,2,799,1598,Cancelled,PayPal
ORD18373,CUST3043,22-06-2023,Chennai,PROD195,1,4499,4499,Shipped,Credit Card
ORD18374,CUST4134,04-06-2025,Hyderabad,PROD164,2,1199,2398,Returned,Cash on Delivery
ORD18375,CUST3822,12-09-2023,Noida,PROD130,2,599,1198,Cancelled,Cash on Delivery
ORD18376,CUST3890,15-03-2024,Bangalore,PROD127,3,899,2697,Shipped,Cash on Delivery
ORD18377,CUST1093,01-12-2023,Hyderabad,PROD121,3,499,1497,Pending,Cash on Delivery
ORD18378,CUST5188,12-07-2025,Kolkata,PROD118,1,2999,2999,Returned,Credit Card
ORD18379,CUST3168,10-04-2025,Hyderabad,PROD193,3,1499,4497,Returned,Credit Card
ORD18380,CUST1509,28-05-2024,Mumbai,PROD154,1,71990,71990,Shipped,Cash on Delivery
ORD18381,CUST4844,11-01-2024,Hyderabad,PROD130,2,599,1198,Returned,Cash on Delivery
ORD18382,CUST1494,06-01-2023,Chennai,PROD178,2,1299,2598,Shipped,Credit Card
ORD18383,CUST1660,22-03-2023,Patna,PROD152,1,39999,39999,Pending,PayPal
ORD18384,CUST1373,25-11-2024,Mumbai,PROD196,2,899,1798,Shipped,PayPal
ORD18385,CUST2308,22-09-2023,Chennai,PROD156,1,29990,29990,Shipped,Cash on Delivery
ORD18386,CUST1687,06-12-2022,Noida,PROD168,3,1299,3897,Pending,Cash on Delivery
ORD18387,CUST4992,31-12-2024,Nagpur,PROD123,3,449,1347,Pending,Credit Card
ORD18388,CUST1835,24-08-2024,Nagpur,PROD145,1,62990,62990,Pending,PayPal
ORD18389,CUST4920,29-04-2023,Hyderabad,PROD160,1,5999,5999,Pending,Cash on Delivery
ORD18390,CUST3127,19-10-2022,Hyderabad,PROD176,1,3499,3499,Delivered,Cash on Delivery
ORD18391,CUST1918,02-03-2024,Kolkata,PROD117,1,2299,2299,Cancelled,Cash on Delivery
ORD18392,CUST5069,03-11-2024,Bangalore,PROD207,3,1299,3897,Returned,Credit Card
ORD18393,CUST1996,10-07-2025,Surat,PROD188,2,499,998,Cancelled,PayPal
ORD18394,CUST4385,29-12-2023,Noida,PROD133,2,299,598,Cancelled,Credit Card
ORD18395,CUST2048,20-07-2024,Hyderabad,PROD180,1,2499,2499,Returned,Credit Card
ORD18396,CUST4500,05-07-2023,Chennai,PROD129,3,349,1047,Delivered,Cash on Delivery
ORD18397,CUST2814,18-07-2023,Bhubaneswar,PROD175,2,1499,2998,Cancelled,PayPal
ORD18398,CUST4561,05-02-2023,Kolkata,PROD170,1,2499,2499,Returned,Cash on Delivery
ORD18399,CUST4280,24-03-2023,Indore,PROD174,3,899,2697,Cancelled,PayPal
ORD18400,CUST3588,12-06-2024,Bangalore,PROD131,2,499,998,Cancelled,Cash on Delivery
ORD18401,CUST4201,04-10-2022,Surat,PROD150,1,42999,42999,Shipped,Credit Card
ORD18402,CUST5156,16-05-2023,Bangalore,PROD194,2,999,1998,Shipped,PayPal
ORD18403,CUST2666,20-04-2023,Delhi,PROD174,3,899,2697,Shipped,Cash on Delivery
ORD18404,CUST1597,01-06-2024,Bangalore,PROD143,1,89999,89999,Shipped,Credit Card
ORD18405,CUST1105,02-04-2025,Delhi,PROD176,1,3499,3499,Cancelled,Cash on Delivery
ORD18406,CUST2294,01-05-2024,Indore,PROD142,1,59999,59999,Returned,Cash on Delivery
ORD18407,CUST1096,19-10-2023,Jaipur,PROD178,2,1299,2598,Cancelled,Cash on Delivery
ORD18408,CUST4349,29-07-2024,Mumbai,PROD205,2,399,798,Shipped,Cash on Delivery
ORD18409,CUST3593,25-04-2024,Gurgaon,PROD117,1,2299,2299,Delivered,Credit Card
ORD18410,CUST1227,30-04-2023,Chennai,PROD215,3,1799,5397,Shipped,Cash on Delivery
ORD18411,CUST1254,02-09-2023,Delhi,PROD159,1,4499,4499,Returned,Cash on Delivery
ORD18412,CUST3983,09-03-2025,Chennai,PROD141,1,64999,64999,Delivered,PayPal
ORD18413,CUST4979,12-12-2023,Lucknow,PROD207,3,1299,3897,Delivered,PayPal
ORD18414,CUST1258,03-08-2025,Mumbai,PROD186,1,3499,3499,Delivered,Cash on Delivery
ORD18415,CUST4181,25-01-2025,Hyderabad,PROD137,2,599,1198,Delivered,Cash on Delivery
ORD18416,CUST3012,07-09-2024,Mumbai,PROD133,3,299,897,Cancelled,Cash on Delivery
ORD18417,CUST2960,04-05-2025,Mumbai,PROD159,1,4499,4499,Delivered,PayPal
ORD18418,CUST1401,13-06-2024,Noida,PROD141,1,64999,64999,Shipped,Credit Card
ORD18419,CUST1450,02-10-2023,Gurgaon,PROD215,2,1799,3598,Cancelled,Cash on Delivery
ORD18420,CUST1884,15-09-2023,Mumbai,PROD100,1,2799,2799,Shipped,Credit Card
ORD18421,CUST5000,28-12-2022,Pune,PROD179,3,1799,5397,Pending,Cash on Delivery
ORD18422,CUST4740,15-11-2023,Chennai,PROD201,3,799,2397,Returned,Credit Card
ORD18423,CUST1973,10-06-2024,Visakhapatnam,PROD179,2,1799,3598,Cancelled,PayPal
ORD18424,CUST3965,16-06-2023,Bhubaneswar,PROD115,1,2499,2499,Shipped,PayPal
ORD18425,CUST3608,23-06-2024,Hyderabad,PROD142,1,59999,59999,Delivered,PayPal
ORD18426,CUST1948,02-02-2023,Pune,PROD158,1,8995,8995,Pending,Cash on Delivery
ORD18427,CUST3932,02-04-2025,Bangalore,PROD187,1,4999,4999,Cancelled,Credit Card
ORD18428,CUST3238,10-11-2022,Lucknow,PROD151,1,49999,49999,Delivered,Cash on Delivery
ORD18429,CUST4450,02-12-2024,Ahmedabad,PROD215,3,1799,5397,Delivered,PayPal
ORD18430,CUST2869,10-12-2024,Nagpur,PROD131,2,499,998,Cancelled,PayPal
ORD18431,CUST2544,29-07-2023,Noida,PROD131,3,499,1497,Cancelled,PayPal
ORD18432,CUST3965,17-07-2024,Surat,PROD178,3,1299,3897,Returned,Credit Card
ORD18433,CUST1888,19-09-2022,Chennai,PROD199,3,1299,3897,Shipped,PayPal
ORD18434,CUST1067,09-11-2023,Bhubaneswar,PROD113,2,1499,2998,Cancelled,PayPal
ORD18435,CUST1571,08-07-2025,Mumbai,PROD169,2,1899,3798,Cancelled,PayPal
ORD18436,CUST4943,07-08-2023,Ahmedabad,PROD107,3,1299,3897,Shipped,Cash on Delivery
ORD18437,CUST4126,25-10-2024,Delhi,PROD203,3,1999,5997,Shipped,Cash on Delivery
ORD18438,CUST5105,10-09-2024,Hyderabad,PROD174,3,899,2697,Cancelled,PayPal
ORD18439,CUST1180,20-09-2022,Surat,PROD146,1,34999,34999,Returned,Cash on Delivery
ORD18440,CUST2742,08-05-2025,Patna,PROD214,3,499,1497,Shipped,PayPal
ORD18441,CUST1753,30-12-2022,Gurgaon,PROD153,1,62990,62990,Pending,Cash on Delivery
ORD18442,CUST3718,01-09-2022,Mumbai,PROD188,2,499,998,Shipped,Credit Card
ORD18443,CUST5069,11-06-2023,Hyderabad,PROD175,2,1499,2998,Pending,Cash on Delivery
ORD18444,CUST1715,05-04-2025,Mumbai,PROD151,1,49999,49999,Pending,Credit Card
ORD18445,CUST3766,17-10-2023,Pune,PROD158,1,8995,8995,Shipped,Cash on Delivery
ORD18446,CUST3990,19-11-2024,Chennai,PROD103,1,2999,2999,Cancelled,Cash on Delivery
ORD18447,CUST1277,26-03-2023,Mumbai,PROD101,1,6499,6499,Pending,Credit Card
ORD18448,CUST4445,04-05-2023,Mumbai,PROD107,3,1299,3897,Delivered,Cash on Delivery
ORD18449,CUST1069,09-11-2023,Nagpur,PROD209,2,1799,3598,Delivered,PayPal
ORD18450,CUST3585,23-04-2024,Ahmedabad,PROD195,1,4499,4499,Cancelled,Cash on Delivery
ORD18451,CUST5203,07-04-2025,Bhubaneswar,PROD163,1,4999,4999,Shipped,Cash on Delivery
ORD18452,CUST1621,02-03-2023,Mumbai,PROD129,2,349,698,Returned,Credit Card
ORD18453,CUST4737,04-10-2024,Mumbai,PROD198,1,6999,6999,Shipped,PayPal
ORD18454,CUST3542,06-05-2024,Noida,PROD118,1,2999,2999,Cancelled,Credit Card
ORD18455,CUST2248,09-09-2024,Indore,PROD100,1,2799,2799,Returned,Credit Card
ORD18456,CUST1605,23-05-2024,Hyderabad,PROD193,2,1499,2998,Shipped,PayPal
ORD18457,CUST5226,09-03-2025,Kolkata,PROD205,2,399,798,Returned,Cash on Delivery
ORD18458,CUST5049,06-04-2024,Lucknow,PROD185,2,1499,2998,Delivered,Credit Card
ORD18459,CUST3881,05-04-2024,Ahmedabad,PROD153,1,62990,62990,Returned,PayPal
ORD18460,CUST5189,12-10-2023,Chennai,PROD130,3,599,1797,Shipped,PayPal
ORD18461,CUST4016,25-10-2023,Bangalore,PROD132,2,399,798,Cancelled,Cash on Delivery
ORD18462,CUST1568,07-03-2025,Chennai,PROD190,1,2499,2499,Pending,Cash on Delivery
ORD18463,CUST2631,24-11-2022,Kochi,PROD142,1,59999,59999,Returned,Cash on Delivery
ORD18464,CUST4926,08-12-2023,Kolkata,PROD163,1,4999,4999,Shipped,PayPal
ORD18465,CUST1500,03-10-2022,Pune,PROD209,3,1799,5397,Returned,Credit Card
ORD18466,CUST2808,22-09-2023,Bangalore,PROD217,2,999,1998,Cancelled,Credit Card
ORD18467,CUST3620,17-12-2023,Delhi,PROD217,2,999,1998,Delivered,Credit Card
ORD18468,CUST2917,28-05-2024,Bangalore,PROD153,1,62990,62990,Returned,PayPal
ORD18469,CUST1609,07-04-2025,Chennai,PROD205,3,399,1197,Cancelled,Credit Card
ORD18470,CUST3345,19-10-2024,Nagpur,PROD128,2,799,1598,Shipped,PayPal
ORD18471,CUST4418,06-08-2024,Hyderabad,PROD208,3,899,2697,Cancelled,Cash on Delivery
ORD18472,CUST2455,04-05-2023,Pune,PROD106,1,5999,5999,Returned,PayPal
ORD18473,CUST2529,21-05-2023,Gurgaon,PROD192,1,4999,4999,Delivered,PayPal
ORD18474,CUST1077,10-02-2024,Chennai,PROD182,2,1899,3798,Delivered,Cash on Delivery
ORD18475,CUST3062,14-10-2023,Chennai,PROD148,1,6499,6499,Delivered,Cash on Delivery
ORD18476,CUST3436,20-01-2025,Chennai,PROD121,3,499,1497,Cancelled,PayPal
ORD18477,CUST3806,28-12-2023,Chennai,PROD110,1,2999,2999,Pending,Cash on Delivery
ORD18478,CUST1741,08-01-2024,Noida,PROD136,3,499,1497,Delivered,PayPal
ORD18479,CUST5189,02-01-2024,Bangalore,PROD127,2,899,1798,Shipped,Cash on Delivery
ORD18480,CUST3859,14-02-2025,Pune,PROD111,3,1899,5697,Delivered,Credit Card
ORD18481,CUST1312,23-01-2023,Noida,PROD207,3,1299,3897,Cancelled,Credit Card
ORD18482,CUST2304,22-09-2023,Mumbai,PROD132,3,399,1197,Shipped,Cash on Delivery
ORD18483,CUST4126,09-01-2025,Kolkata,PROD114,3,1999,5997,Returned,Cash on Delivery
ORD18484,CUST1914,03-09-2022,Kolkata,PROD105,1,2499,2499,Cancelled,PayPal
ORD18485,CUST4506,05-02-2025,Delhi,PROD161,2,1499,2998,Pending,Cash on Delivery
ORD18486,CUST2779,16-06-2024,Kolkata,PROD132,3,399,1197,Pending,Cash on Delivery
ORD18487,CUST1089,26-03-2023,Kolkata,PROD112,3,1699,5097,Cancelled,Credit Card
ORD18488,CUST4065,25-08-2022,Hyderabad,PROD203,3,1999,5997,Returned,Credit Card
ORD18489,CUST1377,06-08-2024,Chennai,PROD124,3,699,2097,Returned,Credit Card
ORD18490,CUST1672,23-07-2023,Mumbai,PROD194,3,999,2997,Cancelled,Credit Card
ORD18491,CUST4845,08-06-2023,Bangalore,PROD135,2,350,700,Returned,Cash on Delivery
ORD18492,CUST1852,28-08-2024,Mumbai,PROD163,1,4999,4999,Delivered,PayPal
ORD18493,CUST2867,15-12-2023,Kolkata,PROD188,2,499,998,Shipped,PayPal
ORD18494,CUST1272,14-01-2023,Hyderabad,PROD184,1,2999,2999,Returned,Credit Card
ORD18495,CUST2517,20-11-2022,Kolkata,PROD202,2,1499,2998,Delivered,Cash on Delivery
ORD18496,CUST2277,31-12-2024,Noida,PROD189,2,899,1798,Cancelled,Cash on Delivery
ORD18497,CUST3356,31-07-2024,Kochi,PROD218,3,299,897,Cancelled,Credit Card
ORD18498,CUST3477,30-10-2024,Mumbai,PROD177,3,1599,4797,Shipped,PayPal
ORD18499,CUST3825,31-05-2025,Pune,PROD201,2,799,1598,Shipped,Cash on Delivery
ORD18500,CUST1760,06-07-2025,Ahmedabad,PROD144,1,58499,58499,Cancelled,PayPal
ORD18501,CUST3058,28-10-2023,Pune,PROD148,1,6499,6499,Returned,PayPal
ORD18502,CUST4676,12-02-2025,Kolkata,PROD158,1,8995,8995,Pending,Credit Card
ORD18503,CUST4085,06-07-2023,Chennai,PROD138,2,799,1598,Delivered,Credit Card
ORD18504,CUST3065,31-08-2024,Visakhapatnam,PROD204,1,2299,2299,Cancelled,Cash on Delivery
ORD18505,CUST3236,20-11-2022,Pune,PROD196,2,899,1798,Cancelled,PayPal
ORD18506,CUST2458,24-02-2023,Delhi,PROD120,2,599,1198,Returned,Cash on Delivery
ORD18507,CUST1693,01-10-2022,Bangalore,PROD121,2,499,998,Cancelled,PayPal
ORD18508,CUST1234,12-07-2025,Chennai,PROD173,3,1299,3897,Returned,PayPal
ORD18509,CUST3453,11-09-2024,Delhi,PROD123,3,449,1347,Returned,Credit Card
ORD18510,CUST1798,03-08-2024,Hyderabad,PROD101,1,6499,6499,Pending,Credit Card
ORD18511,CUST3822,14-07-2025,Bhubaneswar,PROD185,3,1499,4497,Cancelled,Cash on Delivery
ORD18512,CUST1739,10-02-2023,Hyderabad,PROD148,1,6499,6499,Pending,Credit Card
ORD18513,CUST4120,12-11-2024,Ahmedabad,PROD110,1,2999,2999,Shipped,Cash on Delivery
ORD18514,CUST4699,03-12-2023,Mumbai,PROD189,2,899,1798,Pending,Credit Card
ORD18515,CUST2877,11-07-2023,Hyderabad,PROD105,1,2499,2499,Returned,PayPal
ORD18516,CUST3693,04-12-2022,Kolkata,PROD167,1,3499,3499,Pending,Credit Card
ORD18517,CUST3914,21-10-2022,Pune,PROD175,3,1499,4497,Cancelled,Cash on Delivery
ORD18518,CUST4336,17-05-2023,Hyderabad,PROD163,1,4999,4999,Returned,Cash on Delivery
ORD18519,CUST1999,08-04-2025,Kochi,PROD105,1,2499,2499,Delivered,PayPal
ORD18520,CUST3145,31-01-2025,Chandigarh,PROD170,1,2499,2499,Delivered,PayPal
ORD18521,CUST5264,16-02-2024,Indore,PROD198,1,6999,6999,Pending,PayPal
ORD18522,CUST4246,20-02-2023,Hyderabad,PROD138,3,799,2397,Shipped,Credit Card
ORD18523,CUST1739,12-05-2024,Chennai,PROD166,1,9499,9499,Pending,PayPal
ORD18524,CUST4855,15-01-2025,Pune,PROD215,3,1799,5397,Pending,Cash on Delivery
ORD18525,CUST2211,30-12-2022,Delhi,PROD122,2,399,798,Shipped,PayPal
ORD18526,CUST2279,20-12-2024,Bhubaneswar,PROD142,1,59999,59999,Cancelled,PayPal
ORD18527,CUST1449,30-09-2023,Pune,PROD210,1,2499,2499,Returned,PayPal
ORD18528,CUST2374,02-09-2024,Bhubaneswar,PROD150,1,42999,42999,Shipped,Cash on Delivery
ORD18529,CUST3488,27-10-2023,Mumbai,PROD186,1,3499,3499,Delivered,PayPal
ORD18530,CUST1456,19-05-2024,Kochi,PROD203,3,1999,5997,Pending,Cash on Delivery
ORD18531,CUST5325,16-01-2024,Kochi,PROD183,2,999,1998,Cancelled,Cash on Delivery
ORD18532,CUST2002,01-10-2023,Pune,PROD187,1,4999,4999,Pending,Cash on Delivery
ORD18533,CUST4513,02-01-2025,Bangalore,PROD144,1,58499,58499,Delivered,Cash on Delivery
ORD18534,CUST2746,25-06-2023,Visakhapatnam,PROD189,3,899,2697,Cancelled,Cash on Delivery
ORD18535,CUST1595,20-12-2024,Delhi,PROD104,1,4499,4499,Delivered,PayPal
ORD18536,CUST2689,13-01-2023,Pune,PROD202,3,1499,4497,Delivered,Credit Card
ORD18537,CUST4192,09-01-2023,Delhi,PROD149,3,1499,4497,Cancelled,PayPal
ORD18538,CUST1022,04-02-2023,Chandigarh,PROD140,1,69999,69999,Shipped,Credit Card
ORD18539,CUST1019,16-09-2024,Gurgaon,PROD145,1,62990,62990,Pending,PayPal
ORD18540,CUST3338,14-09-2023,Bhubaneswar,PROD207,2,1299,2598,Shipped,PayPal
ORD18541,CUST3082,28-07-2023,Ahmedabad,PROD162,1,3299,3299,Returned,Credit Card
ORD18542,CUST3463,16-08-2025,Kolkata,PROD102,2,1799,3598,Cancelled,Cash on Delivery
ORD18543,CUST5166,26-06-2023,Pune,PROD135,3,350,1050,Pending,Credit Card
ORD18544,CUST1207,21-02-2025,Noida,PROD206,3,699,2097,Delivered,PayPal
ORD18545,CUST4863,08-10-2023,Bhubaneswar,PROD114,3,1999,5997,Shipped,Credit Card
ORD18546,CUST1151,23-03-2025,Chandigarh,PROD103,1,2999,2999,Returned,PayPal
ORD18547,CUST4171,25-01-2024,Kolkata,PROD109,1,2399,2399,Returned,PayPal
ORD18548,CUST5153,04-09-2023,Kolkata,PROD135,3,350,1050,Delivered,Cash on Delivery
ORD18549,CUST3483,26-05-2023,Pune,PROD183,3,999,2997,Returned,PayPal
ORD18550,CUST1123,20-09-2024,Bangalore,PROD178,2,1299,2598,Shipped,Cash on Delivery
ORD18551,CUST2210,02-08-2025,Hyderabad,PROD213,2,1999,3998,Pending,Cash on Delivery
ORD18552,CUST2105,20-08-2025,Kolkata,PROD203,3,1999,5997,Delivered,PayPal
ORD18553,CUST3560,11-07-2023,Bangalore,PROD180,1,2499,2499,Cancelled,PayPal
ORD18554,CUST4616,28-03-2023,Ahmedabad,PROD124,2,699,1398,Shipped,PayPal
ORD18555,CUST4317,05-09-2024,Chandigarh,PROD179,3,1799,5397,Delivered,Cash on Delivery
ORD18556,CUST4083,24-10-2024,Bangalore,PROD171,1,6999,6999,Cancelled,PayPal
ORD18557,CUST3187,06-09-2022,Hyderabad,PROD163,1,4999,4999,Returned,Credit Card
ORD18558,CUST1175,13-09-2022,Delhi,PROD195,1,4499,4499,Cancelled,Credit Card
ORD18559,CUST2862,01-10-2023,Lucknow,PROD195,1,4499,4499,Shipped,PayPal
ORD18560,CUST2145,12-01-2023,Nagpur,PROD215,3,1799,5397,Delivered,PayPal
ORD18561,CUST4115,06-10-2023,Chandigarh,PROD205,2,399,798,Pending,PayPal
ORD18562,CUST2115,02-09-2024,Surat,PROD163,1,4999,4999,Pending,Credit Card
ORD18563,CUST4216,23-09-2023,Chandigarh,PROD113,2,1499,2998,Returned,Credit Card
ORD18564,CUST5236,19-06-2023,Delhi,PROD149,2,1499,2998,Returned,Credit Card
ORD18565,CUST4414,16-02-2023,Mumbai,PROD183,3,999,2997,Pending,PayPal
ORD18566,CUST3037,26-11-2022,Bangalore,PROD134,3,450,1350,Returned,Cash on Delivery
ORD18567,CUST2852,06-11-2024,Noida,PROD103,1,2999,2999,Delivered,Credit Card
ORD18568,CUST2138,22-08-2025,Chandigarh,PROD138,2,799,1598,Cancelled,PayPal
ORD18569,CUST4931,27-07-2025,Chennai,PROD155,1,34999,34999,Shipped,Credit Card
ORD18570,CUST2597,15-01-2024,Nagpur,PROD100,1,2799,2799,Cancelled,Credit Card
ORD18571,CUST2449,05-12-2023,Pune,PROD127,2,899,1798,Delivered,Credit Card
ORD18572,CUST4094,14-04-2025,Nagpur,PROD180,1,2499,2499,Pending,Cash on Delivery
ORD18573,CUST5194,30-04-2025,Gurgaon,PROD111,3,1899,5697,Pending,PayPal
ORD18574,CUST2244,27-07-2025,Pune,PROD128,2,799,1598,Cancelled,Credit Card
ORD18575,CUST3461,01-03-2025,Pune,PROD147,1,29990,29990,Pending,PayPal
ORD18576,CUST2149,07-07-2024,Chandigarh,PROD142,1,59999,59999,Delivered,PayPal
ORD18577,CUST2867,17-11-2024,Chennai,PROD101,1,6499,6499,Returned,PayPal
ORD18578,CUST2902,12-08-2024,Kolkata,PROD133,3,299,897,Delivered,Cash on Delivery
ORD18579,CUST1702,23-11-2022,Bangalore,PROD195,1,4499,4499,Shipped,Cash on Delivery
ORD18580,CUST3768,03-03-2023,Mumbai,PROD112,3,1699,5097,Pending,Credit Card
ORD18581,CUST4750,25-02-2023,Mumbai,PROD125,3,549,1647,Cancelled,PayPal
ORD18582,CUST3524,03-10-2022,Bhubaneswar,PROD180,1,2499,2499,Pending,Credit Card
ORD18583,CUST4079,13-09-2023,Pune,PROD126,3,299,897,Delivered,Cash on Delivery
ORD18584,CUST1639,11-01-2023,Kolkata,PROD112,3,1699,5097,Delivered,PayPal
ORD18585,CUST2402,07-07-2023,Gurgaon,PROD190,1,2499,2499,Shipped,PayPal
ORD18586,CUST1984,16-07-2024,Gurgaon,PROD155,1,34999,34999,Pending,Cash on Delivery
ORD18587,CUST3885,07-02-2024,Kochi,PROD144,1,58499,58499,Pending,Cash on Delivery
ORD18588,CUST4770,25-09-2024,Noida,PROD189,2,899,1798,Pending,Credit Card
ORD18589,CUST1753,23-12-2024,Kochi,PROD124,3,699,2097,Returned,Cash on Delivery
ORD18590,CUST2661,09-09-2023,Mumbai,PROD180,1,2499,2499,Pending,Credit Card
ORD18591,CUST1537,29-05-2025,Pune,PROD114,2,1999,3998,Delivered,Cash on Delivery
ORD18592,CUST2498,16-09-2023,Bangalore,PROD141,1,64999,64999,Returned,PayPal
ORD18593,CUST4616,01-11-2022,Bhubaneswar,PROD152,1,39999,39999,Delivered,Cash on Delivery
ORD18594,CUST4782,04-11-2024,Kochi,PROD214,3,499,1497,Pending,PayPal
ORD18595,CUST2034,27-09-2024,Lucknow,PROD163,1,4999,4999,Delivered,Credit Card
ORD18596,CUST3050,29-05-2024,Chennai,PROD189,3,899,2697,Pending,PayPal
ORD18597,CUST5325,07-12-2023,Delhi,PROD142,1,59999,59999,Shipped,Credit Card
ORD18598,CUST1355,10-12-2024,Kochi,PROD218,3,299,897,Cancelled,Cash on Delivery
ORD18599,CUST4919,14-07-2025,Mumbai,PROD105,1,2499,2499,Pending,PayPal
ORD18600,CUST2448,12-12-2023,Jaipur,PROD182,2,1899,3798,Delivered,Cash on Delivery
ORD18601,CUST1453,18-11-2022,Chennai,PROD117,1,2299,2299,Delivered,Cash on Delivery
ORD18602,CUST1972,03-06-2025,Indore,PROD130,3,599,1797,Cancelled,PayPal
ORD18603,CUST2215,10-04-2023,Nagpur,PROD216,1,2299,2299,Delivered,Cash on Delivery
ORD18604,CUST4612,03-05-2023,Bangalore,PROD100,1,2799,2799,Pending,Credit Card
ORD18605,CUST4890,09-03-2023,Kolkata,PROD158,1,8995,8995,Returned,Cash on Delivery
ORD18606,CUST4521,16-08-2023,Kolkata,PROD211,2,1799,3598,Returned,Cash on Delivery
ORD18607,CUST2198,31-01-2025,Hyderabad,PROD152,1,39999,39999,Pending,PayPal
ORD18608,CUST2657,13-10-2024,Lucknow,PROD196,3,899,2697,Delivered,Cash on Delivery
ORD18609,CUST1501,15-07-2025,Kochi,PROD156,1,29990,29990,Returned,Credit Card
ORD18610,CUST2366,20-12-2022,Delhi,PROD173,3,1299,3897,Pending,Credit Card
ORD18611,CUST4264,04-10-2023,Pune,PROD151,1,49999,49999,Returned,PayPal
ORD18612,CUST2333,19-01-2024,Lucknow,PROD123,3,449,1347,Cancelled,PayPal
ORD18613,CUST1120,31-12-2023,Chennai,PROD104,1,4499,4499,Pending,PayPal
ORD18614,CUST4568,21-04-2023,Nagpur,PROD180,1,2499,2499,Shipped,Credit Card
ORD18615,CUST2099,25-10-2024,Lucknow,PROD103,1,2999,2999,Delivered,PayPal
ORD18616,CUST5102,21-06-2024,Chennai,PROD105,1,2499,2499,Returned,Cash on Delivery
ORD18617,CUST2444,01-08-2025,Pune,PROD185,3,1499,4497,Cancelled,Cash on Delivery
ORD18618,CUST2494,19-04-2025,Nagpur,PROD155,1,34999,34999,Pending,PayPal
ORD18619,CUST4573,19-08-2024,Visakhapatnam,PROD194,3,999,2997,Shipped,Cash on Delivery
ORD18620,CUST4347,10-11-2024,Hyderabad,PROD189,3,899,2697,Delivered,PayPal
ORD18621,CUST2177,31-07-2025,Pune,PROD138,3,799,2397,Delivered,Credit Card
ORD18622,CUST2106,05-11-2023,Mumbai,PROD186,1,3499,3499,Returned,Cash on Delivery
ORD18623,CUST2502,09-02-2023,Pune,PROD133,3,299,897,Cancelled,Cash on Delivery
ORD18624,CUST1955,15-08-2023,Hyderabad,PROD155,1,34999,34999,Pending,Cash on Delivery
ORD18625,CUST1449,16-11-2022,Bangalore,PROD212,1,5499,5499,Returned,PayPal
ORD18626,CUST5160,05-03-2025,Bangalore,PROD136,2,499,998,Delivered,PayPal
ORD18627,CUST2215,24-02-2025,Bangalore,PROD173,3,1299,3897,Cancelled,PayPal
ORD18628,CUST4157,12-08-2024,Pune,PROD196,2,899,1798,Cancelled,PayPal
ORD18629,CUST1194,12-01-2025,Kochi,PROD105,1,2499,2499,Pending,Cash on Delivery
ORD18630,CUST2984,13-11-2022,Chennai,PROD178,2,1299,2598,Returned,Cash on Delivery
ORD18631,CUST1658,04-12-2023,Kolkata,PROD181,2,1299,2598,Shipped,Credit Card
ORD18632,CUST5250,23-10-2022,Lucknow,PROD174,3,899,2697,Cancelled,Cash on Delivery
ORD18633,CUST2852,09-06-2024,Bangalore,PROD133,3,299,897,Shipped,Credit Card
ORD18634,CUST1870,13-01-2024,Delhi,PROD157,1,14999,14999,Cancelled,PayPal
ORD18635,CUST3432,03-04-2025,Mumbai,PROD114,3,1999,5997,Delivered,Credit Card
ORD18636,CUST2083,04-07-2023,Kolkata,PROD158,1,8995,8995,Cancelled,PayPal
ORD18637,CUST1934,14-08-2023,Bangalore,PROD169,2,1899,3798,Shipped,Credit Card
ORD18638,CUST1617,02-08-2025,Nagpur,PROD176,1,3499,3499,Cancelled,PayPal
ORD18639,CUST5123,12-01-2025,Delhi,PROD133,2,299,598,Shipped,Cash on Delivery
ORD18640,CUST2647,11-08-2024,Bhubaneswar,PROD159,1,4499,4499,Pending,PayPal
ORD18641,CUST2176,10-02-2023,Delhi,PROD121,2,499,998,Returned,PayPal
ORD18642,CUST2395,02-01-2024,Hyderabad,PROD110,1,2999,2999,Pending,Cash on Delivery
ORD18643,CUST1602,26-02-2023,Chennai,PROD139,2,499,998,Pending,PayPal
ORD18644,CUST1311,22-02-2025,Delhi,PROD110,1,2999,2999,Shipped,Credit Card
ORD18645,CUST4147,18-02-2025,Bangalore,PROD111,2,1899,3798,Delivered,Cash on Delivery
ORD18646,CUST2766,23-12-2022,Lucknow,PROD170,1,2499,2499,Returned,Cash on Delivery
ORD18647,CUST4850,25-06-2025,Bangalore,PROD173,3,1299,3897,Shipped,PayPal
ORD18648,CUST4018,15-05-2023,Gurgaon,PROD200,1,2499,2499,Shipped,Cash on Delivery
ORD18649,CUST3925,29-04-2025,Ahmedabad,PROD218,3,299,897,Cancelled,PayPal
ORD18650,CUST1164,03-02-2025,Chennai,PROD206,3,699,2097,Pending,Cash on Delivery
ORD18651,CUST3623,02-08-2024,Chennai,PROD200,1,2499,2499,Shipped,Cash on Delivery
ORD18652,CUST3647,03-01-2023,Mumbai,PROD182,3,1899,5697,Delivered,Credit Card
ORD18653,CUST3715,27-07-2023,Bangalore,PROD102,2,1799,3598,Shipped,PayPal
ORD18654,CUST4679,11-05-2025,Lucknow,PROD203,3,1999,5997,Cancelled,Cash on Delivery
ORD18655,CUST1056,25-04-2023,Kolkata,PROD103,1,2999,2999,Shipped,Credit Card
ORD18656,CUST2255,07-04-2024,Bhubaneswar,PROD173,2,1299,2598,Delivered,PayPal
ORD18657,CUST3252,27-06-2024,Bangalore,PROD162,1,3299,3299,Pending,Credit Card
ORD18658,CUST1418,28-09-2023,Bangalore,PROD159,1,4499,4499,Pending,PayPal
ORD18659,CUST4549,16-10-2023,Noida,PROD136,3,499,1497,Pending,Credit Card
ORD18660,CUST3203,03-08-2023,Gurgaon,PROD120,3,599,1797,Shipped,Cash on Delivery
ORD18661,CUST4806,07-01-2023,Ahmedabad,PROD165,2,1799,3598,Shipped,Cash on Delivery
ORD18662,CUST1324,08-03-2023,Visakhapatnam,PROD148,1,6499,6499,Shipped,Cash on Delivery
ORD18663,CUST5086,14-11-2024,Mumbai,PROD193,2,1499,2998,Delivered,PayPal
ORD18664,CUST2062,03-09-2023,Indore,PROD143,1,89999,89999,Pending,PayPal
ORD18665,CUST4798,22-03-2025,Pune,PROD126,2,299,598,Delivered,Credit Card
ORD18666,CUST5325,11-10-2023,Delhi,PROD176,1,3499,3499,Shipped,PayPal
ORD18667,CUST3618,15-09-2022,Lucknow,PROD211,3,1799,5397,Cancelled,Cash on Delivery
ORD18668,CUST1826,06-11-2023,Pune,PROD193,2,1499,2998,Cancelled,Credit Card
ORD18669,CUST2535,19-10-2024,Patna,PROD182,2,1899,3798,Shipped,PayPal
ORD18670,CUST2167,24-09-2023,Patna,PROD157,1,14999,14999,Returned,Credit Card
ORD18671,CUST2759,10-03-2023,Chennai,PROD203,3,1999,5997,Shipped,Cash on Delivery
ORD18672,CUST3725,13-03-2025,Mumbai,PROD106,1,5999,5999,Returned,Credit Card
ORD18673,CUST3698,02-08-2023,Jaipur,PROD161,3,1499,4497,Cancelled,PayPal
ORD18674,CUST1765,19-06-2023,Delhi,PROD100,1,2799,2799,Shipped,Credit Card
ORD18675,CUST1731,01-05-2024,Bangalore,PROD126,3,299,897,Returned,Cash on Delivery
ORD18676,CUST1302,30-08-2022,Mumbai,PROD196,2,899,1798,Returned,Credit Card
ORD18677,CUST3536,26-08-2024,Mumbai,PROD146,1,34999,34999,Shipped,PayPal
ORD18678,CUST4451,27-12-2022,Noida,PROD133,3,299,897,Shipped,PayPal
ORD18679,CUST4390,14-01-2024,Lucknow,PROD148,1,6499,6499,Pending,PayPal
ORD18680,CUST2365,16-02-2025,Delhi,PROD210,1,2499,2499,Pending,Cash on Delivery
ORD18681,CUST1572,22-07-2025,Chennai,PROD169,2,1899,3798,Returned,Credit Card
ORD18682,CUST5202,09-10-2024,Jaipur,PROD141,1,64999,64999,Shipped,PayPal
ORD18683,CUST2550,16-01-2023,Hyderabad,PROD136,3,499,1497,Returned,Credit Card
ORD18684,CUST3188,30-11-2022,Chennai,PROD132,3,399,1197,Pending,Cash on Delivery
ORD18685,CUST3522,09-08-2023,Pune,PROD203,2,1999,3998,Cancelled,Credit Card
ORD18686,CUST2530,23-12-2022,Kolkata,PROD107,3,1299,3897,Pending,Credit Card
ORD18687,CUST2146,08-05-2025,Hyderabad,PROD157,1,14999,14999,Pending,PayPal
ORD18688,CUST4028,30-03-2024,Visakhapatnam,PROD181,2,1299,2598,Cancelled,Credit Card
ORD18689,CUST3140,28-02-2023,Ahmedabad,PROD177,3,1599,4797,Cancelled,Credit Card
ORD18690,CUST2831,03-05-2024,Noida,PROD183,3,999,2997,Shipped,Cash on Delivery
ORD18691,CUST4020,01-04-2024,Mumbai,PROD171,1,6999,6999,Cancelled,Cash on Delivery
ORD18692,CUST5071,06-12-2023,Kochi,PROD120,2,599,1198,Shipped,Credit Card
ORD18693,CUST3645,26-07-2023,Chennai,PROD105,1,2499,2499,Pending,PayPal
ORD18694,CUST1822,22-04-2025,Delhi,PROD173,2,1299,2598,Cancelled,Cash on Delivery
ORD18695,CUST2152,20-05-2025,Pune,PROD215,2,1799,3598,Pending,PayPal
ORD18696,CUST2795,04-02-2024,Hyderabad,PROD167,1,3499,3499,Shipped,Cash on Delivery
ORD18697,CUST1851,17-04-2024,Nagpur,PROD206,3,699,2097,Pending,PayPal
ORD18698,CUST4244,04-07-2023,Bangalore,PROD131,2,499,998,Returned,PayPal
ORD18699,CUST1497,08-12-2022,Nagpur,PROD109,1,2399,2399,Delivered,PayPal
ORD18700,CUST4530,12-12-2023,Jaipur,PROD198,1,6999,6999,Pending,Credit Card
ORD18701,CUST1724,11-12-2022,Bhubaneswar,PROD186,1,3499,3499,Shipped,Cash on Delivery
ORD18702,CUST2845,14-06-2024,Kolkata,PROD205,3,399,1197,Pending,Cash on Delivery
ORD18703,CUST5241,04-06-2025,Kolkata,PROD154,1,71990,71990,Pending,PayPal
ORD18704,CUST3687,25-10-2024,Delhi,PROD125,3,549,1647,Returned,Cash on Delivery
ORD18705,CUST5305,24-02-2025,Ahmedabad,PROD136,3,499,1497,Shipped,Cash on Delivery
ORD18706,CUST4158,10-10-2022,Gurgaon,PROD200,1,2499,2499,Shipped,Credit Card
ORD18707,CUST4733,29-08-2023,Indore,PROD174,3,899,2697,Delivered,Credit Card
ORD18708,CUST2505,19-10-2023,Kochi,PROD140,1,69999,69999,Pending,Credit Card
ORD18709,CUST4743,23-08-2025,Chandigarh,PROD144,1,58499,58499,Shipped,Cash on Delivery
ORD18710,CUST1541,25-06-2025,Gurgaon,PROD205,2,399,798,Shipped,Credit Card
ORD18711,CUST2528,04-09-2024,Bangalore,PROD216,1,2299,2299,Pending,PayPal
ORD18712,CUST2790,24-07-2023,Hyderabad,PROD142,1,59999,59999,Delivered,Credit Card
ORD18713,CUST2794,23-07-2025,Kochi,PROD118,1,2999,2999,Pending,Credit Card
ORD18714,CUST5005,18-05-2025,Delhi,PROD103,1,2999,2999,Delivered,PayPal
ORD18715,CUST3555,30-05-2024,Chennai,PROD218,2,299,598,Delivered,Cash on Delivery
ORD18716,CUST4237,23-09-2022,Kolkata,PROD111,3,1899,5697,Delivered,PayPal
ORD18717,CUST5106,25-07-2023,Hyderabad,PROD189,3,899,2697,Shipped,Credit Card
ORD18718,CUST4706,29-09-2022,Pune,PROD201,2,799,1598,Shipped,Credit Card
ORD18719,CUST1473,30-04-2024,Chennai,PROD129,2,349,698,Returned,Cash on Delivery
ORD18720,CUST4931,30-03-2025,Patna,PROD163,1,4999,4999,Shipped,PayPal
ORD18721,CUST4276,17-06-2023,Pune,PROD137,3,599,1797,Delivered,Cash on Delivery
ORD18722,CUST1799,11-05-2024,Bhubaneswar,PROD155,1,34999,34999,Delivered,Credit Card
ORD18723,CUST1390,16-07-2025,Lucknow,PROD100,1,2799,2799,Pending,Cash on Delivery
ORD18724,CUST1190,07-03-2024,Chennai,PROD104,1,4499,4499,Pending,PayPal
ORD18725,CUST3264,13-07-2024,Indore,PROD151,1,49999,49999,Pending,Credit Card
ORD18726,CUST1866,03-11-2024,Ahmedabad,PROD127,3,899,2697,Pending,Credit Card
ORD18727,CUST2307,10-02-2023,Mumbai,PROD126,3,299,897,Cancelled,PayPal
ORD18728,CUST4067,30-04-2025,Hyderabad,PROD189,3,899,2697,Cancelled,Cash on Delivery
ORD18729,CUST2068,30-03-2024,Visakhapatnam,PROD194,2,999,1998,Pending,Cash on Delivery
ORD18730,CUST2783,14-10-2023,Lucknow,PROD105,1,2499,2499,Returned,Credit Card
ORD18731,CUST5162,23-10-2024,Delhi,PROD101,1,6499,6499,Cancelled,Cash on Delivery
ORD18732,CUST1242,22-05-2024,Nagpur,PROD183,2,999,1998,Cancelled,PayPal
ORD18733,CUST1416,01-06-2023,Ahmedabad,PROD200,1,2499,2499,Returned,Credit Card
ORD18734,CUST1601,07-09-2023,Chennai,PROD100,1,2799,2799,Cancelled,PayPal
ORD18735,CUST4439,22-03-2023,Hyderabad,PROD105,1,2499,2499,Pending,Cash on Delivery
ORD18736,CUST1628,20-12-2022,Bangalore,PROD187,1,4999,4999,Cancelled,PayPal
ORD18737,CUST1263,24-11-2024,Gurgaon,PROD132,2,399,798,Returned,Credit Card
ORD18738,CUST2319,05-03-2025,Bhubaneswar,PROD130,3,599,1797,Delivered,Credit Card
ORD18739,CUST4549,07-08-2024,Pune,PROD199,3,1299,3897,Delivered,PayPal
ORD18740,CUST1220,23-06-2023,Pune,PROD147,1,29990,29990,Returned,PayPal
ORD18741,CUST3941,05-09-2024,Delhi,PROD122,3,399,1197,Delivered,PayPal
ORD18742,CUST1820,05-09-2022,Bangalore,PROD161,3,1499,4497,Shipped,Credit Card
ORD18743,CUST3661,04-08-2024,Surat,PROD120,3,599,1797,Delivered,Cash on Delivery
ORD18744,CUST1590,02-07-2024,Visakhapatnam,PROD123,2,449,898,Returned,Credit Card
ORD18745,CUST2408,12-12-2024,Hyderabad,PROD145,1,62990,62990,Delivered,Credit Card
ORD18746,CUST3548,20-08-2025,Mumbai,PROD188,2,499,998,Shipped,PayPal
ORD18747,CUST4152,10-04-2024,Pune,PROD160,1,5999,5999,Shipped,Credit Card
ORD18748,CUST3560,27-11-2023,Mumbai,PROD164,3,1199,3597,Delivered,Credit Card
ORD18749,CUST4346,21-03-2025,Visakhapatnam,PROD127,2,899,1798,Cancelled,Cash on Delivery
ORD18750,CUST4147,05-08-2023,Chandigarh,PROD118,1,2999,2999,Cancelled,Cash on Delivery
ORD18751,CUST3051,16-08-2023,Bangalore,PROD131,3,499,1497,Delivered,Credit Card
ORD18752,CUST5294,11-06-2024,Visakhapatnam,PROD109,1,2399,2399,Pending,PayPal
ORD18753,CUST1159,07-11-2024,Hyderabad,PROD212,1,5499,5499,Shipped,Cash on Delivery
ORD18754,CUST1557,15-06-2023,Pune,PROD200,1,2499,2499,Returned,Cash on Delivery
ORD18755,CUST2975,10-08-2023,Delhi,PROD174,2,899,1798,Pending,Credit Card
ORD18756,CUST4561,13-10-2023,Bangalore,PROD195,1,4499,4499,Returned,Credit Card
ORD18757,CUST1978,25-03-2023,Nagpur,PROD197,1,5999,5999,Cancelled,Credit Card
ORD18758,CUST5111,13-07-2025,Bangalore,PROD166,1,9499,9499,Pending,Credit Card
ORD18759,CUST4896,16-10-2023,Mumbai,PROD127,3,899,2697,Returned,PayPal
ORD18760,CUST3115,12-01-2025,Ahmedabad,PROD206,2,699,1398,Shipped,Credit Card
ORD18761,CUST1541,19-11-2022,Kolkata,PROD214,2,499,998,Returned,Cash on Delivery
ORD18762,CUST3986,14-07-2023,Hyderabad,PROD162,1,3299,3299,Returned,Credit Card
ORD18763,CUST1504,28-12-2024,Delhi,PROD180,1,2499,2499,Cancelled,PayPal
ORD18764,CUST2226,25-01-2023,Chennai,PROD138,2,799,1598,Returned,PayPal
ORD18765,CUST2760,14-02-2025,Bangalore,PROD102,2,1799,3598,Cancelled,PayPal
ORD18766,CUST4111,14-10-2022,Hyderabad,PROD102,3,1799,5397,Shipped,Credit Card
ORD18767,CUST2536,04-07-2025,Indore,PROD194,2,999,1998,Pending,Credit Card
ORD18768,CUST3982,19-04-2025,Lucknow,PROD142,1,59999,59999,Delivered,Credit Card
ORD18769,CUST2246,30-12-2024,Kolkata,PROD205,3,399,1197,Cancelled,Cash on Delivery
ORD18770,CUST4161,06-08-2023,Mumbai,PROD196,3,899,2697,Delivered,PayPal
ORD18771,CUST4915,22-06-2023,Pune,PROD171,1,6999,6999,Cancelled,PayPal
ORD18772,CUST2944,03-10-2024,Pune,PROD181,2,1299,2598,Shipped,PayPal
ORD18773,CUST2262,17-09-2022,Chandigarh,PROD130,3,599,1797,Pending,PayPal
ORD18774,CUST4109,28-02-2025,Jaipur,PROD199,3,1299,3897,Delivered,Cash on Delivery
ORD18775,CUST4820,11-08-2024,Pune,PROD172,1,3999,3999,Returned,Cash on Delivery
ORD18776,CUST3877,06-02-2024,Delhi,PROD106,1,5999,5999,Cancelled,PayPal
ORD18777,CUST4919,02-06-2024,Bangalore,PROD153,1,62990,62990,Delivered,Cash on Delivery
ORD18778,CUST1759,02-07-2024,Gurgaon,PROD116,1,3499,3499,Shipped,PayPal
ORD18779,CUST4785,17-09-2024,Bhubaneswar,PROD189,3,899,2697,Pending,PayPal
ORD18780,CUST2223,07-04-2024,Gurgaon,PROD105,1,2499,2499,Returned,Credit Card
ORD18781,CUST2846,21-09-2022,Kochi,PROD130,3,599,1797,Shipped,PayPal
ORD18782,CUST4630,16-09-2023,Lucknow,PROD214,3,499,1497,Delivered,Credit Card
ORD18783,CUST5009,10-03-2025,Patna,PROD197,1,5999,5999,Returned,Cash on Delivery
ORD18784,CUST2531,01-09-2022,Kolkata,PROD179,3,1799,5397,Delivered,Credit Card
ORD18785,CUST2779,17-09-2023,Nagpur,PROD174,2,899,1798,Shipped,PayPal
ORD18786,CUST1824,01-06-2024,Pune,PROD106,1,5999,5999,Delivered,Credit Card
ORD18787,CUST5321,13-09-2022,Lucknow,PROD146,1,34999,34999,Delivered,PayPal
ORD18788,CUST1682,06-11-2024,Chennai,PROD124,3,699,2097,Pending,Credit Card
ORD18789,CUST3155,10-11-2023,Visakhapatnam,PROD175,2,1499,2998,Shipped,PayPal
ORD18790,CUST3013,01-04-2025,Nagpur,PROD179,2,1799,3598,Returned,Credit Card
ORD18791,CUST4266,31-10-2023,Bangalore,PROD217,3,999,2997,Shipped,Cash on Delivery
ORD18792,CUST2432,08-07-2023,Jaipur,PROD173,3,1299,3897,Cancelled,Credit Card
ORD18793,CUST3127,03-09-2023,Pune,PROD216,1,2299,2299,Cancelled,PayPal
ORD18794,CUST3185,13-11-2024,Jaipur,PROD181,2,1299,2598,Delivered,Credit Card
ORD18795,CUST2619,08-06-2024,Patna,PROD181,2,1299,2598,Delivered,PayPal
ORD18796,CUST1337,22-04-2023,Surat,PROD218,3,299,897,Cancelled,Cash on Delivery
ORD18797,CUST3244,21-02-2024,Jaipur,PROD165,3,1799,5397,Delivered,Cash on Delivery
ORD18798,CUST2741,26-07-2025,Bangalore,PROD202,2,1499,2998,Cancelled,PayPal
ORD18799,CUST5285,24-10-2024,Nagpur,PROD161,3,1499,4497,Returned,Cash on Delivery
ORD18800,CUST3749,06-05-2025,Chandigarh,PROD159,1,4499,4499,Delivered,Cash on Delivery
ORD18801,CUST1827,12-06-2024,Ahmedabad,PROD163,1,4999,4999,Delivered,Cash on Delivery
ORD18802,CUST4146,24-02-2024,Pune,PROD199,2,1299,2598,Shipped,Credit Card
ORD18803,CUST4426,30-01-2025,Delhi,PROD194,3,999,2997,Returned,Cash on Delivery
ORD18804,CUST4859,13-11-2024,Gurgaon,PROD201,2,799,1598,Pending,PayPal
ORD18805,CUST2077,19-02-2023,Patna,PROD180,1,2499,2499,Cancelled,Cash on Delivery
ORD18806,CUST3687,30-05-2024,Mumbai,PROD112,3,1699,5097,Shipped,PayPal
ORD18807,CUST1153,29-09-2024,Chennai,PROD102,3,1799,5397,Shipped,Cash on Delivery
ORD18808,CUST1540,02-11-2022,Gurgaon,PROD169,2,1899,3798,Pending,Credit Card
ORD18809,CUST2377,17-04-2023,Nagpur,PROD208,3,899,2697,Pending,Cash on Delivery
ORD18810,CUST3038,14-10-2023,Kolkata,PROD109,1,2399,2399,Cancelled,Credit Card
ORD18811,CUST2523,29-03-2024,Delhi,PROD124,3,699,2097,Shipped,PayPal
ORD18812,CUST5157,15-04-2024,Surat,PROD196,3,899,2697,Cancelled,Credit Card
ORD18813,CUST1257,30-12-2022,Patna,PROD163,1,4999,4999,Cancelled,Credit Card
ORD18814,CUST4050,31-01-2023,Hyderabad,PROD161,3,1499,4497,Delivered,PayPal
ORD18815,CUST2890,24-04-2023,Chennai,PROD154,1,71990,71990,Cancelled,Credit Card
ORD18816,CUST3240,03-08-2023,Chennai,PROD178,3,1299,3897,Pending,Credit Card
ORD18817,CUST2355,22-12-2022,Mumbai,PROD196,2,899,1798,Pending,PayPal
ORD18818,CUST4889,07-11-2022,Pune,PROD206,2,699,1398,Shipped,PayPal
ORD18819,CUST4095,13-06-2023,Bhubaneswar,PROD185,3,1499,4497,Cancelled,Credit Card
ORD18820,CUST2676,12-08-2024,Delhi,PROD194,3,999,2997,Cancelled,PayPal
ORD18821,CUST3775,01-07-2023,Bangalore,PROD137,3,599,1797,Cancelled,Credit Card
ORD18822,CUST3932,06-05-2025,Indore,PROD167,1,3499,3499,Delivered,PayPal
ORD18823,CUST3711,23-04-2023,Hyderabad,PROD140,1,69999,69999,Shipped,PayPal
ORD18824,CUST4163,10-06-2023,Delhi,PROD109,1,2399,2399,Cancelled,PayPal
ORD18825,CUST3613,15-07-2024,Noida,PROD211,2,1799,3598,Cancelled,PayPal
ORD18826,CUST2951,11-03-2023,Chennai,PROD154,1,71990,71990,Shipped,Cash on Delivery
ORD18827,CUST4602,25-11-2022,Nagpur,PROD169,3,1899,5697,Shipped,Credit Card
ORD18828,CUST1601,11-11-2024,Hyderabad,PROD131,2,499,998,Cancelled,Credit Card
ORD18829,CUST3150,21-02-2025,Chennai,PROD173,3,1299,3897,Shipped,Cash on Delivery
ORD18830,CUST4813,24-02-2025,Kolkata,PROD184,1,2999,2999,Cancelled,Cash on Delivery
ORD18831,CUST5251,22-01-2023,Surat,PROD203,2,1999,3998,Pending,Credit Card
ORD18832,CUST3527,05-11-2023,Chandigarh,PROD114,3,1999,5997,Pending,PayPal
ORD18833,CUST2904,17-10-2023,Delhi,PROD175,3,1499,4497,Shipped,PayPal
ORD18834,CUST2456,22-10-2024,Bangalore,PROD107,3,1299,3897,Shipped,Credit Card
ORD18835,CUST1264,10-09-2022,Hyderabad,PROD131,2,499,998,Pending,PayPal
ORD18836,CUST3825,13-04-2025,Chennai,PROD153,1,62990,62990,Pending,Cash on Delivery
ORD18837,CUST2409,14-02-2025,Hyderabad,PROD198,1,6999,6999,Delivered,Cash on Delivery
ORD18838,CUST1993,09-03-2025,Delhi,PROD196,3,899,2697,Delivered,Cash on Delivery
ORD18839,CUST2593,27-07-2025,Visakhapatnam,PROD103,1,2999,2999,Shipped,Credit Card
ORD18840,CUST1702,03-02-2024,Lucknow,PROD133,2,299,598,Returned,Credit Card
ORD18841,CUST4325,11-01-2024,Pune,PROD103,1,2999,2999,Pending,Credit Card
ORD18842,CUST3161,24-06-2024,Delhi,PROD179,3,1799,5397,Delivered,PayPal
ORD18843,CUST4347,01-12-2024,Kochi,PROD209,2,1799,3598,Returned,Credit Card
ORD18844,CUST4988,13-01-2024,Ahmedabad,PROD129,2,349,698,Returned,Credit Card
ORD18845,CUST2046,13-05-2025,Mumbai,PROD145,1,62990,62990,Shipped,PayPal
ORD18846,CUST2733,19-11-2023,Jaipur,PROD156,1,29990,29990,Shipped,Credit Card
ORD18847,CUST2675,02-10-2024,Surat,PROD153,1,62990,62990,Delivered,PayPal
ORD18848,CUST5080,22-08-2025,Delhi,PROD104,1,4499,4499,Returned,Cash on Delivery
ORD18849,CUST1830,21-07-2023,Noida,PROD105,1,2499,2499,Returned,Cash on Delivery
ORD18850,CUST4763,30-11-2023,Pune,PROD126,3,299,897,Shipped,Credit Card
ORD18851,CUST1421,21-07-2025,Delhi,PROD176,1,3499,3499,Pending,PayPal
ORD18852,CUST5099,28-09-2023,Ahmedabad,PROD209,2,1799,3598,Delivered,Credit Card
ORD18853,CUST3279,04-10-2022,Bhubaneswar,PROD117,1,2299,2299,Pending,PayPal
ORD18854,CUST3584,09-05-2025,Hyderabad,PROD209,2,1799,3598,Delivered,PayPal
ORD18855,CUST5027,02-09-2023,Jaipur,PROD203,2,1999,3998,Delivered,PayPal
ORD18856,CUST4243,03-03-2025,Kolkata,PROD164,2,1199,2398,Pending,Credit Card
ORD18857,CUST4001,09-12-2023,Surat,PROD209,3,1799,5397,Returned,PayPal
ORD18858,CUST3386,13-01-2024,Pune,PROD153,1,62990,62990,Cancelled,Credit Card
ORD18859,CUST1216,20-04-2024,Kochi,PROD203,3,1999,5997,Shipped,Credit Card
ORD18860,CUST5117,14-04-2025,Patna,PROD207,3,1299,3897,Delivered,Credit Card
ORD18861,CUST2267,28-05-2024,Bhubaneswar,PROD180,1,2499,2499,Cancelled,Cash on Delivery
ORD18862,CUST2172,08-09-2024,Kolkata,PROD125,3,549,1647,Delivered,PayPal
ORD18863,CUST3186,10-08-2023,Kolkata,PROD119,2,1799,3598,Delivered,Cash on Delivery
ORD18864,CUST2440,30-04-2025,Pune,PROD139,3,499,1497,Returned,Credit Card
ORD18865,CUST4244,24-11-2022,Hyderabad,PROD119,3,1799,5397,Pending,Credit Card
ORD18866,CUST1838,11-11-2023,Visakhapatnam,PROD153,1,62990,62990,Cancelled,Cash on Delivery
ORD18867,CUST2772,30-08-2022,Surat,PROD183,2,999,1998,Returned,Cash on Delivery
ORD18868,CUST4757,16-09-2023,Jaipur,PROD132,3,399,1197,Pending,Cash on Delivery
ORD18869,CUST4551,14-05-2023,Noida,PROD215,3,1799,5397,Cancelled,PayPal
ORD18870,CUST4778,04-12-2024,Pune,PROD117,1,2299,2299,Shipped,Credit Card
ORD18871,CUST3407,24-12-2023,Nagpur,PROD107,2,1299,2598,Shipped,Credit Card
ORD18872,CUST4703,24-10-2024,Kolkata,PROD193,3,1499,4497,Delivered,Credit Card
ORD18873,CUST4101,02-05-2023,Ahmedabad,PROD207,3,1299,3897,Shipped,Cash on Delivery
ORD18874,CUST4680,09-09-2023,Chennai,PROD164,3,1199,3597,Pending,Credit Card
ORD18875,CUST3168,29-12-2024,Bangalore,PROD156,1,29990,29990,Shipped,PayPal
ORD18876,CUST1523,12-03-2023,Mumbai,PROD140,1,69999,69999,Shipped,PayPal
ORD18877,CUST4271,26-07-2023,Kochi,PROD152,1,39999,39999,Returned,Credit Card
ORD18878,CUST2910,30-08-2024,Delhi,PROD151,1,49999,49999,Returned,PayPal
ORD18879,CUST2356,17-09-2023,Hyderabad,PROD218,3,299,897,Delivered,Credit Card
ORD18880,CUST3003,13-03-2024,Kolkata,PROD165,3,1799,5397,Cancelled,PayPal
ORD18881,CUST3985,28-08-2022,Nagpur,PROD105,1,2499,2499,Delivered,Cash on Delivery
ORD18882,CUST3648,14-07-2024,Nagpur,PROD204,1,2299,2299,Pending,Cash on Delivery
ORD18883,CUST4589,04-06-2024,Mumbai,PROD107,3,1299,3897,Returned,Credit Card
ORD18884,CUST4322,30-01-2023,Kolkata,PROD164,3,1199,3597,Shipped,Cash on Delivery
ORD18885,CUST4787,10-11-2022,Bhubaneswar,PROD148,1,6499,6499,Returned,PayPal
ORD18886,CUST1919,09-08-2023,Kochi,PROD128,3,799,2397,Returned,PayPal
ORD18887,CUST2432,16-07-2024,Bangalore,PROD178,3,1299,3897,Returned,PayPal
ORD18888,CUST2146,13-07-2023,Mumbai,PROD136,2,499,998,Shipped,Cash on Delivery
ORD18889,CUST1597,29-05-2023,Bhubaneswar,PROD131,2,499,998,Pending,Credit Card
ORD18890,CUST4338,24-01-2023,Kolkata,PROD175,3,1499,4497,Cancelled,Cash on Delivery
ORD18891,CUST1789,28-06-2025,Ahmedabad,PROD117,1,2299,2299,Shipped,Credit Card
ORD18892,CUST4716,18-05-2025,Gurgaon,PROD138,3,799,2397,Cancelled,PayPal
ORD18893,CUST1638,17-09-2022,Mumbai,PROD207,2,1299,2598,Shipped,PayPal
ORD18894,CUST4789,13-10-2022,Hyderabad,PROD161,3,1499,4497,Returned,Cash on Delivery
ORD18895,CUST4960,04-08-2024,Kolkata,PROD143,1,89999,89999,Delivered,PayPal
ORD18896,CUST1246,10-05-2024,Surat,PROD155,1,34999,34999,Shipped,Cash on Delivery
ORD18897,CUST1133,14-05-2023,Hyderabad,PROD163,1,4999,4999,Delivered,Cash on Delivery
ORD18898,CUST2579,05-10-2024,Kolkata,PROD175,3,1499,4497,Cancelled,Credit Card
ORD18899,CUST3152,03-04-2023,Mumbai,PROD201,2,799,1598,Shipped,PayPal
ORD18900,CUST1248,01-05-2025,Hyderabad,PROD170,1,2499,2499,Pending,PayPal
ORD18901,CUST3092,28-04-2025,Indore,PROD217,2,999,1998,Returned,Cash on Delivery
ORD18902,CUST2014,24-08-2025,Delhi,PROD134,3,450,1350,Cancelled,Credit Card
ORD18903,CUST3129,23-08-2023,Chandigarh,PROD146,1,34999,34999,Returned,PayPal
ORD18904,CUST2663,25-09-2024,Surat,PROD127,2,899,1798,Shipped,Credit Card
ORD18905,CUST2500,15-12-2022,Chandigarh,PROD142,1,59999,59999,Pending,PayPal
ORD18906,CUST4730,03-12-2024,Jaipur,PROD136,3,499,1497,Pending,PayPal
ORD18907,CUST1347,20-05-2024,Hyderabad,PROD137,2,599,1198,Delivered,Credit Card
ORD18908,CUST4866,05-01-2023,Delhi,PROD153,1,62990,62990,Returned,Credit Card
ORD18909,CUST3228,30-10-2023,Chandigarh,PROD116,1,3499,3499,Pending,Cash on Delivery
ORD18910,CUST5063,17-05-2023,Chandigarh,PROD170,1,2499,2499,Returned,Credit Card
ORD18911,CUST3734,27-09-2024,Jaipur,PROD123,3,449,1347,Pending,Credit Card
ORD18912,CUST2506,28-05-2024,Mumbai,PROD216,1,2299,2299,Shipped,Cash on Delivery
ORD18913,CUST1404,27-02-2025,Patna,PROD184,1,2999,2999,Pending,Credit Card
ORD18914,CUST4059,09-07-2025,Kolkata,PROD118,1,2999,2999,Pending,PayPal
ORD18915,CUST4319,28-04-2024,Pune,PROD185,2,1499,2998,Pending,Credit Card
ORD18916,CUST3143,05-06-2025,Indore,PROD209,2,1799,3598,Returned,PayPal
ORD18917,CUST2380,15-10-2024,Hyderabad,PROD105,1,2499,2499,Returned,PayPal
ORD18918,CUST2723,23-01-2025,Bangalore,PROD218,2,299,598,Returned,PayPal
ORD18919,CUST4015,13-11-2024,Chandigarh,PROD155,1,34999,34999,Returned,Cash on Delivery
ORD18920,CUST2509,11-07-2023,Kochi,PROD157,1,14999,14999,Delivered,Credit Card
ORD18921,CUST4498,12-01-2023,Chennai,PROD151,1,49999,49999,Returned,PayPal
ORD18922,CUST3066,25-10-2022,Pune,PROD148,1,6499,6499,Shipped,Cash on Delivery
ORD18923,CUST2194,03-05-2024,Noida,PROD140,1,69999,69999,Cancelled,PayPal
ORD18924,CUST4610,16-10-2024,Indore,PROD210,1,2499,2499,Cancelled,Cash on Delivery
ORD18925,CUST2162,04-12-2023,Pune,PROD136,3,499,1497,Cancelled,PayPal
ORD18926,CUST4295,07-06-2023,Bangalore,PROD205,2,399,798,Delivered,PayPal
ORD18927,CUST4976,17-01-2024,Noida,PROD210,1,2499,2499,Returned,PayPal
ORD18928,CUST4026,13-03-2024,Kochi,PROD182,2,1899,3798,Cancelled,Cash on Delivery
ORD18929,CUST1814,22-12-2022,Chandigarh,PROD140,1,69999,69999,Pending,PayPal
ORD18930,CUST5148,15-07-2024,Bhubaneswar,PROD210,1,2499,2499,Pending,Cash on Delivery
ORD18931,CUST3693,29-04-2025,Chandigarh,PROD149,3,1499,4497,Delivered,Cash on Delivery
ORD18932,CUST1152,12-11-2023,Pune,PROD179,2,1799,3598,Pending,PayPal
ORD18933,CUST1362,24-08-2025,Pune,PROD212,1,5499,5499,Delivered,Credit Card
ORD18934,CUST4160,28-07-2023,Indore,PROD178,3,1299,3897,Shipped,Credit Card
ORD18935,CUST3818,22-02-2023,Jaipur,PROD139,3,499,1497,Returned,PayPal
ORD18936,CUST3452,10-12-2024,Indore,PROD122,3,399,1197,Returned,Credit Card
ORD18937,CUST4737,31-08-2024,Bangalore,PROD194,2,999,1998,Cancelled,Credit Card
ORD18938,CUST1189,28-02-2024,Mumbai,PROD139,3,499,1497,Shipped,Credit Card
ORD18939,CUST5321,01-09-2024,Bangalore,PROD197,1,5999,5999,Shipped,Credit Card
ORD18940,CUST5311,18-03-2025,Surat,PROD185,2,1499,2998,Shipped,Credit Card
ORD18941,CUST3537,02-10-2024,Mumbai,PROD213,3,1999,5997,Returned,Credit Card
ORD18942,CUST1161,27-04-2025,Visakhapatnam,PROD122,3,399,1197,Cancelled,PayPal
ORD18943,CUST2006,10-12-2023,Bhubaneswar,PROD156,1,29990,29990,Cancelled,Cash on Delivery
ORD18944,CUST1400,05-12-2022,Gurgaon,PROD207,2,1299,2598,Returned,PayPal
ORD18945,CUST3859,24-08-2023,Pune,PROD210,1,2499,2499,Cancelled,Credit Card
ORD18946,CUST2099,08-12-2024,Chandigarh,PROD202,3,1499,4497,Returned,PayPal
ORD18947,CUST1797,25-01-2023,Hyderabad,PROD202,3,1499,4497,Delivered,PayPal
ORD18948,CUST2384,18-11-2023,Pune,PROD124,2,699,1398,Cancelled,Cash on Delivery
ORD18949,CUST4349,10-08-2024,Hyderabad,PROD100,1,2799,2799,Cancelled,PayPal
ORD18950,CUST3004,21-12-2023,Pune,PROD142,1,59999,59999,Pending,Cash on Delivery
ORD18951,CUST2652,16-12-2023,Visakhapatnam,PROD197,1,5999,5999,Shipped,PayPal
ORD18952,CUST3236,15-02-2023,Gurgaon,PROD185,3,1499,4497,Shipped,Cash on Delivery
ORD18953,CUST2061,22-10-2024,Hyderabad,PROD199,2,1299,2598,Pending,Credit Card
ORD18954,CUST4586,08-12-2022,Delhi,PROD134,2,450,900,Delivered,Credit Card
ORD18955,CUST3875,01-03-2025,Indore,PROD116,1,3499,3499,Pending,Credit Card
ORD18956,CUST5225,01-04-2024,Chandigarh,PROD140,1,69999,69999,Cancelled,Credit Card
ORD18957,CUST2209,27-12-2023,Mumbai,PROD191,2,1999,3998,Returned,PayPal
ORD18958,CUST4689,05-04-2023,Bhubaneswar,PROD135,3,350,1050,Cancelled,PayPal
ORD18959,CUST1279,18-02-2024,Delhi,PROD191,3,1999,5997,Cancelled,Cash on Delivery
ORD18960,CUST2429,03-06-2023,Ahmedabad,PROD215,2,1799,3598,Cancelled,PayPal
ORD18961,CUST3274,06-08-2024,Mumbai,PROD158,1,8995,8995,Delivered,PayPal
ORD18962,CUST3469,11-06-2024,Pune,PROD216,1,2299,2299,Returned,Cash on Delivery
ORD18963,CUST4352,28-07-2024,Mumbai,PROD211,2,1799,3598,Cancelled,Credit Card
ORD18964,CUST4773,01-05-2025,Patna,PROD168,3,1299,3897,Shipped,Cash on Delivery
ORD18965,CUST2119,16-12-2022,Hyderabad,PROD134,2,450,900,Cancelled,PayPal
ORD18966,CUST2873,09-08-2025,Chandigarh,PROD178,3,1299,3897,Pending,Credit Card
ORD18967,CUST2264,20-10-2024,Bangalore,PROD122,3,399,1197,Delivered,Cash on Delivery
ORD18968,CUST4693,17-01-2023,Pune,PROD186,1,3499,3499,Returned,Credit Card
ORD18969,CUST4227,07-01-2023,Jaipur,PROD162,1,3299,3299,Cancelled,PayPal
ORD18970,CUST4221,18-07-2024,Jaipur,PROD193,3,1499,4497,Delivered,Cash on Delivery
ORD18971,CUST4657,14-09-2024,Bangalore,PROD207,2,1299,2598,Delivered,PayPal
ORD18972,CUST1304,24-01-2023,Chandigarh,PROD131,3,499,1497,Shipped,Credit Card
ORD18973,CUST3549,14-10-2023,Hyderabad,PROD212,1,5499,5499,Shipped,Credit Card
ORD18974,CUST3610,12-06-2024,Noida,PROD118,1,2999,2999,Delivered,Credit Card
ORD18975,CUST5113,24-03-2024,Delhi,PROD209,2,1799,3598,Shipped,PayPal
ORD18976,CUST5097,25-05-2025,Bangalore,PROD181,3,1299,3897,Shipped,Cash on Delivery
ORD18977,CUST1671,27-10-2024,Kochi,PROD158,1,8995,8995,Pending,Credit Card
ORD18978,CUST3463,18-02-2023,Gurgaon,PROD146,1,34999,34999,Returned,Credit Card
ORD18979,CUST3667,21-09-2024,Hyderabad,PROD142,1,59999,59999,Returned,Cash on Delivery
ORD18980,CUST2610,19-04-2025,Patna,PROD208,3,899,2697,Shipped,Credit Card
ORD18981,CUST4050,26-03-2025,Mumbai,PROD198,1,6999,6999,Returned,PayPal
ORD18982,CUST4344,10-05-2023,Noida,PROD101,1,6499,6499,Cancelled,Credit Card
ORD18983,CUST5003,19-12-2024,Lucknow,PROD176,1,3499,3499,Returned,Cash on Delivery
ORD18984,CUST3561,17-07-2024,Gurgaon,PROD111,3,1899,5697,Cancelled,PayPal
ORD18985,CUST2982,10-06-2023,Kolkata,PROD157,1,14999,14999,Cancelled,PayPal
ORD18986,CUST1614,26-02-2024,Mumbai,PROD114,3,1999,5997,Cancelled,PayPal
ORD18987,CUST1776,16-06-2024,Gurgaon,PROD122,3,399,1197,Returned,Cash on Delivery
ORD18988,CUST5279,11-03-2025,Chennai,PROD208,2,899,1798,Cancelled,PayPal
ORD18989,CUST1252,26-01-2025,Kolkata,PROD202,3,1499,4497,Pending,Credit Card
ORD18990,CUST2966,08-04-2025,Kochi,PROD171,1,6999,6999,Pending,PayPal
ORD18991,CUST4246,22-06-2025,Chennai,PROD180,1,2499,2499,Delivered,Credit Card
ORD18992,CUST2847,14-02-2025,Hyderabad,PROD134,2,450,900,Pending,Cash on Delivery
ORD18993,CUST4213,09-07-2025,Delhi,PROD124,2,699,1398,Cancelled,Cash on Delivery
ORD18994,CUST2823,12-02-2023,Bangalore,PROD116,1,3499,3499,Pending,Cash on Delivery
ORD18995,CUST3023,17-03-2024,Hyderabad,PROD159,1,4499,4499,Shipped,PayPal
ORD18996,CUST5031,12-06-2023,Mumbai,PROD157,1,14999,14999,Shipped,Credit Card
ORD18997,CUST1771,30-09-2024,Hyderabad,PROD195,1,4499,4499,Cancelled,Cash on Delivery
ORD18998,CUST1968,10-04-2025,Pune,PROD162,1,3299,3299,Shipped,Cash on Delivery
ORD18999,CUST3366,30-01-2025,Delhi,PROD131,2,499,998,Pending,Credit Card
ORD19000,CUST4817,22-06-2025,Delhi,PROD111,2,1899,3798,Pending,Credit Card
ORD19001,CUST4619,13-11-2023,Bangalore,PROD208,3,899,2697,Shipped,Credit Card
ORD19002,CUST2715,02-11-2023,Noida,PROD102,3,1799,5397,Cancelled,PayPal
ORD19003,CUST4975,01-03-2024,Noida,PROD133,3,299,897,Delivered,PayPal
ORD19004,CUST1593,09-09-2022,Bangalore,PROD108,3,1499,4497,Pending,Cash on Delivery
ORD19005,CUST2429,18-05-2024,Mumbai,PROD204,1,2299,2299,Delivered,PayPal
ORD19006,CUST2905,28-11-2022,Gurgaon,PROD218,3,299,897,Pending,Credit Card
ORD19007,CUST1249,13-08-2023,Jaipur,PROD149,2,1499,2998,Shipped,Credit Card
ORD19008,CUST1717,20-02-2023,Bhubaneswar,PROD135,2,350,700,Pending,Cash on Delivery
ORD19009,CUST3087,07-11-2023,Noida,PROD173,2,1299,2598,Cancelled,Credit Card
ORD19010,CUST3002,20-02-2025,Gurgaon,PROD126,2,299,598,Pending,Credit Card
ORD19011,CUST2590,26-02-2023,Chennai,PROD164,2,1199,2398,Returned,PayPal
ORD19012,CUST5235,29-09-2023,Hyderabad,PROD107,3,1299,3897,Returned,Credit Card
ORD19013,CUST4352,28-05-2025,Chennai,PROD125,3,549,1647,Returned,PayPal
ORD19014,CUST3598,22-11-2024,Mumbai,PROD123,2,449,898,Cancelled,Cash on Delivery
ORD19015,CUST3067,27-05-2025,Mumbai,PROD169,3,1899,5697,Cancelled,PayPal
ORD19016,CUST5102,25-06-2024,Pune,PROD145,1,62990,62990,Shipped,Cash on Delivery
ORD19017,CUST1012,19-04-2024,Kolkata,PROD106,1,5999,5999,Returned,Cash on Delivery
ORD19018,CUST2970,07-01-2023,Kolkata,PROD205,2,399,798,Shipped,PayPal
ORD19019,CUST2663,27-05-2023,Delhi,PROD142,1,59999,59999,Shipped,PayPal
ORD19020,CUST3498,06-01-2024,Chennai,PROD110,1,2999,2999,Shipped,Cash on Delivery
ORD19021,CUST2225,14-02-2024,Pune,PROD125,3,549,1647,Shipped,Cash on Delivery
ORD19022,CUST2554,03-06-2024,Surat,PROD210,1,2499,2499,Delivered,Credit Card
ORD19023,CUST3701,09-05-2025,Jaipur,PROD147,1,29990,29990,Shipped,Cash on Delivery
ORD19024,CUST2400,16-07-2025,Delhi,PROD125,2,549,1098,Delivered,Credit Card
ORD19025,CUST4586,12-10-2023,Indore,PROD101,1,6499,6499,Shipped,Cash on Delivery
ORD19026,CUST2963,24-08-2025,Delhi,PROD204,1,2299,2299,Returned,PayPal
ORD19027,CUST1459,06-11-2022,Gurgaon,PROD186,1,3499,3499,Pending,Credit Card
ORD19028,CUST3080,24-06-2024,Kolkata,PROD195,1,4499,4499,Shipped,Cash on Delivery
ORD19029,CUST3691,19-05-2025,Visakhapatnam,PROD104,1,4499,4499,Cancelled,Credit Card
ORD19030,CUST1267,14-11-2022,Mumbai,PROD113,2,1499,2998,Shipped,PayPal
ORD19031,CUST5162,15-05-2023,Lucknow,PROD129,3,349,1047,Shipped,PayPal
ORD19032,CUST3445,17-11-2024,Kolkata,PROD120,3,599,1797,Delivered,Cash on Delivery
ORD19033,CUST4444,11-10-2022,Noida,PROD126,3,299,897,Shipped,PayPal
ORD19034,CUST3846,30-12-2024,Delhi,PROD206,3,699,2097,Shipped,Credit Card
ORD19035,CUST1567,23-12-2023,Pune,PROD117,1,2299,2299,Delivered,Credit Card
ORD19036,CUST3263,06-09-2024,Lucknow,PROD155,1,34999,34999,Cancelled,Credit Card
ORD19037,CUST4492,19-11-2022,Bangalore,PROD155,1,34999,34999,Cancelled,PayPal
ORD19038,CUST2625,10-08-2024,Chennai,PROD205,3,399,1197,Returned,PayPal
ORD19039,CUST1764,25-01-2024,Pune,PROD185,2,1499,2998,Pending,PayPal
ORD19040,CUST1469,09-05-2024,Bhubaneswar,PROD191,2,1999,3998,Pending,PayPal
ORD19041,CUST5142,24-10-2022,Delhi,PROD194,2,999,1998,Cancelled,Credit Card
ORD19042,CUST1707,14-02-2024,Mumbai,PROD199,3,1299,3897,Returned,Cash on Delivery
ORD19043,CUST4144,30-03-2023,Bhubaneswar,PROD147,1,29990,29990,Returned,Credit Card
ORD19044,CUST5291,25-06-2025,Mumbai,PROD218,2,299,598,Pending,Cash on Delivery
ORD19045,CUST2464,19-07-2025,Noida,PROD158,1,8995,8995,Shipped,Credit Card
ORD19046,CUST1770,27-04-2023,Visakhapatnam,PROD105,1,2499,2499,Delivered,Cash on Delivery
ORD19047,CUST2945,26-05-2023,Kolkata,PROD189,3,899,2697,Pending,Cash on Delivery
ORD19048,CUST2123,13-01-2024,Mumbai,PROD100,1,2799,2799,Cancelled,PayPal
ORD19049,CUST3568,30-06-2025,Surat,PROD200,1,2499,2499,Cancelled,Cash on Delivery
ORD19050,CUST5232,11-10-2024,Jaipur,PROD103,1,2999,2999,Delivered,Cash on Delivery
ORD19051,CUST1273,25-01-2025,Mumbai,PROD163,1,4999,4999,Pending,Cash on Delivery
ORD19052,CUST4317,15-09-2023,Kolkata,PROD174,2,899,1798,Pending,Credit Card
ORD19053,CUST3693,05-01-2023,Lucknow,PROD182,3,1899,5697,Returned,Credit Card
ORD19054,CUST1162,24-06-2024,Jaipur,PROD199,3,1299,3897,Pending,Credit Card
ORD19055,CUST1245,03-07-2024,Hyderabad,PROD167,1,3499,3499,Shipped,Cash on Delivery
ORD19056,CUST4447,14-08-2025,Chandigarh,PROD147,1,29990,29990,Delivered,PayPal
ORD19057,CUST3902,17-08-2025,Pune,PROD190,1,2499,2499,Cancelled,PayPal
ORD19058,CUST2177,20-12-2023,Indore,PROD127,3,899,2697,Returned,PayPal
ORD19059,CUST4891,06-08-2025,Indore,PROD107,2,1299,2598,Shipped,Cash on Delivery
ORD19060,CUST1350,13-11-2024,Pune,PROD117,1,2299,2299,Cancelled,Cash on Delivery
ORD19061,CUST4107,31-07-2025,Pune,PROD164,3,1199,3597,Delivered,Cash on Delivery
ORD19062,CUST4847,22-09-2022,Lucknow,PROD121,2,499,998,Returned,PayPal
ORD19063,CUST2867,17-01-2023,Bangalore,PROD208,3,899,2697,Cancelled,Credit Card
ORD19064,CUST2052,07-01-2024,Bangalore,PROD105,1,2499,2499,Pending,PayPal
ORD19065,CUST3017,20-12-2023,Hyderabad,PROD131,2,499,998,Shipped,Credit Card
ORD19066,CUST3957,01-09-2024,Patna,PROD186,1,3499,3499,Returned,Cash on Delivery
ORD19067,CUST2106,17-01-2023,Hyderabad,PROD182,2,1899,3798,Cancelled,PayPal
ORD19068,CUST3079,11-08-2023,Gurgaon,PROD191,3,1999,5997,Cancelled,Credit Card
ORD19069,CUST1790,07-10-2024,Gurgaon,PROD168,2,1299,2598,Shipped,PayPal
ORD19070,CUST1216,14-03-2024,Chennai,PROD174,3,899,2697,Shipped,Credit Card
ORD19071,CUST2314,06-05-2024,Kolkata,PROD127,2,899,1798,Returned,Credit Card
ORD19072,CUST4973,07-07-2023,Kochi,PROD150,1,42999,42999,Pending,Cash on Delivery
ORD19073,CUST3242,24-01-2025,Delhi,PROD202,3,1499,4497,Returned,Cash on Delivery
ORD19074,CUST4450,10-02-2025,Pune,PROD139,3,499,1497,Cancelled,Cash on Delivery
ORD19075,CUST3970,24-08-2024,Mumbai,PROD165,3,1799,5397,Delivered,PayPal
ORD19076,CUST4801,19-10-2024,Pune,PROD135,2,350,700,Pending,Cash on Delivery
ORD19077,CUST4893,30-06-2025,Lucknow,PROD145,1,62990,62990,Cancelled,Credit Card
ORD19078,CUST2121,11-09-2024,Indore,PROD110,1,2999,2999,Cancelled,Cash on Delivery
ORD19079,CUST4324,21-08-2025,Indore,PROD184,1,2999,2999,Pending,PayPal
ORD19080,CUST1032,17-03-2025,Chennai,PROD105,1,2499,2499,Shipped,Credit Card
ORD19081,CUST1804,28-04-2024,Chennai,PROD142,1,59999,59999,Delivered,Cash on Delivery
ORD19082,CUST4820,11-04-2023,Bangalore,PROD152,1,39999,39999,Pending,PayPal
ORD19083,CUST4204,16-05-2025,Chennai,PROD164,3,1199,3597,Shipped,Credit Card
ORD19084,CUST2667,01-12-2022,Visakhapatnam,PROD101,1,6499,6499,Cancelled,PayPal
ORD19085,CUST2977,17-09-2023,Kolkata,PROD167,1,3499,3499,Cancelled,Cash on Delivery
ORD19086,CUST3476,15-07-2024,Hyderabad,PROD125,3,549,1647,Returned,Credit Card
ORD19087,CUST5172,09-05-2024,Delhi,PROD162,1,3299,3299,Cancelled,Cash on Delivery
ORD19088,CUST4617,09-03-2025,Noida,PROD161,2,1499,2998,Cancelled,PayPal
ORD19089,CUST3835,01-01-2025,Hyderabad,PROD165,3,1799,5397,Pending,Credit Card
ORD19090,CUST4942,09-07-2023,Delhi,PROD135,2,350,700,Shipped,Cash on Delivery
ORD19091,CUST1013,22-01-2024,Bangalore,PROD139,3,499,1497,Shipped,Cash on Delivery
ORD19092,CUST4699,03-04-2025,Delhi,PROD139,2,499,998,Shipped,PayPal
ORD19093,CUST2735,15-07-2023,Indore,PROD122,2,399,798,Delivered,PayPal
ORD19094,CUST2757,09-04-2024,Chennai,PROD146,1,34999,34999,Delivered,Cash on Delivery
ORD19095,CUST4679,16-02-2024,Jaipur,PROD160,1,5999,5999,Shipped,PayPal
ORD19096,CUST3863,07-07-2024,Chennai,PROD201,3,799,2397,Shipped,Credit Card
ORD19097,CUST2967,30-04-2024,Pune,PROD106,1,5999,5999,Returned,Cash on Delivery
ORD19098,CUST4468,29-05-2023,Chennai,PROD139,2,499,998,Delivered,Cash on Delivery
ORD19099,CUST4785,07-02-2025,Lucknow,PROD215,3,1799,5397,Delivered,Cash on Delivery
ORD19100,CUST2281,24-09-2023,Noida,PROD150,1,42999,42999,Cancelled,Credit Card
ORD19101,CUST4225,29-01-2025,Kochi,PROD172,1,3999,3999,Shipped,Cash on Delivery
ORD19102,CUST4135,11-02-2025,Hyderabad,PROD110,1,2999,2999,Delivered,Credit Card
ORD19103,CUST4670,27-11-2023,Bangalore,PROD196,2,899,1798,Returned,Credit Card
ORD19104,CUST4403,23-07-2024,Bangalore,PROD212,1,5499,5499,Returned,Cash on Delivery
ORD19105,CUST1022,17-08-2025,Bhubaneswar,PROD198,1,6999,6999,Delivered,Cash on Delivery
ORD19106,CUST1507,29-04-2023,Bangalore,PROD124,3,699,2097,Shipped,PayPal
ORD19107,CUST1931,18-05-2023,Jaipur,PROD140,1,69999,69999,Shipped,Credit Card
ORD19108,CUST5217,10-02-2023,Hyderabad,PROD114,2,1999,3998,Returned,PayPal
ORD19109,CUST4845,23-06-2025,Visakhapatnam,PROD159,1,4499,4499,Delivered,Cash on Delivery
ORD19110,CUST3606,07-07-2023,Hyderabad,PROD130,3,599,1797,Returned,Credit Card
ORD19111,CUST3678,26-05-2025,Gurgaon,PROD124,2,699,1398,Shipped,Credit Card
ORD19112,CUST3027,30-10-2024,Chennai,PROD217,3,999,2997,Shipped,PayPal
ORD19113,CUST4575,24-04-2025,Bangalore,PROD180,1,2499,2499,Returned,Cash on Delivery
ORD19114,CUST3556,22-07-2025,Kolkata,PROD185,2,1499,2998,Pending,PayPal
ORD19115,CUST3672,10-08-2024,Pune,PROD193,3,1499,4497,Pending,Cash on Delivery
ORD19116,CUST3865,06-08-2023,Noida,PROD150,1,42999,42999,Shipped,Credit Card
ORD19117,CUST5249,21-09-2023,Noida,PROD176,1,3499,3499,Returned,Cash on Delivery
ORD19118,CUST5188,10-05-2024,Pune,PROD142,1,59999,59999,Pending,Cash on Delivery
ORD19119,CUST1777,27-09-2022,Surat,PROD208,2,899,1798,Pending,PayPal
ORD19120,CUST2584,06-10-2022,Bangalore,PROD155,1,34999,34999,Returned,Credit Card
ORD19121,CUST2113,20-12-2023,Surat,PROD134,3,450,1350,Delivered,Credit Card
ORD19122,CUST2549,23-09-2022,Bhubaneswar,PROD163,1,4999,4999,Shipped,Credit Card
ORD19123,CUST1507,28-07-2023,Kolkata,PROD124,3,699,2097,Pending,Cash on Delivery
ORD19124,CUST5106,05-09-2022,Nagpur,PROD164,2,1199,2398,Delivered,PayPal
ORD19125,CUST4802,25-12-2024,Delhi,PROD193,2,1499,2998,Pending,PayPal
ORD19126,CUST5272,27-04-2024,Noida,PROD203,2,1999,3998,Shipped,Cash on Delivery
ORD19127,CUST4284,14-05-2023,Jaipur,PROD198,1,6999,6999,Cancelled,Cash on Delivery
ORD19128,CUST3004,29-02-2024,Mumbai,PROD182,3,1899,5697,Pending,Cash on Delivery
ORD19129,CUST4308,10-10-2024,Kochi,PROD153,1,62990,62990,Shipped,PayPal
ORD19130,CUST3684,22-11-2024,Chennai,PROD131,2,499,998,Delivered,Cash on Delivery
ORD19131,CUST2959,06-03-2024,Pune,PROD200,1,2499,2499,Pending,Cash on Delivery
ORD19132,CUST4549,10-04-2023,Hyderabad,PROD138,2,799,1598,Cancelled,PayPal
ORD19133,CUST2470,27-10-2024,Pune,PROD146,1,34999,34999,Shipped,Credit Card
ORD19134,CUST4484,28-01-2025,Ahmedabad,PROD207,2,1299,2598,Shipped,Credit Card
ORD19135,CUST4911,16-01-2024,Chennai,PROD134,2,450,900,Delivered,PayPal
ORD19136,CUST1684,27-11-2023,Chennai,PROD117,1,2299,2299,Delivered,Credit Card
ORD19137,CUST4195,12-06-2023,Visakhapatnam,PROD143,1,89999,89999,Cancelled,PayPal
ORD19138,CUST1454,04-05-2025,Nagpur,PROD122,3,399,1197,Delivered,Credit Card
ORD19139,CUST2052,02-04-2024,Jaipur,PROD215,3,1799,5397,Cancelled,PayPal
ORD19140,CUST2735,26-06-2023,Bangalore,PROD198,1,6999,6999,Delivered,PayPal
ORD19141,CUST4116,09-03-2025,Jaipur,PROD166,1,9499,9499,Delivered,Credit Card
ORD19142,CUST2814,24-04-2023,Kochi,PROD186,1,3499,3499,Cancelled,Cash on Delivery
ORD19143,CUST2831,22-08-2025,Kochi,PROD183,2,999,1998,Cancelled,Cash on Delivery
ORD19144,CUST1421,21-08-2023,Kochi,PROD205,3,399,1197,Pending,Cash on Delivery
ORD19145,CUST2856,31-12-2022,Kochi,PROD211,3,1799,5397,Delivered,Cash on Delivery
ORD19146,CUST1192,07-07-2024,Lucknow,PROD119,2,1799,3598,Delivered,Credit Card
ORD19147,CUST2412,01-06-2024,Mumbai,PROD204,1,2299,2299,Shipped,Credit Card
ORD19148,CUST5203,17-03-2023,Nagpur,PROD213,3,1999,5997,Returned,Credit Card
ORD19149,CUST3879,23-01-2025,Bangalore,PROD121,2,499,998,Cancelled,Credit Card
ORD19150,CUST4347,19-03-2025,Chennai,PROD189,2,899,1798,Shipped,Cash on Delivery
ORD19151,CUST3881,21-10-2022,Chandigarh,PROD115,1,2499,2499,Delivered,Cash on Delivery
ORD19152,CUST5114,20-12-2022,Ahmedabad,PROD101,1,6499,6499,Delivered,PayPal
ORD19153,CUST2969,28-12-2024,Noida,PROD165,3,1799,5397,Returned,PayPal
ORD19154,CUST3899,25-04-2023,Mumbai,PROD213,3,1999,5997,Cancelled,Cash on Delivery
ORD19155,CUST2969,07-02-2025,Ahmedabad,PROD139,2,499,998,Pending,Cash on Delivery
ORD19156,CUST2770,01-11-2024,Mumbai,PROD204,1,2299,2299,Cancelled,Credit Card
ORD19157,CUST5255,21-01-2025,Nagpur,PROD145,1,62990,62990,Pending,Credit Card
ORD19158,CUST2663,03-10-2023,Gurgaon,PROD189,2,899,1798,Cancelled,Cash on Delivery
ORD19159,CUST1414,24-11-2024,Lucknow,PROD205,2,399,798,Delivered,PayPal
ORD19160,CUST2672,03-07-2025,Chennai,PROD194,2,999,1998,Shipped,Credit Card
ORD19161,CUST1509,28-02-2025,Delhi,PROD100,1,2799,2799,Returned,Credit Card
ORD19162,CUST3352,30-04-2025,Kolkata,PROD122,3,399,1197,Returned,Credit Card
ORD19163,CUST3925,26-11-2023,Surat,PROD100,1,2799,2799,Shipped,Cash on Delivery
ORD19164,CUST4807,03-01-2024,Surat,PROD156,1,29990,29990,Shipped,Cash on Delivery
ORD19165,CUST5154,12-03-2024,Hyderabad,PROD197,1,5999,5999,Pending,Cash on Delivery
ORD19166,CUST2899,13-08-2024,Pune,PROD115,1,2499,2499,Cancelled,Credit Card
ORD19167,CUST2627,01-05-2023,Indore,PROD204,1,2299,2299,Returned,Cash on Delivery
ORD19168,CUST4384,30-06-2024,Nagpur,PROD196,3,899,2697,Pending,PayPal
ORD19169,CUST4604,06-07-2023,Bangalore,PROD105,1,2499,2499,Pending,PayPal
ORD19170,CUST4640,05-08-2023,Chennai,PROD219,2,799,1598,Cancelled,Cash on Delivery
ORD19171,CUST5237,16-07-2023,Bangalore,PROD190,1,2499,2499,Pending,PayPal
ORD19172,CUST4351,08-08-2025,Bangalore,PROD153,1,62990,62990,Shipped,Cash on Delivery
ORD19173,CUST4964,06-12-2022,Hyderabad,PROD165,2,1799,3598,Delivered,Cash on Delivery
ORD19174,CUST3203,24-03-2025,Jaipur,PROD167,1,3499,3499,Shipped,PayPal
ORD19175,CUST5073,20-07-2024,Noida,PROD183,3,999,2997,Delivered,Cash on Delivery
ORD19176,CUST1898,25-10-2023,Pune,PROD180,1,2499,2499,Returned,PayPal
ORD19177,CUST2171,11-03-2024,Delhi,PROD141,1,64999,64999,Shipped,Credit Card
ORD19178,CUST3146,07-11-2023,Kolkata,PROD180,1,2499,2499,Returned,Cash on Delivery
ORD19179,CUST4890,24-06-2025,Mumbai,PROD190,1,2499,2499,Returned,PayPal
ORD19180,CUST4537,15-03-2024,Delhi,PROD170,1,2499,2499,Returned,Cash on Delivery
ORD19181,CUST3125,13-06-2023,Mumbai,PROD204,1,2299,2299,Pending,Cash on Delivery
ORD19182,CUST3140,27-08-2022,Pune,PROD210,1,2499,2499,Pending,Cash on Delivery
ORD19183,CUST1712,12-12-2022,Delhi,PROD183,2,999,1998,Returned,Cash on Delivery
ORD19184,CUST2026,20-09-2023,Kolkata,PROD198,1,6999,6999,Delivered,PayPal
ORD19185,CUST3409,13-11-2024,Pune,PROD106,1,5999,5999,Returned,Credit Card
ORD19186,CUST4064,21-02-2025,Pune,PROD209,2,1799,3598,Cancelled,PayPal
ORD19187,CUST2031,14-09-2024,Kochi,PROD207,3,1299,3897,Pending,PayPal
ORD19188,CUST2080,16-12-2023,Jaipur,PROD117,1,2299,2299,Shipped,Credit Card
ORD19189,CUST4267,15-08-2025,Ahmedabad,PROD182,3,1899,5697,Returned,PayPal
ORD19190,CUST2261,04-05-2024,Bhubaneswar,PROD196,3,899,2697,Pending,Credit Card
ORD19191,CUST3192,17-01-2023,Visakhapatnam,PROD114,3,1999,5997,Shipped,Cash on Delivery
ORD19192,CUST1205,05-12-2024,Jaipur,PROD130,3,599,1797,Shipped,Credit Card
ORD19193,CUST2382,09-09-2022,Hyderabad,PROD151,1,49999,49999,Pending,PayPal
ORD19194,CUST4358,28-10-2022,Patna,PROD111,2,1899,3798,Delivered,Credit Card
ORD19195,CUST4797,16-06-2024,Chennai,PROD129,3,349,1047,Returned,Credit Card
ORD19196,CUST5000,16-05-2024,Mumbai,PROD183,2,999,1998,Delivered,Credit Card
ORD19197,CUST2859,17-01-2023,Bangalore,PROD197,1,5999,5999,Delivered,PayPal
ORD19198,CUST5217,29-03-2025,Lucknow,PROD126,3,299,897,Shipped,PayPal
ORD19199,CUST4066,23-07-2025,Pune,PROD185,3,1499,4497,Pending,Cash on Delivery
ORD19200,CUST4392,20-09-2023,Kolkata,PROD148,1,6499,6499,Cancelled,Cash on Delivery
ORD19201,CUST1428,09-08-2024,Hyderabad,PROD210,1,2499,2499,Delivered,PayPal
ORD19202,CUST3630,30-08-2022,Noida,PROD191,3,1999,5997,Returned,PayPal
ORD19203,CUST4838,28-11-2022,Visakhapatnam,PROD191,3,1999,5997,Cancelled,PayPal
ORD19204,CUST3308,13-05-2024,Kochi,PROD111,2,1899,3798,Cancelled,PayPal
ORD19205,CUST3867,08-04-2024,Gurgaon,PROD166,1,9499,9499,Shipped,Cash on Delivery
ORD19206,CUST1943,13-02-2023,Bangalore,PROD154,1,71990,71990,Pending,Cash on Delivery
ORD19207,CUST3267,23-11-2024,Surat,PROD204,1,2299,2299,Returned,Credit Card
ORD19208,CUST2754,18-09-2022,Mumbai,PROD141,1,64999,64999,Cancelled,PayPal
ORD19209,CUST3491,21-09-2022,Bangalore,PROD179,2,1799,3598,Cancelled,Credit Card
ORD19210,CUST4073,29-11-2024,Indore,PROD132,3,399,1197,Shipped,Credit Card
ORD19211,CUST5244,16-03-2024,Chennai,PROD111,3,1899,5697,Delivered,PayPal
ORD19212,CUST2366,03-12-2023,Indore,PROD152,1,39999,39999,Cancelled,Cash on Delivery
ORD19213,CUST5305,19-09-2024,Indore,PROD114,3,1999,5997,Returned,Cash on Delivery
ORD19214,CUST4560,21-05-2025,Chandigarh,PROD123,3,449,1347,Returned,Cash on Delivery
ORD19215,CUST2660,16-07-2024,Kolkata,PROD123,2,449,898,Returned,PayPal
ORD19216,CUST3777,14-09-2024,Chennai,PROD218,2,299,598,Delivered,Cash on Delivery
ORD19217,CUST5176,29-11-2022,Delhi,PROD177,2,1599,3198,Shipped,Cash on Delivery
ORD19218,CUST2958,12-10-2022,Mumbai,PROD207,3,1299,3897,Shipped,Cash on Delivery
ORD19219,CUST1342,16-11-2023,Nagpur,PROD158,1,8995,8995,Shipped,PayPal
ORD19220,CUST4841,24-02-2024,Jaipur,PROD182,3,1899,5697,Returned,Credit Card
ORD19221,CUST2706,22-09-2022,Ahmedabad,PROD111,2,1899,3798,Returned,Cash on Delivery
ORD19222,CUST1188,28-02-2025,Hyderabad,PROD194,3,999,2997,Returned,Credit Card
ORD19223,CUST1605,02-04-2024,Visakhapatnam,PROD216,1,2299,2299,Returned,Credit Card
ORD19224,CUST4465,30-10-2024,Hyderabad,PROD152,1,39999,39999,Delivered,Cash on Delivery
ORD19225,CUST2635,18-07-2025,Kolkata,PROD214,2,499,998,Delivered,Cash on Delivery
ORD19226,CUST2361,23-05-2025,Delhi,PROD114,3,1999,5997,Cancelled,Cash on Delivery
ORD19227,CUST1323,15-03-2024,Kolkata,PROD197,1,5999,5999,Shipped,Credit Card
ORD19228,CUST2095,03-11-2023,Visakhapatnam,PROD124,2,699,1398,Cancelled,Cash on Delivery
ORD19229,CUST2306,12-11-2023,Kolkata,PROD194,2,999,1998,Shipped,Credit Card
ORD19230,CUST1666,11-12-2022,Chennai,PROD103,1,2999,2999,Returned,PayPal
ORD19231,CUST2702,05-02-2023,Pune,PROD132,3,399,1197,Delivered,PayPal
ORD19232,CUST2778,03-04-2025,Mumbai,PROD174,2,899,1798,Pending,Credit Card
ORD19233,CUST1194,05-10-2024,Jaipur,PROD174,2,899,1798,Shipped,Credit Card
ORD19234,CUST2571,17-11-2024,Lucknow,PROD136,3,499,1497,Returned,Credit Card
ORD19235,CUST3260,01-07-2025,Mumbai,PROD178,3,1299,3897,Cancelled,Credit Card
ORD19236,CUST3261,05-03-2023,Chandigarh,PROD184,1,2999,2999,Pending,PayPal
ORD19237,CUST5066,06-04-2024,Kolkata,PROD103,1,2999,2999,Returned,Credit Card
ORD19238,CUST3919,31-07-2025,Kolkata,PROD116,1,3499,3499,Shipped,PayPal
ORD19239,CUST1904,04-11-2022,Chennai,PROD108,3,1499,4497,Shipped,PayPal
ORD19240,CUST2579,03-08-2024,Bangalore,PROD209,3,1799,5397,Pending,Cash on Delivery
ORD19241,CUST2148,16-01-2023,Chennai,PROD137,2,599,1198,Pending,Cash on Delivery
ORD19242,CUST5292,27-08-2022,Kolkata,PROD115,1,2499,2499,Cancelled,Credit Card
ORD19243,CUST4770,15-09-2023,Kochi,PROD189,3,899,2697,Pending,PayPal
ORD19244,CUST4774,01-02-2024,Kochi,PROD147,1,29990,29990,Returned,Cash on Delivery
ORD19245,CUST3076,09-05-2023,Hyderabad,PROD163,1,4999,4999,Returned,PayPal
ORD19246,CUST2524,10-09-2022,Hyderabad,PROD187,1,4999,4999,Returned,Cash on Delivery
ORD19247,CUST5255,05-05-2025,Chennai,PROD139,3,499,1497,Returned,Cash on Delivery
ORD19248,CUST4977,15-03-2025,Chennai,PROD113,3,1499,4497,Shipped,PayPal
ORD19249,CUST1359,04-05-2024,Jaipur,PROD173,3,1299,3897,Returned,Cash on Delivery
ORD19250,CUST3481,06-09-2023,Delhi,PROD206,3,699,2097,Cancelled,Credit Card
ORD19251,CUST4519,05-12-2024,Chandigarh,PROD120,3,599,1797,Pending,Credit Card
ORD19252,CUST3380,30-07-2025,Chennai,PROD152,1,39999,39999,Cancelled,PayPal
ORD19253,CUST2798,20-03-2024,Chennai,PROD205,3,399,1197,Shipped,Credit Card
ORD19254,CUST2855,02-06-2025,Mumbai,PROD169,3,1899,5697,Cancelled,Cash on Delivery
ORD19255,CUST4468,20-01-2025,Hyderabad,PROD133,2,299,598,Cancelled,Credit Card
ORD19256,CUST4239,31-07-2025,Ahmedabad,PROD102,2,1799,3598,Returned,Credit Card
ORD19257,CUST4668,19-11-2022,Bhubaneswar,PROD193,3,1499,4497,Returned,Cash on Delivery
ORD19258,CUST3195,29-02-2024,Bangalore,PROD113,2,1499,2998,Returned,Cash on Delivery
ORD19259,CUST1085,03-01-2025,Bhubaneswar,PROD166,1,9499,9499,Returned,Cash on Delivery
ORD19260,CUST3745,21-12-2022,Chennai,PROD106,1,5999,5999,Delivered,Credit Card
ORD19261,CUST3053,19-01-2025,Ahmedabad,PROD202,3,1499,4497,Shipped,PayPal
ORD19262,CUST2121,08-06-2025,Chennai,PROD137,3,599,1797,Shipped,Cash on Delivery
ORD19263,CUST1526,12-05-2023,Hyderabad,PROD162,1,3299,3299,Delivered,Cash on Delivery
ORD19264,CUST5103,04-02-2023,Chandigarh,PROD151,1,49999,49999,Pending,Credit Card
ORD19265,CUST2674,12-07-2023,Bhubaneswar,PROD143,1,89999,89999,Cancelled,PayPal
ORD19266,CUST4094,05-12-2024,Mumbai,PROD124,2,699,1398,Cancelled,Credit Card
ORD19267,CUST4571,25-11-2023,Kochi,PROD134,2,450,900,Pending,Cash on Delivery
ORD19268,CUST2909,08-10-2022,Gurgaon,PROD188,3,499,1497,Cancelled,PayPal
ORD19269,CUST2795,17-02-2025,Ahmedabad,PROD116,1,3499,3499,Returned,Cash on Delivery
ORD19270,CUST3837,11-10-2023,Chennai,PROD204,1,2299,2299,Pending,Credit Card
ORD19271,CUST2708,03-07-2023,Kolkata,PROD116,1,3499,3499,Pending,PayPal
ORD19272,CUST1476,15-01-2023,Pune,PROD198,1,6999,6999,Shipped,Cash on Delivery
ORD19273,CUST1872,17-11-2023,Bangalore,PROD150,1,42999,42999,Delivered,Cash on Delivery
ORD19274,CUST3309,02-05-2024,Delhi,PROD214,2,499,998,Delivered,PayPal
ORD19275,CUST2351,30-05-2025,Visakhapatnam,PROD143,1,89999,89999,Returned,Cash on Delivery
ORD19276,CUST4396,01-05-2023,Nagpur,PROD190,1,2499,2499,Shipped,Cash on Delivery
ORD19277,CUST3344,16-10-2022,Delhi,PROD182,2,1899,3798,Pending,Credit Card
ORD19278,CUST3382,06-02-2023,Hyderabad,PROD209,2,1799,3598,Returned,PayPal
ORD19279,CUST2454,06-11-2024,Indore,PROD201,2,799,1598,Returned,Credit Card
ORD19280,CUST3181,09-03-2024,Gurgaon,PROD103,1,2999,2999,Returned,PayPal
ORD19281,CUST3872,06-07-2023,Patna,PROD103,1,2999,2999,Shipped,Credit Card
ORD19282,CUST2972,23-07-2023,Bangalore,PROD105,1,2499,2499,Returned,Credit Card
ORD19283,CUST4593,03-03-2025,Bangalore,PROD123,3,449,1347,Returned,Cash on Delivery
ORD19284,CUST4081,21-03-2023,Delhi,PROD164,3,1199,3597,Delivered,Credit Card
ORD19285,CUST1885,13-10-2023,Hyderabad,PROD125,2,549,1098,Delivered,PayPal
ORD19286,CUST2097,13-07-2025,Bhubaneswar,PROD132,3,399,1197,Shipped,Credit Card
ORD19287,CUST4044,01-05-2025,Bhubaneswar,PROD190,1,2499,2499,Shipped,Cash on Delivery
ORD19288,CUST5229,20-04-2023,Bhubaneswar,PROD148,1,6499,6499,Cancelled,Credit Card
ORD19289,CUST2867,20-12-2022,Pune,PROD101,1,6499,6499,Delivered,Cash on Delivery
ORD19290,CUST4250,31-05-2023,Bangalore,PROD205,3,399,1197,Returned,Cash on Delivery
ORD19291,CUST3721,16-11-2022,Pune,PROD109,1,2399,2399,Cancelled,Cash on Delivery
ORD19292,CUST1521,28-08-2023,Chennai,PROD167,1,3499,3499,Pending,Cash on Delivery
ORD19293,CUST2544,01-09-2024,Kolkata,PROD201,3,799,2397,Delivered,Cash on Delivery
ORD19294,CUST1935,31-01-2025,Ahmedabad,PROD127,3,899,2697,Pending,Cash on Delivery
ORD19295,CUST4396,12-06-2023,Delhi,PROD186,1,3499,3499,Shipped,Credit Card
ORD19296,CUST3110,29-05-2024,Noida,PROD137,3,599,1797,Returned,Cash on Delivery
ORD19297,CUST1781,03-07-2025,Bangalore,PROD208,3,899,2697,Cancelled,PayPal
ORD19298,CUST3873,14-07-2025,Noida,PROD103,1,2999,2999,Shipped,PayPal
ORD19299,CUST1091,29-12-2022,Jaipur,PROD107,2,1299,2598,Returned,Cash on Delivery
ORD19300,CUST2939,07-04-2023,Surat,PROD205,3,399,1197,Cancelled,Credit Card
ORD19301,CUST3619,14-06-2024,Nagpur,PROD206,3,699,2097,Pending,PayPal
ORD19302,CUST2214,25-03-2023,Bangalore,PROD166,1,9499,9499,Shipped,PayPal
ORD19303,CUST4029,12-03-2023,Chandigarh,PROD172,1,3999,3999,Cancelled,PayPal
ORD19304,CUST1336,26-06-2024,Noida,PROD155,1,34999,34999,Delivered,Cash on Delivery
ORD19305,CUST3916,31-08-2022,Pune,PROD101,1,6499,6499,Delivered,Cash on Delivery
ORD19306,CUST5304,20-01-2025,Mumbai,PROD179,3,1799,5397,Delivered,Cash on Delivery
ORD19307,CUST3177,24-03-2025,Hyderabad,PROD165,3,1799,5397,Pending,Credit Card
ORD19308,CUST2783,06-04-2024,Pune,PROD121,2,499,998,Delivered,Cash on Delivery
ORD19309,CUST4613,05-12-2024,Mumbai,PROD130,3,599,1797,Shipped,Cash on Delivery
ORD19310,CUST4735,24-05-2025,Chennai,PROD159,1,4499,4499,Pending,PayPal
ORD19311,CUST1744,09-12-2022,Visakhapatnam,PROD122,2,399,798,Pending,Credit Card
ORD19312,CUST1537,01-12-2022,Indore,PROD178,3,1299,3897,Delivered,PayPal
ORD19313,CUST3222,24-08-2024,Bangalore,PROD173,3,1299,3897,Delivered,Cash on Delivery
ORD19314,CUST4002,10-11-2024,Kochi,PROD197,1,5999,5999,Shipped,Cash on Delivery
ORD19315,CUST4857,13-09-2022,Kochi,PROD203,3,1999,5997,Delivered,Cash on Delivery
ORD19316,CUST2020,11-01-2025,Noida,PROD149,3,1499,4497,Returned,PayPal
ORD19317,CUST4780,04-04-2024,Mumbai,PROD176,1,3499,3499,Cancelled,Credit Card
ORD19318,CUST1151,07-06-2025,Mumbai,PROD218,2,299,598,Pending,PayPal
ORD19319,CUST2290,11-04-2024,Pune,PROD160,1,5999,5999,Returned,Cash on Delivery
ORD19320,CUST4076,20-11-2022,Chennai,PROD212,1,5499,5499,Shipped,PayPal
ORD19321,CUST4885,08-02-2024,Lucknow,PROD122,3,399,1197,Returned,Cash on Delivery
ORD19322,CUST1959,11-02-2024,Kochi,PROD193,2,1499,2998,Shipped,Credit Card
ORD19323,CUST4054,13-10-2022,Hyderabad,PROD190,1,2499,2499,Pending,Cash on Delivery
ORD19324,CUST1323,10-01-2023,Nagpur,PROD219,2,799,1598,Delivered,PayPal
ORD19325,CUST4267,28-12-2022,Hyderabad,PROD201,2,799,1598,Shipped,Credit Card
ORD19326,CUST3781,02-05-2024,Pune,PROD152,1,39999,39999,Pending,Cash on Delivery
ORD19327,CUST1224,28-11-2022,Pune,PROD166,1,9499,9499,Pending,Cash on Delivery
ORD19328,CUST1467,03-02-2025,Jaipur,PROD205,3,399,1197,Shipped,Credit Card
ORD19329,CUST3111,08-08-2023,Bangalore,PROD207,2,1299,2598,Delivered,Credit Card
ORD19330,CUST2205,25-01-2023,Jaipur,PROD107,2,1299,2598,Pending,PayPal
ORD19331,CUST2916,09-02-2023,Kolkata,PROD140,1,69999,69999,Cancelled,PayPal
ORD19332,CUST4796,18-04-2024,Bangalore,PROD181,2,1299,2598,Shipped,Credit Card
ORD19333,CUST4009,28-05-2023,Nagpur,PROD122,3,399,1197,Shipped,PayPal
ORD19334,CUST4853,20-10-2023,Pune,PROD179,2,1799,3598,Delivered,Cash on Delivery
ORD19335,CUST2482,02-11-2022,Ahmedabad,PROD187,1,4999,4999,Cancelled,Credit Card
ORD19336,CUST2343,30-04-2025,Mumbai,PROD199,3,1299,3897,Delivered,PayPal
ORD19337,CUST2935,30-08-2024,Chennai,PROD165,3,1799,5397,Shipped,Cash on Delivery
ORD19338,CUST4584,30-11-2024,Chandigarh,PROD197,1,5999,5999,Returned,Cash on Delivery
ORD19339,CUST4336,19-10-2024,Jaipur,PROD165,3,1799,5397,Delivered,PayPal
ORD19340,CUST1565,14-07-2023,Jaipur,PROD133,2,299,598,Shipped,PayPal
ORD19341,CUST2596,16-09-2022,Ahmedabad,PROD149,3,1499,4497,Shipped,Cash on Delivery
ORD19342,CUST3397,16-07-2025,Pune,PROD174,3,899,2697,Cancelled,Credit Card
ORD19343,CUST2264,07-06-2025,Gurgaon,PROD208,2,899,1798,Cancelled,Cash on Delivery
ORD19344,CUST1799,17-01-2023,Hyderabad,PROD205,2,399,798,Shipped,Cash on Delivery
ORD19345,CUST4750,14-06-2025,Ahmedabad,PROD216,1,2299,2299,Cancelled,Cash on Delivery
ORD19346,CUST3398,08-01-2023,Bangalore,PROD193,2,1499,2998,Shipped,PayPal
ORD19347,CUST3333,14-08-2025,Delhi,PROD178,2,1299,2598,Delivered,Credit Card
ORD19348,CUST4345,16-01-2025,Ahmedabad,PROD195,1,4499,4499,Delivered,Cash on Delivery
ORD19349,CUST4323,09-12-2024,Chandigarh,PROD144,1,58499,58499,Cancelled,PayPal
ORD19350,CUST2550,31-07-2023,Chandigarh,PROD148,1,6499,6499,Returned,PayPal
ORD19351,CUST3358,25-02-2025,Pune,PROD165,2,1799,3598,Shipped,Credit Card
ORD19352,CUST1171,24-08-2024,Chandigarh,PROD146,1,34999,34999,Pending,PayPal
ORD19353,CUST2626,05-04-2024,Kochi,PROD122,3,399,1197,Delivered,Cash on Delivery
ORD19354,CUST3269,24-05-2023,Chennai,PROD115,1,2499,2499,Cancelled,Credit Card
ORD19355,CUST1770,02-11-2022,Lucknow,PROD146,1,34999,34999,Cancelled,Credit Card
ORD19356,CUST4423,30-10-2022,Pune,PROD169,3,1899,5697,Shipped,Credit Card
ORD19357,CUST2830,10-01-2024,Delhi,PROD141,1,64999,64999,Cancelled,Credit Card
ORD19358,CUST4049,02-02-2025,Jaipur,PROD115,1,2499,2499,Pending,Credit Card
ORD19359,CUST4615,28-09-2024,Bangalore,PROD129,3,349,1047,Pending,Cash on Delivery
ORD19360,CUST5056,23-07-2025,Mumbai,PROD206,2,699,1398,Cancelled,Credit Card
ORD19361,CUST2356,17-12-2023,Noida,PROD117,1,2299,2299,Cancelled,PayPal
ORD19362,CUST3234,06-05-2025,Mumbai,PROD104,1,4499,4499,Delivered,Cash on Delivery
ORD19363,CUST1557,28-11-2022,Kolkata,PROD137,3,599,1797,Delivered,PayPal
ORD19364,CUST3018,14-10-2024,Mumbai,PROD144,1,58499,58499,Delivered,Cash on Delivery
ORD19365,CUST1132,14-02-2024,Chennai,PROD184,1,2999,2999,Pending,PayPal
ORD19366,CUST3839,27-03-2024,Hyderabad,PROD118,1,2999,2999,Shipped,PayPal
ORD19367,CUST4734,16-10-2023,Delhi,PROD187,1,4999,4999,Delivered,Cash on Delivery
ORD19368,CUST2712,18-11-2022,Hyderabad,PROD186,1,3499,3499,Delivered,Credit Card
ORD19369,CUST4117,28-11-2022,Bangalore,PROD194,2,999,1998,Pending,Cash on Delivery
ORD19370,CUST2526,19-09-2022,Nagpur,PROD150,1,42999,42999,Returned,Cash on Delivery
ORD19371,CUST4305,13-08-2024,Patna,PROD156,1,29990,29990,Pending,Credit Card
ORD19372,CUST4100,22-04-2024,Hyderabad,PROD168,3,1299,3897,Cancelled,PayPal
ORD19373,CUST2348,07-09-2024,Patna,PROD204,1,2299,2299,Pending,Credit Card
ORD19374,CUST1838,21-02-2023,Bangalore,PROD126,2,299,598,Cancelled,Credit Card
ORD19375,CUST3656,08-04-2024,Pune,PROD144,1,58499,58499,Returned,PayPal
ORD19376,CUST5056,01-03-2023,Pune,PROD148,1,6499,6499,Returned,Cash on Delivery
ORD19377,CUST4781,13-11-2023,Nagpur,PROD186,1,3499,3499,Pending,Cash on Delivery
ORD19378,CUST3156,18-12-2024,Noida,PROD137,2,599,1198,Cancelled,PayPal
ORD19379,CUST3815,04-05-2023,Kolkata,PROD148,1,6499,6499,Cancelled,Cash on Delivery
ORD19380,CUST1191,08-04-2025,Pune,PROD150,1,42999,42999,Delivered,Cash on Delivery
ORD19381,CUST1838,09-07-2024,Noida,PROD170,1,2499,2499,Delivered,Cash on Delivery
ORD19382,CUST1989,16-03-2023,Chandigarh,PROD127,2,899,1798,Returned,PayPal
ORD19383,CUST3113,06-03-2025,Ahmedabad,PROD130,2,599,1198,Delivered,PayPal
ORD19384,CUST1890,09-04-2023,Chennai,PROD176,1,3499,3499,Shipped,Credit Card
ORD19385,CUST2748,27-03-2024,Pune,PROD196,2,899,1798,Shipped,Credit Card
ORD19386,CUST5255,30-12-2023,Nagpur,PROD215,3,1799,5397,Shipped,Cash on Delivery
ORD19387,CUST4285,31-08-2022,Chennai,PROD130,2,599,1198,Pending,Cash on Delivery
ORD19388,CUST2842,26-02-2024,Bhubaneswar,PROD205,3,399,1197,Delivered,Credit Card
ORD19389,CUST1410,29-11-2023,Chennai,PROD188,2,499,998,Returned,Credit Card
ORD19390,CUST1206,14-05-2024,Patna,PROD205,2,399,798,Returned,Cash on Delivery
ORD19391,CUST3380,25-11-2024,Pune,PROD186,1,3499,3499,Cancelled,Cash on Delivery
ORD19392,CUST2001,15-08-2024,Delhi,PROD203,3,1999,5997,Pending,Credit Card
ORD19393,CUST3855,25-01-2025,Kolkata,PROD137,2,599,1198,Returned,PayPal
ORD19394,CUST4629,20-09-2023,Nagpur,PROD132,2,399,798,Shipped,Cash on Delivery
ORD19395,CUST3479,08-02-2025,Chennai,PROD206,2,699,1398,Delivered,Cash on Delivery
ORD19396,CUST3091,27-11-2024,Nagpur,PROD189,2,899,1798,Shipped,PayPal
ORD19397,CUST4180,28-12-2024,Jaipur,PROD150,1,42999,42999,Cancelled,PayPal
ORD19398,CUST1754,04-07-2025,Noida,PROD209,2,1799,3598,Pending,Cash on Delivery
ORD19399,CUST3192,08-11-2024,Ahmedabad,PROD194,3,999,2997,Returned,Credit Card
ORD19400,CUST2760,21-11-2023,Pune,PROD109,1,2399,2399,Shipped,Credit Card
ORD19401,CUST2643,25-11-2022,Mumbai,PROD165,3,1799,5397,Cancelled,PayPal
ORD19402,CUST2954,05-09-2022,Pune,PROD194,2,999,1998,Pending,Cash on Delivery
ORD19403,CUST1330,27-05-2024,Mumbai,PROD136,2,499,998,Cancelled,PayPal
ORD19404,CUST2929,21-11-2023,Bangalore,PROD107,3,1299,3897,Pending,Credit Card
ORD19405,CUST4637,10-04-2024,Patna,PROD173,2,1299,2598,Pending,Cash on Delivery
ORD19406,CUST3288,07-09-2023,Bangalore,PROD134,2,450,900,Pending,Cash on Delivery
ORD19407,CUST4718,05-01-2024,Visakhapatnam,PROD168,3,1299,3897,Delivered,Cash on Delivery
ORD19408,CUST4486,17-03-2023,Chandigarh,PROD131,3,499,1497,Cancelled,Credit Card
ORD19409,CUST4358,21-07-2023,Patna,PROD180,1,2499,2499,Cancelled,PayPal
ORD19410,CUST3698,09-10-2024,Bangalore,PROD169,3,1899,5697,Pending,PayPal
ORD19411,CUST5078,23-10-2023,Kolkata,PROD128,3,799,2397,Returned,Credit Card
ORD19412,CUST4947,18-08-2023,Indore,PROD130,2,599,1198,Shipped,Cash on Delivery
ORD19413,CUST2999,14-09-2022,Surat,PROD145,1,62990,62990,Delivered,Credit Card
ORD19414,CUST5254,16-02-2025,Bangalore,PROD143,1,89999,89999,Pending,Cash on Delivery
ORD19415,CUST3127,13-03-2023,Delhi,PROD214,2,499,998,Pending,Credit Card
ORD19416,CUST3206,16-04-2024,Indore,PROD129,3,349,1047,Pending,PayPal
ORD19417,CUST3550,17-03-2023,Surat,PROD104,1,4499,4499,Cancelled,Cash on Delivery
ORD19418,CUST4675,28-04-2023,Bangalore,PROD136,3,499,1497,Delivered,Credit Card
ORD19419,CUST1144,21-10-2023,Delhi,PROD124,3,699,2097,Pending,Cash on Delivery
ORD19420,CUST3057,29-04-2025,Delhi,PROD128,3,799,2397,Cancelled,Credit Card
ORD19421,CUST4953,02-07-2025,Mumbai,PROD120,2,599,1198,Returned,Cash on Delivery
ORD19422,CUST1527,19-02-2023,Hyderabad,PROD119,2,1799,3598,Cancelled,Cash on Delivery
ORD19423,CUST4336,21-07-2024,Mumbai,PROD139,2,499,998,Delivered,Credit Card
ORD19424,CUST3636,31-12-2022,Mumbai,PROD128,3,799,2397,Pending,PayPal
ORD19425,CUST2638,04-07-2025,Bangalore,PROD193,3,1499,4497,Cancelled,Credit Card
ORD19426,CUST1000,30-07-2024,Mumbai,PROD155,1,34999,34999,Shipped,Cash on Delivery
ORD19427,CUST3658,09-03-2023,Surat,PROD116,1,3499,3499,Pending,PayPal
ORD19428,CUST1374,22-02-2023,Chennai,PROD173,2,1299,2598,Shipped,Cash on Delivery
ORD19429,CUST2139,22-01-2024,Hyderabad,PROD146,1,34999,34999,Shipped,Cash on Delivery
ORD19430,CUST5180,30-07-2023,Hyderabad,PROD217,3,999,2997,Shipped,Credit Card
ORD19431,CUST1331,15-05-2025,Bangalore,PROD166,1,9499,9499,Returned,Cash on Delivery
ORD19432,CUST4997,29-11-2023,Noida,PROD173,3,1299,3897,Shipped,PayPal
ORD19433,CUST3116,26-10-2023,Kolkata,PROD179,2,1799,3598,Delivered,Cash on Delivery
ORD19434,CUST1497,05-05-2024,Patna,PROD213,3,1999,5997,Pending,PayPal
ORD19435,CUST4245,02-03-2023,Surat,PROD190,1,2499,2499,Pending,Credit Card
ORD19436,CUST4164,29-03-2025,Kolkata,PROD141,1,64999,64999,Returned,PayPal
ORD19437,CUST3443,17-11-2023,Delhi,PROD138,3,799,2397,Returned,Cash on Delivery
ORD19438,CUST4869,14-03-2024,Surat,PROD109,1,2399,2399,Cancelled,Cash on Delivery
ORD19439,CUST1491,17-03-2024,Mumbai,PROD108,3,1499,4497,Cancelled,PayPal
ORD19440,CUST2549,19-11-2023,Chennai,PROD126,2,299,598,Shipped,Cash on Delivery
ORD19441,CUST3072,24-08-2025,Chennai,PROD136,3,499,1497,Shipped,Credit Card
ORD19442,CUST2296,06-02-2025,Kochi,PROD169,2,1899,3798,Pending,Cash on Delivery
ORD19443,CUST3340,01-03-2023,Nagpur,PROD134,2,450,900,Delivered,Credit Card
ORD19444,CUST1114,16-04-2023,Bangalore,PROD195,1,4499,4499,Returned,Cash on Delivery
ORD19445,CUST1144,26-02-2023,Bangalore,PROD154,1,71990,71990,Returned,PayPal
ORD19446,CUST3468,23-02-2025,Gurgaon,PROD197,1,5999,5999,Returned,Cash on Delivery
ORD19447,CUST3958,01-09-2024,Pune,PROD213,3,1999,5997,Cancelled,PayPal
ORD19448,CUST4577,09-01-2025,Visakhapatnam,PROD135,3,350,1050,Pending,Credit Card
ORD19449,CUST3504,08-10-2024,Chandigarh,PROD114,3,1999,5997,Pending,PayPal
ORD19450,CUST4624,17-08-2025,Jaipur,PROD174,2,899,1798,Shipped,PayPal
ORD19451,CUST4652,21-04-2024,Bangalore,PROD183,3,999,2997,Cancelled,PayPal
ORD19452,CUST2662,06-06-2025,Indore,PROD173,2,1299,2598,Delivered,Cash on Delivery
ORD19453,CUST1308,13-10-2023,Chennai,PROD138,2,799,1598,Shipped,PayPal
ORD19454,CUST2038,01-06-2023,Hyderabad,PROD180,1,2499,2499,Returned,PayPal
ORD19455,CUST5189,01-07-2025,Bangalore,PROD160,1,5999,5999,Returned,PayPal
ORD19456,CUST1887,24-01-2023,Mumbai,PROD132,3,399,1197,Returned,Cash on Delivery
ORD19457,CUST3001,07-07-2025,Mumbai,PROD214,3,499,1497,Shipped,PayPal
ORD19458,CUST3932,15-10-2023,Kolkata,PROD139,3,499,1497,Pending,Credit Card
ORD19459,CUST5029,09-03-2025,Kolkata,PROD106,1,5999,5999,Returned,Cash on Delivery
ORD19460,CUST3648,29-09-2022,Chennai,PROD141,1,64999,64999,Cancelled,Cash on Delivery
ORD19461,CUST3439,04-02-2024,Noida,PROD154,1,71990,71990,Returned,PayPal
ORD19462,CUST3629,09-06-2024,Hyderabad,PROD172,1,3999,3999,Returned,Cash on Delivery
ORD19463,CUST3598,31-08-2022,Hyderabad,PROD182,3,1899,5697,Pending,Credit Card
ORD19464,CUST2326,28-12-2023,Jaipur,PROD195,1,4499,4499,Returned,Credit Card
ORD19465,CUST2178,12-05-2023,Hyderabad,PROD152,1,39999,39999,Pending,Credit Card
ORD19466,CUST4617,16-03-2024,Bangalore,PROD191,2,1999,3998,Delivered,Cash on Delivery
ORD19467,CUST1806,15-07-2023,Hyderabad,PROD173,3,1299,3897,Pending,PayPal
ORD19468,CUST4336,21-11-2024,Bangalore,PROD210,1,2499,2499,Shipped,Cash on Delivery
ORD19469,CUST3972,16-03-2023,Bangalore,PROD191,3,1999,5997,Delivered,PayPal
ORD19470,CUST3233,29-06-2025,Bangalore,PROD190,1,2499,2499,Delivered,PayPal
ORD19471,CUST4919,01-09-2023,Patna,PROD193,2,1499,2998,Returned,Cash on Delivery
ORD19472,CUST1672,22-08-2023,Jaipur,PROD122,3,399,1197,Pending,Credit Card
ORD19473,CUST1379,15-08-2025,Indore,PROD105,1,2499,2499,Delivered,Credit Card
ORD19474,CUST2954,23-07-2024,Delhi,PROD196,2,899,1798,Delivered,Cash on Delivery
ORD19475,CUST3152,12-11-2024,Delhi,PROD217,2,999,1998,Pending,Credit Card
ORD19476,CUST4135,17-02-2024,Jaipur,PROD194,3,999,2997,Delivered,PayPal
ORD19477,CUST3393,15-03-2025,Hyderabad,PROD134,2,450,900,Delivered,Cash on Delivery
ORD19478,CUST2897,18-02-2024,Hyderabad,PROD169,3,1899,5697,Shipped,Cash on Delivery
ORD19479,CUST3634,30-07-2025,Delhi,PROD186,1,3499,3499,Pending,Cash on Delivery
ORD19480,CUST3340,04-06-2025,Hyderabad,PROD165,3,1799,5397,Pending,PayPal
ORD19481,CUST4543,01-02-2023,Pune,PROD153,1,62990,62990,Delivered,Credit Card
ORD19482,CUST3486,15-11-2022,Visakhapatnam,PROD124,2,699,1398,Cancelled,Credit Card
ORD19483,CUST3069,01-10-2024,Kolkata,PROD146,1,34999,34999,Delivered,PayPal
ORD19484,CUST2309,13-08-2024,Jaipur,PROD148,1,6499,6499,Pending,PayPal
ORD19485,CUST4222,08-04-2025,Hyderabad,PROD112,3,1699,5097,Delivered,Cash on Delivery
ORD19486,CUST4235,02-03-2023,Kolkata,PROD208,3,899,2697,Cancelled,PayPal
ORD19487,CUST2797,27-09-2022,Pune,PROD173,3,1299,3897,Shipped,PayPal
ORD19488,CUST1305,14-09-2024,Chennai,PROD108,2,1499,2998,Delivered,Cash on Delivery
ORD19489,CUST1954,02-12-2022,Bangalore,PROD183,2,999,1998,Pending,Credit Card
ORD19490,CUST1681,25-11-2022,Hyderabad,PROD206,2,699,1398,Shipped,Credit Card
ORD19491,CUST3419,26-02-2023,Mumbai,PROD105,1,2499,2499,Shipped,Cash on Delivery
ORD19492,CUST4288,27-08-2023,Gurgaon,PROD135,3,350,1050,Pending,Cash on Delivery
ORD19493,CUST3338,13-06-2023,Kochi,PROD163,1,4999,4999,Delivered,PayPal
ORD19494,CUST1178,22-12-2023,Delhi,PROD164,3,1199,3597,Cancelled,Credit Card
ORD19495,CUST3273,17-10-2024,Jaipur,PROD155,1,34999,34999,Pending,PayPal
ORD19496,CUST1060,05-07-2023,Kolkata,PROD131,2,499,998,Cancelled,Cash on Delivery
ORD19497,CUST4371,20-05-2023,Noida,PROD113,3,1499,4497,Cancelled,Credit Card
ORD19498,CUST1811,28-10-2022,Nagpur,PROD136,3,499,1497,Returned,PayPal
ORD19499,CUST4185,24-10-2024,Bangalore,PROD158,1,8995,8995,Cancelled,Credit Card
ORD19500,CUST2649,05-11-2023,Lucknow,PROD194,3,999,2997,Returned,Cash on Delivery
ORD19501,CUST3192,12-05-2024,Mumbai,PROD101,1,6499,6499,Shipped,Cash on Delivery
ORD19502,CUST3075,07-06-2023,Visakhapatnam,PROD152,1,39999,39999,Returned,PayPal
ORD19503,CUST5138,24-01-2024,Hyderabad,PROD119,2,1799,3598,Returned,PayPal
ORD19504,CUST3377,24-05-2024,Gurgaon,PROD144,1,58499,58499,Returned,Cash on Delivery
ORD19505,CUST1984,15-08-2025,Kolkata,PROD198,1,6999,6999,Cancelled,PayPal
ORD19506,CUST4919,16-09-2023,Delhi,PROD188,3,499,1497,Delivered,Credit Card
ORD19507,CUST2947,24-02-2025,Pune,PROD193,2,1499,2998,Shipped,PayPal
ORD19508,CUST1346,12-01-2025,Pune,PROD208,2,899,1798,Delivered,PayPal
ORD19509,CUST2969,05-02-2025,Noida,PROD197,1,5999,5999,Shipped,Credit Card
ORD19510,CUST4804,15-06-2023,Mumbai,PROD199,3,1299,3897,Returned,Cash on Delivery
ORD19511,CUST1489,26-11-2022,Hyderabad,PROD198,1,6999,6999,Shipped,Credit Card
ORD19512,CUST2857,15-08-2025,Lucknow,PROD160,1,5999,5999,Returned,Credit Card
ORD19513,CUST2228,09-09-2023,Bangalore,PROD215,3,1799,5397,Delivered,Credit Card
ORD19514,CUST2970,13-08-2025,Delhi,PROD211,3,1799,5397,Delivered,Credit Card
ORD19515,CUST2273,01-02-2023,Visakhapatnam,PROD140,1,69999,69999,Delivered,Credit Card
ORD19516,CUST2018,16-03-2025,Ahmedabad,PROD148,1,6499,6499,Shipped,PayPal
ORD19517,CUST4756,14-05-2023,Bangalore,PROD170,1,2499,2499,Pending,Cash on Delivery
ORD19518,CUST2712,26-07-2023,Jaipur,PROD118,1,2999,2999,Pending,PayPal
ORD19519,CUST2780,20-02-2025,Bangalore,PROD203,3,1999,5997,Shipped,Cash on Delivery
ORD19520,CUST3590,08-02-2024,Ahmedabad,PROD176,1,3499,3499,Returned,Cash on Delivery
ORD19521,CUST2042,12-04-2023,Ahmedabad,PROD170,1,2499,2499,Returned,Credit Card
ORD19522,CUST4244,12-07-2024,Hyderabad,PROD156,1,29990,29990,Shipped,PayPal
ORD19523,CUST5064,19-07-2024,Surat,PROD177,2,1599,3198,Cancelled,Cash on Delivery
ORD19524,CUST4731,28-07-2023,Chennai,PROD110,1,2999,2999,Delivered,PayPal
ORD19525,CUST3101,29-08-2022,Delhi,PROD165,3,1799,5397,Pending,PayPal
ORD19526,CUST1163,18-07-2025,Patna,PROD119,2,1799,3598,Returned,PayPal
ORD19527,CUST2408,18-01-2023,Chennai,PROD152,1,39999,39999,Delivered,Cash on Delivery
ORD19528,CUST1414,06-10-2024,Pune,PROD108,2,1499,2998,Returned,Cash on Delivery
ORD19529,CUST2259,31-12-2022,Hyderabad,PROD142,1,59999,59999,Shipped,Credit Card
ORD19530,CUST1261,15-06-2025,Bhubaneswar,PROD109,1,2399,2399,Cancelled,Cash on Delivery
ORD19531,CUST2769,15-02-2023,Pune,PROD165,2,1799,3598,Cancelled,Credit Card
ORD19532,CUST2180,25-03-2025,Jaipur,PROD215,3,1799,5397,Pending,Cash on Delivery
ORD19533,CUST3346,25-09-2024,Delhi,PROD109,1,2399,2399,Pending,Cash on Delivery
ORD19534,CUST1593,16-08-2023,Pune,PROD203,2,1999,3998,Shipped,Credit Card
ORD19535,CUST4572,26-04-2025,Nagpur,PROD133,2,299,598,Cancelled,Cash on Delivery
ORD19536,CUST5199,28-04-2023,Chandigarh,PROD191,2,1999,3998,Cancelled,Cash on Delivery
ORD19537,CUST1249,10-02-2025,Gurgaon,PROD209,2,1799,3598,Delivered,Cash on Delivery
ORD19538,CUST1437,23-06-2023,Chennai,PROD168,2,1299,2598,Delivered,PayPal
ORD19539,CUST4458,09-11-2023,Pune,PROD180,1,2499,2499,Shipped,Credit Card
ORD19540,CUST1979,31-10-2022,Nagpur,PROD166,1,9499,9499,Cancelled,PayPal
ORD19541,CUST2540,31-10-2024,Kolkata,PROD154,1,71990,71990,Delivered,Credit Card
ORD19542,CUST2495,27-01-2024,Jaipur,PROD127,3,899,2697,Returned,Cash on Delivery
ORD19543,CUST1811,19-07-2025,Hyderabad,PROD134,2,450,900,Shipped,Cash on Delivery
ORD19544,CUST1829,04-07-2024,Pune,PROD152,1,39999,39999,Shipped,Credit Card
ORD19545,CUST1320,20-03-2024,Kolkata,PROD186,1,3499,3499,Shipped,Credit Card
ORD19546,CUST1758,13-05-2024,Delhi,PROD171,1,6999,6999,Delivered,Credit Card
ORD19547,CUST4249,19-08-2025,Bangalore,PROD215,2,1799,3598,Delivered,Cash on Delivery
ORD19548,CUST5173,16-04-2023,Bangalore,PROD200,1,2499,2499,Cancelled,Cash on Delivery
ORD19549,CUST5158,21-01-2024,Hyderabad,PROD126,2,299,598,Returned,Cash on Delivery
ORD19550,CUST2653,02-06-2023,Mumbai,PROD211,3,1799,5397,Shipped,Cash on Delivery
ORD19551,CUST1284,28-02-2024,Chennai,PROD126,2,299,598,Returned,Cash on Delivery
ORD19552,CUST3043,01-03-2024,Lucknow,PROD113,3,1499,4497,Shipped,Cash on Delivery
ORD19553,CUST4669,02-12-2023,Chandigarh,PROD171,1,6999,6999,Delivered,Cash on Delivery
ORD19554,CUST1936,29-12-2024,Indore,PROD106,1,5999,5999,Cancelled,Credit Card
ORD19555,CUST1403,02-07-2024,Chennai,PROD118,1,2999,2999,Pending,PayPal
ORD19556,CUST4558,29-07-2024,Chennai,PROD216,1,2299,2299,Returned,Credit Card
ORD19557,CUST1093,26-09-2024,Kolkata,PROD145,1,62990,62990,Delivered,Cash on Delivery
ORD19558,CUST5197,27-06-2024,Bangalore,PROD199,2,1299,2598,Pending,PayPal
ORD19559,CUST3571,13-10-2022,Visakhapatnam,PROD119,3,1799,5397,Shipped,PayPal
ORD19560,CUST3071,22-02-2023,Chennai,PROD184,1,2999,2999,Cancelled,Cash on Delivery
ORD19561,CUST4075,21-03-2025,Mumbai,PROD161,3,1499,4497,Returned,PayPal
ORD19562,CUST3087,08-04-2023,Ahmedabad,PROD208,2,899,1798,Returned,Credit Card
ORD19563,CUST3803,21-04-2023,Kolkata,PROD179,3,1799,5397,Cancelled,Credit Card
ORD19564,CUST1660,01-03-2023,Nagpur,PROD162,1,3299,3299,Shipped,PayPal
ORD19565,CUST3764,26-01-2024,Kochi,PROD211,3,1799,5397,Pending,PayPal
ORD19566,CUST1712,12-01-2025,Hyderabad,PROD116,1,3499,3499,Cancelled,PayPal
ORD19567,CUST3052,15-03-2023,Bangalore,PROD200,1,2499,2499,Delivered,PayPal
ORD19568,CUST4502,05-09-2023,Chennai,PROD218,2,299,598,Returned,Credit Card
ORD19569,CUST2420,21-11-2024,Kolkata,PROD119,3,1799,5397,Cancelled,Credit Card
ORD19570,CUST5032,25-12-2022,Bangalore,PROD201,3,799,2397,Returned,PayPal
ORD19571,CUST3446,27-08-2023,Jaipur,PROD218,3,299,897,Shipped,Credit Card
ORD19572,CUST1326,02-05-2025,Chennai,PROD162,1,3299,3299,Returned,PayPal
ORD19573,CUST1821,21-06-2024,Bangalore,PROD155,1,34999,34999,Cancelled,PayPal
ORD19574,CUST1405,17-04-2024,Jaipur,PROD116,1,3499,3499,Returned,Cash on Delivery
ORD19575,CUST4232,19-02-2023,Bhubaneswar,PROD124,2,699,1398,Returned,Credit Card
ORD19576,CUST2125,21-05-2024,Hyderabad,PROD202,3,1499,4497,Delivered,Cash on Delivery
ORD19577,CUST4786,24-04-2025,Chandigarh,PROD155,1,34999,34999,Pending,Credit Card
ORD19578,CUST4607,04-03-2023,Surat,PROD117,1,2299,2299,Returned,Cash on Delivery
ORD19579,CUST1776,21-06-2025,Chennai,PROD125,3,549,1647,Returned,Credit Card
ORD19580,CUST3079,12-10-2024,Mumbai,PROD146,1,34999,34999,Delivered,PayPal
ORD19581,CUST4272,22-04-2025,Kolkata,PROD194,3,999,2997,Pending,PayPal
ORD19582,CUST4568,28-01-2025,Chandigarh,PROD163,1,4999,4999,Returned,Cash on Delivery
ORD19583,CUST2027,14-03-2023,Kolkata,PROD174,2,899,1798,Pending,Credit Card
ORD19584,CUST4581,17-06-2023,Delhi,PROD113,3,1499,4497,Returned,Credit Card
ORD19585,CUST1175,29-05-2023,Visakhapatnam,PROD161,3,1499,4497,Shipped,PayPal
ORD19586,CUST3957,05-10-2023,Pune,PROD208,3,899,2697,Shipped,PayPal
ORD19587,CUST5106,13-10-2022,Hyderabad,PROD120,3,599,1797,Returned,Cash on Delivery
ORD19588,CUST2283,11-01-2025,Kolkata,PROD186,1,3499,3499,Pending,Cash on Delivery
ORD19589,CUST1437,03-03-2025,Pune,PROD188,3,499,1497,Delivered,Cash on Delivery
ORD19590,CUST1964,17-10-2024,Chennai,PROD195,1,4499,4499,Shipped,Credit Card
ORD19591,CUST3134,15-02-2023,Hyderabad,PROD111,3,1899,5697,Cancelled,PayPal
ORD19592,CUST1664,01-12-2024,Kolkata,PROD216,1,2299,2299,Pending,PayPal
ORD19593,CUST1716,04-06-2025,Nagpur,PROD175,3,1499,4497,Pending,Cash on Delivery
ORD19594,CUST3718,31-08-2022,Pune,PROD113,2,1499,2998,Cancelled,PayPal
ORD19595,CUST1069,29-04-2024,Gurgaon,PROD114,2,1999,3998,Cancelled,PayPal
ORD19596,CUST2089,24-05-2023,Bangalore,PROD124,3,699,2097,Delivered,Cash on Delivery
ORD19597,CUST3936,21-07-2024,Gurgaon,PROD204,1,2299,2299,Shipped,Cash on Delivery
ORD19598,CUST4224,03-01-2024,Bhubaneswar,PROD152,1,39999,39999,Pending,Credit Card
ORD19599,CUST5075,09-04-2023,Pune,PROD207,2,1299,2598,Pending,Credit Card
ORD19600,CUST5070,07-06-2024,Patna,PROD133,2,299,598,Pending,Credit Card
ORD19601,CUST2088,15-03-2023,Delhi,PROD215,2,1799,3598,Pending,Cash on Delivery
ORD19602,CUST1199,14-05-2025,Kochi,PROD106,1,5999,5999,Delivered,Cash on Delivery
ORD19603,CUST1462,04-08-2025,Kolkata,PROD113,3,1499,4497,Returned,Credit Card
ORD19604,CUST2749,05-06-2024,Kolkata,PROD124,2,699,1398,Shipped,PayPal
ORD19605,CUST4932,26-02-2025,Chandigarh,PROD202,2,1499,2998,Delivered,Credit Card
ORD19606,CUST1951,19-05-2024,Delhi,PROD107,2,1299,2598,Cancelled,Credit Card
ORD19607,CUST1601,20-11-2022,Pune,PROD155,1,34999,34999,Shipped,Credit Card
ORD19608,CUST2948,17-05-2024,Hyderabad,PROD210,1,2499,2499,Delivered,Credit Card
ORD19609,CUST2734,12-03-2024,Pune,PROD203,2,1999,3998,Shipped,Credit Card
ORD19610,CUST2359,17-12-2022,Delhi,PROD208,2,899,1798,Delivered,Cash on Delivery
ORD19611,CUST1771,09-07-2023,Pune,PROD210,1,2499,2499,Shipped,PayPal
ORD19612,CUST4447,01-09-2023,Pune,PROD176,1,3499,3499,Shipped,PayPal
ORD19613,CUST3075,12-05-2024,Kolkata,PROD123,2,449,898,Pending,Credit Card
ORD19614,CUST4275,23-04-2025,Bangalore,PROD146,1,34999,34999,Delivered,PayPal
ORD19615,CUST1203,07-11-2024,Bhubaneswar,PROD210,1,2499,2499,Shipped,Cash on Delivery
ORD19616,CUST3512,22-12-2024,Nagpur,PROD159,1,4499,4499,Pending,Cash on Delivery
ORD19617,CUST2777,22-01-2024,Indore,PROD174,2,899,1798,Returned,PayPal
ORD19618,CUST1605,19-03-2024,Chandigarh,PROD197,1,5999,5999,Delivered,Cash on Delivery
ORD19619,CUST5326,22-12-2023,Lucknow,PROD135,2,350,700,Delivered,Cash on Delivery
ORD19620,CUST3494,30-10-2022,Delhi,PROD135,3,350,1050,Shipped,Credit Card
ORD19621,CUST5311,22-03-2023,Pune,PROD188,2,499,998,Delivered,Cash on Delivery
ORD19622,CUST1349,14-03-2024,Nagpur,PROD203,3,1999,5997,Cancelled,PayPal
ORD19623,CUST1202,22-01-2023,Chennai,PROD164,2,1199,2398,Cancelled,Credit Card
ORD19624,CUST4040,30-11-2023,Bhubaneswar,PROD176,1,3499,3499,Pending,Cash on Delivery
ORD19625,CUST4329,24-09-2022,Mumbai,PROD102,3,1799,5397,Returned,Credit Card
ORD19626,CUST4325,16-04-2023,Delhi,PROD110,1,2999,2999,Shipped,Credit Card
ORD19627,CUST4721,28-02-2025,Chennai,PROD147,1,29990,29990,Delivered,PayPal
ORD19628,CUST1069,03-05-2025,Delhi,PROD217,2,999,1998,Delivered,Cash on Delivery
ORD19629,CUST1626,29-11-2022,Jaipur,PROD163,1,4999,4999,Cancelled,Credit Card
ORD19630,CUST2125,22-11-2022,Chennai,PROD203,2,1999,3998,Returned,PayPal
ORD19631,CUST3417,28-10-2024,Mumbai,PROD197,1,5999,5999,Returned,Credit Card
ORD19632,CUST2158,18-08-2024,Kolkata,PROD167,1,3499,3499,Shipped,Credit Card
ORD19633,CUST2787,31-07-2024,Hyderabad,PROD117,1,2299,2299,Cancelled,PayPal
ORD19634,CUST4375,24-10-2024,Surat,PROD219,3,799,2397,Delivered,Credit Card
ORD19635,CUST1873,29-03-2024,Chandigarh,PROD155,1,34999,34999,Delivered,PayPal
ORD19636,CUST2288,26-06-2025,Mumbai,PROD193,2,1499,2998,Delivered,Cash on Delivery
ORD19637,CUST3768,17-11-2023,Kochi,PROD139,2,499,998,Delivered,Credit Card
ORD19638,CUST3879,01-08-2023,Bhubaneswar,PROD198,1,6999,6999,Delivered,Credit Card
ORD19639,CUST3497,07-07-2023,Chennai,PROD202,2,1499,2998,Cancelled,PayPal
ORD19640,CUST4745,26-02-2024,Kochi,PROD175,2,1499,2998,Returned,Cash on Delivery
ORD19641,CUST1756,15-05-2025,Delhi,PROD161,2,1499,2998,Pending,Credit Card
ORD19642,CUST3713,02-08-2023,Chennai,PROD121,3,499,1497,Shipped,Cash on Delivery
ORD19643,CUST5306,20-07-2023,Ahmedabad,PROD124,2,699,1398,Cancelled,Credit Card
ORD19644,CUST4620,19-11-2022,Bangalore,PROD168,2,1299,2598,Shipped,Cash on Delivery
ORD19645,CUST4724,21-06-2024,Hyderabad,PROD195,1,4499,4499,Cancelled,Cash on Delivery
ORD19646,CUST2363,18-12-2024,Kolkata,PROD131,2,499,998,Returned,Credit Card
ORD19647,CUST2747,28-04-2024,Kolkata,PROD134,3,450,1350,Returned,Credit Card
ORD19648,CUST2915,17-03-2025,Surat,PROD123,3,449,1347,Shipped,Credit Card
ORD19649,CUST4342,08-10-2023,Surat,PROD165,3,1799,5397,Cancelled,PayPal
ORD19650,CUST2105,06-10-2022,Chennai,PROD183,2,999,1998,Cancelled,Cash on Delivery
ORD19651,CUST3546,16-07-2025,Pune,PROD155,1,34999,34999,Cancelled,Cash on Delivery
ORD19652,CUST1018,01-03-2025,Mumbai,PROD150,1,42999,42999,Delivered,Cash on Delivery
ORD19653,CUST5076,21-10-2023,Delhi,PROD201,3,799,2397,Shipped,Cash on Delivery
ORD19654,CUST1848,19-07-2023,Mumbai,PROD165,2,1799,3598,Delivered,PayPal
ORD19655,CUST2108,22-01-2024,Indore,PROD170,1,2499,2499,Cancelled,Cash on Delivery
ORD19656,CUST2772,17-02-2025,Mumbai,PROD183,2,999,1998,Shipped,PayPal
ORD19657,CUST1183,16-08-2024,Patna,PROD151,1,49999,49999,Cancelled,PayPal
ORD19658,CUST4139,18-07-2025,Pune,PROD217,3,999,2997,Shipped,Cash on Delivery
ORD19659,CUST5134,10-04-2024,Pune,PROD107,3,1299,3897,Shipped,Credit Card
ORD19660,CUST4766,28-11-2024,Jaipur,PROD200,1,2499,2499,Cancelled,PayPal
ORD19661,CUST1717,16-02-2023,Bangalore,PROD123,3,449,1347,Cancelled,Credit Card
ORD19662,CUST4918,30-11-2022,Mumbai,PROD193,2,1499,2998,Delivered,Credit Card
ORD19663,CUST4201,26-04-2025,Bhubaneswar,PROD214,2,499,998,Shipped,Credit Card
ORD19664,CUST2736,22-10-2022,Mumbai,PROD145,1,62990,62990,Delivered,PayPal
ORD19665,CUST3453,20-05-2025,Kolkata,PROD145,1,62990,62990,Delivered,Cash on Delivery
ORD19666,CUST2084,22-01-2023,Kolkata,PROD174,2,899,1798,Pending,Credit Card
ORD19667,CUST2217,20-12-2023,Hyderabad,PROD180,1,2499,2499,Shipped,PayPal
ORD19668,CUST3889,01-02-2023,Hyderabad,PROD192,1,4999,4999,Cancelled,Cash on Delivery
ORD19669,CUST4055,31-07-2023,Hyderabad,PROD102,3,1799,5397,Returned,Credit Card
ORD19670,CUST3884,20-06-2025,Indore,PROD150,1,42999,42999,Shipped,Credit Card
ORD19671,CUST4546,15-02-2023,Surat,PROD150,1,42999,42999,Cancelled,Cash on Delivery
ORD19672,CUST2936,23-08-2024,Jaipur,PROD157,1,14999,14999,Shipped,Credit Card
ORD19673,CUST3172,23-12-2024,Bangalore,PROD143,1,89999,89999,Pending,Credit Card
ORD19674,CUST3616,30-06-2023,Pune,PROD181,3,1299,3897,Delivered,Cash on Delivery
ORD19675,CUST4327,12-02-2023,Surat,PROD172,1,3999,3999,Shipped,Cash on Delivery
ORD19676,CUST4388,20-08-2024,Pune,PROD115,1,2499,2499,Delivered,PayPal
ORD19677,CUST1985,02-01-2024,Pune,PROD183,3,999,2997,Returned,PayPal
ORD19678,CUST4703,06-09-2023,Kolkata,PROD136,2,499,998,Shipped,Credit Card
ORD19679,CUST4678,07-02-2023,Kolkata,PROD128,3,799,2397,Pending,Credit Card
ORD19680,CUST3880,09-08-2025,Noida,PROD132,2,399,798,Cancelled,Cash on Delivery
ORD19681,CUST2171,04-12-2023,Lucknow,PROD155,1,34999,34999,Returned,Credit Card
ORD19682,CUST2276,22-08-2025,Surat,PROD170,1,2499,2499,Shipped,Credit Card
ORD19683,CUST3926,20-12-2023,Bangalore,PROD109,1,2399,2399,Returned,Cash on Delivery
ORD19684,CUST2995,04-06-2024,Mumbai,PROD218,3,299,897,Returned,Credit Card
ORD19685,CUST3170,08-03-2024,Visakhapatnam,PROD122,3,399,1197,Pending,Cash on Delivery
ORD19686,CUST3051,09-07-2024,Visakhapatnam,PROD114,2,1999,3998,Shipped,PayPal
ORD19687,CUST4853,28-02-2024,Chandigarh,PROD151,1,49999,49999,Delivered,PayPal
ORD19688,CUST4974,18-12-2024,Mumbai,PROD188,3,499,1497,Delivered,Credit Card
ORD19689,CUST4973,13-02-2023,Pune,PROD217,2,999,1998,Returned,PayPal
ORD19690,CUST1979,20-01-2025,Kolkata,PROD184,1,2999,2999,Shipped,PayPal
ORD19691,CUST4502,28-02-2023,Nagpur,PROD217,2,999,1998,Returned,PayPal
ORD19692,CUST3439,02-03-2023,Chennai,PROD205,3,399,1197,Delivered,Cash on Delivery
ORD19693,CUST1744,08-03-2023,Visakhapatnam,PROD194,2,999,1998,Delivered,PayPal
ORD19694,CUST2120,10-02-2023,Mumbai,PROD172,1,3999,3999,Pending,PayPal
ORD19695,CUST3856,28-10-2022,Mumbai,PROD193,2,1499,2998,Delivered,PayPal
ORD19696,CUST3381,13-12-2024,Delhi,PROD106,1,5999,5999,Shipped,PayPal
ORD19697,CUST4402,25-03-2024,Ahmedabad,PROD121,2,499,998,Shipped,PayPal
ORD19698,CUST4849,23-02-2024,Surat,PROD209,3,1799,5397,Shipped,Credit Card
ORD19699,CUST3944,20-05-2025,Kolkata,PROD145,1,62990,62990,Cancelled,Cash on Delivery
ORD19700,CUST4121,01-11-2022,Bangalore,PROD176,1,3499,3499,Shipped,Cash on Delivery
ORD19701,CUST3431,11-11-2023,Kolkata,PROD100,1,2799,2799,Shipped,Credit Card
ORD19702,CUST3203,02-12-2022,Indore,PROD186,1,3499,3499,Cancelled,PayPal
ORD19703,CUST3083,15-09-2022,Bangalore,PROD134,3,450,1350,Shipped,Credit Card
ORD19704,CUST2113,09-02-2025,Bangalore,PROD116,1,3499,3499,Delivered,PayPal
ORD19705,CUST4562,26-01-2023,Delhi,PROD108,3,1499,4497,Returned,Credit Card
ORD19706,CUST2525,08-09-2022,Noida,PROD175,2,1499,2998,Delivered,Cash on Delivery
ORD19707,CUST2486,02-04-2023,Mumbai,PROD121,3,499,1497,Pending,PayPal
ORD19708,CUST3412,04-02-2023,Bangalore,PROD168,3,1299,3897,Returned,Cash on Delivery
ORD19709,CUST1277,30-11-2024,Patna,PROD167,1,3499,3499,Pending,Credit Card
ORD19710,CUST3113,19-06-2025,Hyderabad,PROD183,3,999,2997,Cancelled,PayPal
ORD19711,CUST4779,21-01-2025,Pune,PROD167,1,3499,3499,Cancelled,Credit Card
ORD19712,CUST3003,23-10-2023,Delhi,PROD200,1,2499,2499,Cancelled,Cash on Delivery
ORD19713,CUST4316,21-08-2025,Jaipur,PROD101,1,6499,6499,Returned,Cash on Delivery
ORD19714,CUST3413,04-10-2024,Chennai,PROD181,3,1299,3897,Returned,Cash on Delivery
ORD19715,CUST4156,11-04-2023,Bangalore,PROD146,1,34999,34999,Shipped,Cash on Delivery
ORD19716,CUST4468,17-11-2024,Mumbai,PROD214,2,499,998,Delivered,Cash on Delivery
ORD19717,CUST4621,05-06-2025,Mumbai,PROD111,2,1899,3798,Pending,Credit Card
ORD19718,CUST5187,07-10-2022,Nagpur,PROD176,1,3499,3499,Returned,Cash on Delivery
ORD19719,CUST2239,04-04-2024,Kolkata,PROD156,1,29990,29990,Shipped,Credit Card
ORD19720,CUST2023,31-12-2023,Hyderabad,PROD191,3,1999,5997,Shipped,PayPal
ORD19721,CUST3692,13-03-2024,Hyderabad,PROD129,3,349,1047,Delivered,Credit Card
ORD19722,CUST2174,20-06-2023,Ahmedabad,PROD203,2,1999,3998,Cancelled,Credit Card
ORD19723,CUST5163,06-06-2023,Indore,PROD182,2,1899,3798,Delivered,Cash on Delivery
ORD19724,CUST1743,28-11-2023,Chennai,PROD140,1,69999,69999,Cancelled,PayPal
ORD19725,CUST1554,22-04-2024,Patna,PROD133,3,299,897,Cancelled,Credit Card
ORD19726,CUST4513,20-06-2024,Kolkata,PROD118,1,2999,2999,Delivered,Cash on Delivery
ORD19727,CUST3267,17-03-2025,Chandigarh,PROD212,1,5499,5499,Pending,Credit Card
ORD19728,CUST3949,14-06-2025,Chennai,PROD174,2,899,1798,Returned,PayPal
ORD19729,CUST4682,23-09-2022,Surat,PROD162,1,3299,3299,Cancelled,Credit Card
ORD19730,CUST3837,11-05-2023,Pune,PROD150,1,42999,42999,Pending,Credit Card
ORD19731,CUST2374,10-04-2025,Lucknow,PROD158,1,8995,8995,Shipped,PayPal
ORD19732,CUST3648,02-08-2023,Chennai,PROD132,3,399,1197,Cancelled,Credit Card
ORD19733,CUST4549,10-10-2022,Kochi,PROD197,1,5999,5999,Delivered,PayPal
ORD19734,CUST3422,01-08-2024,Hyderabad,PROD188,2,499,998,Delivered,PayPal
ORD19735,CUST3489,26-11-2023,Bangalore,PROD109,1,2399,2399,Pending,Cash on Delivery
ORD19736,CUST3648,01-10-2022,Gurgaon,PROD171,1,6999,6999,Delivered,Credit Card
ORD19737,CUST4175,27-05-2023,Pune,PROD197,1,5999,5999,Delivered,Cash on Delivery
ORD19738,CUST5175,13-05-2025,Hyderabad,PROD195,1,4499,4499,Cancelled,PayPal
ORD19739,CUST3929,09-10-2022,Nagpur,PROD113,2,1499,2998,Delivered,PayPal
ORD19740,CUST4232,10-06-2023,Hyderabad,PROD146,1,34999,34999,Shipped,PayPal
ORD19741,CUST2254,09-11-2023,Pune,PROD139,2,499,998,Returned,PayPal
ORD19742,CUST3872,06-10-2022,Delhi,PROD205,3,399,1197,Delivered,Cash on Delivery
ORD19743,CUST5111,11-11-2022,Noida,PROD145,1,62990,62990,Pending,Credit Card
ORD19744,CUST2568,09-01-2023,Surat,PROD128,3,799,2397,Pending,Credit Card
ORD19745,CUST2100,18-02-2025,Patna,PROD166,1,9499,9499,Cancelled,Cash on Delivery
ORD19746,CUST5124,18-10-2022,Surat,PROD170,1,2499,2499,Returned,Cash on Delivery
ORD19747,CUST2441,31-10-2024,Indore,PROD188,3,499,1497,Cancelled,PayPal
ORD19748,CUST1498,29-07-2025,Kolkata,PROD174,2,899,1798,Pending,PayPal
ORD19749,CUST2271,03-03-2025,Hyderabad,PROD187,1,4999,4999,Cancelled,Credit Card
ORD19750,CUST1324,13-02-2023,Delhi,PROD128,2,799,1598,Shipped,Cash on Delivery
ORD19751,CUST4849,09-12-2024,Gurgaon,PROD210,1,2499,2499,Shipped,PayPal
ORD19752,CUST5137,30-10-2022,Hyderabad,PROD119,2,1799,3598,Pending,PayPal
ORD19753,CUST4335,15-02-2025,Mumbai,PROD174,2,899,1798,Pending,PayPal
ORD19754,CUST1165,18-11-2022,Hyderabad,PROD115,1,2499,2499,Returned,Cash on Delivery
ORD19755,CUST4316,20-04-2025,Hyderabad,PROD125,2,549,1098,Delivered,PayPal
ORD19756,CUST1885,23-01-2024,Pune,PROD218,2,299,598,Delivered,Credit Card
ORD19757,CUST5262,24-01-2024,Pune,PROD130,2,599,1198,Cancelled,Credit Card
ORD19758,CUST1254,02-07-2023,Bangalore,PROD219,2,799,1598,Shipped,Cash on Delivery
ORD19759,CUST4247,10-04-2025,Chennai,PROD165,3,1799,5397,Pending,PayPal
ORD19760,CUST2488,28-11-2024,Hyderabad,PROD104,1,4499,4499,Cancelled,Credit Card
ORD19761,CUST4111,07-08-2025,Kolkata,PROD143,1,89999,89999,Returned,Credit Card
ORD19762,CUST3234,10-03-2024,Bangalore,PROD133,2,299,598,Shipped,PayPal
ORD19763,CUST2075,04-07-2023,Jaipur,PROD167,1,3499,3499,Shipped,PayPal
ORD19764,CUST2175,06-07-2025,Kolkata,PROD210,1,2499,2499,Pending,Credit Card
ORD19765,CUST1415,16-09-2022,Jaipur,PROD201,2,799,1598,Cancelled,PayPal
ORD19766,CUST4144,04-01-2023,Visakhapatnam,PROD113,2,1499,2998,Delivered,Credit Card
ORD19767,CUST5245,27-11-2024,Chennai,PROD118,1,2999,2999,Returned,PayPal
ORD19768,CUST4165,12-07-2024,Delhi,PROD146,1,34999,34999,Cancelled,Credit Card
ORD19769,CUST2788,18-05-2024,Bhubaneswar,PROD125,2,549,1098,Pending,Cash on Delivery
ORD19770,CUST3403,18-03-2024,Delhi,PROD121,3,499,1497,Shipped,Cash on Delivery
ORD19771,CUST2002,30-08-2022,Kolkata,PROD131,3,499,1497,Pending,PayPal
ORD19772,CUST1720,09-01-2024,Kolkata,PROD195,1,4499,4499,Delivered,PayPal
ORD19773,CUST2442,03-11-2023,Gurgaon,PROD108,3,1499,4497,Returned,Credit Card
ORD19774,CUST4344,11-08-2024,Delhi,PROD181,3,1299,3897,Cancelled,Credit Card
ORD19775,CUST4770,14-04-2023,Kolkata,PROD103,1,2999,2999,Returned,Cash on Delivery
ORD19776,CUST4546,05-05-2023,Kolkata,PROD193,2,1499,2998,Pending,PayPal
ORD19777,CUST3438,14-12-2024,Delhi,PROD192,1,4999,4999,Shipped,Credit Card
ORD19778,CUST2954,24-07-2025,Kolkata,PROD176,1,3499,3499,Cancelled,Credit Card
ORD19779,CUST2950,11-09-2024,Pune,PROD103,1,2999,2999,Shipped,PayPal
ORD19780,CUST3900,12-03-2023,Chandigarh,PROD187,1,4999,4999,Cancelled,Cash on Delivery
ORD19781,CUST4275,02-04-2023,Delhi,PROD197,1,5999,5999,Returned,Credit Card
ORD19782,CUST3563,04-04-2025,Delhi,PROD209,3,1799,5397,Pending,PayPal
ORD19783,CUST3151,09-08-2024,Kochi,PROD195,1,4499,4499,Shipped,Credit Card
ORD19784,CUST3694,19-05-2023,Kolkata,PROD160,1,5999,5999,Shipped,PayPal
ORD19785,CUST1208,02-06-2025,Chandigarh,PROD187,1,4999,4999,Cancelled,Cash on Delivery
ORD19786,CUST5194,08-12-2023,Lucknow,PROD142,1,59999,59999,Pending,PayPal
ORD19787,CUST1525,07-06-2025,Pune,PROD139,3,499,1497,Delivered,PayPal
ORD19788,CUST4924,28-11-2022,Pune,PROD121,2,499,998,Delivered,Cash on Delivery
ORD19789,CUST1922,27-08-2022,Nagpur,PROD155,1,34999,34999,Returned,Cash on Delivery
ORD19790,CUST3395,07-02-2025,Delhi,PROD212,1,5499,5499,Cancelled,Credit Card
ORD19791,CUST2481,13-10-2024,Bhubaneswar,PROD203,3,1999,5997,Shipped,PayPal
ORD19792,CUST3184,01-02-2023,Bhubaneswar,PROD161,3,1499,4497,Pending,Credit Card
ORD19793,CUST1117,27-11-2024,Mumbai,PROD109,1,2399,2399,Delivered,Cash on Delivery
ORD19794,CUST1099,05-03-2025,Kolkata,PROD191,2,1999,3998,Returned,Cash on Delivery
ORD19795,CUST4230,07-02-2025,Jaipur,PROD163,1,4999,4999,Pending,Credit Card
ORD19796,CUST3705,27-09-2024,Lucknow,PROD209,3,1799,5397,Returned,PayPal
ORD19797,CUST4196,16-02-2023,Pune,PROD159,1,4499,4499,Delivered,Credit Card
ORD19798,CUST4473,11-09-2023,Indore,PROD146,1,34999,34999,Returned,Credit Card
ORD19799,CUST2341,01-06-2024,Bangalore,PROD165,2,1799,3598,Pending,Credit Card
ORD19800,CUST3903,01-03-2025,Mumbai,PROD216,1,2299,2299,Returned,Cash on Delivery
ORD19801,CUST3653,21-11-2024,Mumbai,PROD161,2,1499,2998,Pending,PayPal
ORD19802,CUST4907,23-10-2022,Bangalore,PROD141,1,64999,64999,Returned,Cash on Delivery
ORD19803,CUST2520,15-02-2025,Mumbai,PROD181,3,1299,3897,Delivered,Cash on Delivery
ORD19804,CUST1053,15-12-2022,Kolkata,PROD112,2,1699,3398,Shipped,Credit Card
ORD19805,CUST2783,27-04-2024,Visakhapatnam,PROD136,3,499,1497,Shipped,PayPal
ORD19806,CUST3740,28-04-2023,Bangalore,PROD144,1,58499,58499,Pending,Cash on Delivery
ORD19807,CUST5138,16-09-2022,Delhi,PROD141,1,64999,64999,Returned,Cash on Delivery
ORD19808,CUST4551,03-11-2022,Indore,PROD160,1,5999,5999,Cancelled,Credit Card
ORD19809,CUST3667,07-03-2025,Kolkata,PROD128,3,799,2397,Cancelled,PayPal
ORD19810,CUST3945,01-06-2024,Hyderabad,PROD203,2,1999,3998,Cancelled,PayPal
ORD19811,CUST2002,09-11-2024,Kolkata,PROD195,1,4499,4499,Delivered,Credit Card
ORD19812,CUST2871,27-04-2023,Surat,PROD203,2,1999,3998,Cancelled,Cash on Delivery
ORD19813,CUST4017,05-01-2025,Bangalore,PROD133,3,299,897,Shipped,Credit Card
ORD19814,CUST1701,31-08-2024,Chennai,PROD172,1,3999,3999,Pending,PayPal
ORD19815,CUST3665,12-03-2024,Hyderabad,PROD109,1,2399,2399,Pending,Credit Card
ORD19816,CUST3537,11-09-2022,Bhubaneswar,PROD218,2,299,598,Shipped,Cash on Delivery
ORD19817,CUST1025,20-11-2024,Hyderabad,PROD147,1,29990,29990,Returned,PayPal
ORD19818,CUST5101,03-04-2023,Nagpur,PROD127,2,899,1798,Delivered,PayPal
ORD19819,CUST2641,03-04-2023,Mumbai,PROD122,3,399,1197,Shipped,PayPal
ORD19820,CUST4760,26-08-2024,Noida,PROD189,2,899,1798,Delivered,Cash on Delivery
ORD19821,CUST4584,05-09-2022,Visakhapatnam,PROD195,1,4499,4499,Cancelled,Cash on Delivery
ORD19822,CUST5112,16-12-2022,Kolkata,PROD152,1,39999,39999,Delivered,Cash on Delivery
ORD19823,CUST2303,24-05-2023,Delhi,PROD108,3,1499,4497,Shipped,Credit Card
ORD19824,CUST2415,06-10-2023,Bangalore,PROD141,1,64999,64999,Shipped,Cash on Delivery
ORD19825,CUST4422,13-05-2024,Ahmedabad,PROD114,3,1999,5997,Returned,PayPal
ORD19826,CUST1618,14-11-2024,Delhi,PROD124,2,699,1398,Cancelled,Cash on Delivery
ORD19827,CUST5156,16-11-2022,Visakhapatnam,PROD145,1,62990,62990,Shipped,Cash on Delivery
ORD19828,CUST3731,20-05-2025,Surat,PROD124,2,699,1398,Pending,Credit Card
ORD19829,CUST1451,11-03-2023,Lucknow,PROD207,2,1299,2598,Pending,PayPal
ORD19830,CUST2954,12-12-2024,Mumbai,PROD191,3,1999,5997,Returned,PayPal
ORD19831,CUST4508,01-12-2024,Bangalore,PROD183,3,999,2997,Pending,PayPal
ORD19832,CUST2783,27-08-2022,Nagpur,PROD207,2,1299,2598,Returned,PayPal
ORD19833,CUST3603,16-09-2022,Delhi,PROD167,1,3499,3499,Cancelled,PayPal
ORD19834,CUST1525,29-09-2022,Mumbai,PROD141,1,64999,64999,Delivered,Credit Card
ORD19835,CUST4956,12-12-2023,Delhi,PROD133,2,299,598,Returned,Cash on Delivery
ORD19836,CUST2431,31-07-2024,Delhi,PROD201,2,799,1598,Delivered,PayPal
ORD19837,CUST4742,28-08-2024,Bhubaneswar,PROD217,3,999,2997,Delivered,Credit Card
ORD19838,CUST3998,23-11-2023,Bangalore,PROD131,2,499,998,Cancelled,Cash on Delivery
ORD19839,CUST1316,10-02-2023,Surat,PROD157,1,14999,14999,Cancelled,PayPal
ORD19840,CUST5286,17-02-2024,Kolkata,PROD130,3,599,1797,Returned,PayPal
ORD19841,CUST3990,17-01-2025,Visakhapatnam,PROD218,2,299,598,Returned,Cash on Delivery
ORD19842,CUST2211,16-07-2024,Chandigarh,PROD134,3,450,1350,Delivered,Cash on Delivery
ORD19843,CUST3382,17-11-2022,Bangalore,PROD198,1,6999,6999,Pending,PayPal
ORD19844,CUST1885,14-01-2024,Bangalore,PROD217,3,999,2997,Cancelled,Credit Card
ORD19845,CUST2296,04-08-2025,Chandigarh,PROD111,3,1899,5697,Shipped,Cash on Delivery
ORD19846,CUST3851,12-12-2022,Lucknow,PROD108,2,1499,2998,Returned,PayPal
ORD19847,CUST4251,28-07-2023,Kolkata,PROD140,1,69999,69999,Pending,Cash on Delivery
ORD19848,CUST1120,07-03-2023,Kochi,PROD162,1,3299,3299,Cancelled,PayPal
ORD19849,CUST2473,08-07-2024,Kolkata,PROD213,2,1999,3998,Delivered,PayPal
ORD19850,CUST4632,13-11-2024,Chandigarh,PROD135,2,350,700,Pending,Cash on Delivery
ORD19851,CUST1895,05-08-2023,Delhi,PROD215,3,1799,5397,Returned,Credit Card
ORD19852,CUST4170,16-09-2022,Kochi,PROD135,3,350,1050,Cancelled,PayPal
ORD19853,CUST4937,23-10-2022,Patna,PROD176,1,3499,3499,Returned,Credit Card
ORD19854,CUST2676,22-06-2024,Chennai,PROD180,1,2499,2499,Delivered,Credit Card
ORD19855,CUST2247,20-02-2023,Surat,PROD184,1,2999,2999,Returned,PayPal
ORD19856,CUST4646,24-12-2023,Chennai,PROD188,2,499,998,Cancelled,Credit Card
ORD19857,CUST1863,29-05-2023,Pune,PROD119,2,1799,3598,Shipped,Credit Card
ORD19858,CUST4384,21-11-2024,Pune,PROD169,2,1899,3798,Returned,Cash on Delivery
ORD19859,CUST3333,09-01-2025,Jaipur,PROD174,3,899,2697,Shipped,Credit Card
ORD19860,CUST4941,03-11-2024,Bangalore,PROD108,2,1499,2998,Pending,PayPal
ORD19861,CUST3391,02-09-2022,Pune,PROD104,1,4499,4499,Returned,Credit Card
ORD19862,CUST5235,11-08-2023,Indore,PROD149,3,1499,4497,Returned,Cash on Delivery
ORD19863,CUST1282,06-11-2022,Kolkata,PROD155,1,34999,34999,Shipped,PayPal
ORD19864,CUST5026,06-11-2024,Gurgaon,PROD180,1,2499,2499,Pending,Credit Card
ORD19865,CUST4529,11-02-2023,Nagpur,PROD116,1,3499,3499,Cancelled,Cash on Delivery
ORD19866,CUST1315,12-05-2025,Pune,PROD182,3,1899,5697,Returned,Credit Card
ORD19867,CUST3652,02-10-2022,Bangalore,PROD150,1,42999,42999,Pending,Credit Card
ORD19868,CUST2665,02-10-2024,Chandigarh,PROD169,2,1899,3798,Pending,Credit Card
ORD19869,CUST3771,21-06-2024,Kolkata,PROD199,2,1299,2598,Shipped,Credit Card
ORD19870,CUST4846,03-02-2025,Kochi,PROD143,1,89999,89999,Shipped,Cash on Delivery
ORD19871,CUST3509,02-03-2024,Visakhapatnam,PROD196,3,899,2697,Pending,Cash on Delivery
ORD19872,CUST2881,23-11-2024,Chandigarh,PROD180,1,2499,2499,Cancelled,PayPal
ORD19873,CUST3335,14-04-2023,Bangalore,PROD189,2,899,1798,Cancelled,PayPal
ORD19874,CUST3158,07-09-2024,Pune,PROD145,1,62990,62990,Returned,Cash on Delivery
ORD19875,CUST2204,27-08-2024,Pune,PROD217,3,999,2997,Pending,Credit Card
ORD19876,CUST4657,26-01-2024,Lucknow,PROD101,1,6499,6499,Returned,Credit Card
ORD19877,CUST3864,21-11-2023,Bangalore,PROD169,3,1899,5697,Shipped,Credit Card
ORD19878,CUST2485,24-10-2024,Patna,PROD155,1,34999,34999,Delivered,Cash on Delivery
ORD19879,CUST2051,14-03-2023,Bangalore,PROD191,2,1999,3998,Shipped,Credit Card
ORD19880,CUST4418,13-08-2024,Pune,PROD120,3,599,1797,Delivered,Credit Card
ORD19881,CUST1602,08-06-2023,Pune,PROD131,2,499,998,Pending,Cash on Delivery
ORD19882,CUST1740,24-04-2025,Mumbai,PROD174,2,899,1798,Returned,Cash on Delivery
ORD19883,CUST1598,20-12-2023,Pune,PROD202,2,1499,2998,Returned,Cash on Delivery
ORD19884,CUST1077,26-04-2023,Kochi,PROD131,2,499,998,Delivered,Cash on Delivery
ORD19885,CUST4765,02-04-2025,Pune,PROD105,1,2499,2499,Returned,Cash on Delivery
ORD19886,CUST5008,04-06-2023,Chennai,PROD153,1,62990,62990,Cancelled,Cash on Delivery
ORD19887,CUST3265,01-03-2024,Chandigarh,PROD148,1,6499,6499,Shipped,Credit Card
ORD19888,CUST4525,19-05-2023,Hyderabad,PROD198,1,6999,6999,Returned,Credit Card
ORD19889,CUST2498,09-08-2025,Kolkata,PROD136,3,499,1497,Returned,PayPal
ORD19890,CUST2201,29-03-2023,Chandigarh,PROD157,1,14999,14999,Returned,Credit Card
ORD19891,CUST5192,19-08-2023,Indore,PROD152,1,39999,39999,Pending,PayPal
ORD19892,CUST4111,25-11-2023,Indore,PROD112,3,1699,5097,Delivered,PayPal
ORD19893,CUST2481,06-05-2024,Bangalore,PROD157,1,14999,14999,Returned,Credit Card
ORD19894,CUST2356,22-07-2024,Kolkata,PROD199,3,1299,3897,Cancelled,Credit Card
ORD19895,CUST5125,29-09-2024,Hyderabad,PROD215,3,1799,5397,Delivered,Cash on Delivery
ORD19896,CUST4485,19-06-2023,Bhubaneswar,PROD172,1,3999,3999,Pending,Credit Card
ORD19897,CUST4130,22-08-2023,Pune,PROD103,1,2999,2999,Delivered,Credit Card
ORD19898,CUST1636,19-09-2022,Patna,PROD100,1,2799,2799,Delivered,Credit Card
ORD19899,CUST2948,09-07-2024,Chennai,PROD197,1,5999,5999,Delivered,PayPal
ORD19900,CUST3881,12-06-2025,Bangalore,PROD119,3,1799,5397,Returned,PayPal
ORD19901,CUST1390,17-05-2025,Patna,PROD177,3,1599,4797,Cancelled,PayPal
ORD19902,CUST1235,18-06-2024,Kochi,PROD164,2,1199,2398,Pending,Credit Card
ORD19903,CUST3020,14-06-2023,Lucknow,PROD165,3,1799,5397,Shipped,Credit Card
ORD19904,CUST4445,14-04-2025,Kolkata,PROD147,1,29990,29990,Returned,PayPal
ORD19905,CUST4697,19-03-2023,Pune,PROD214,3,499,1497,Returned,PayPal
ORD19906,CUST3952,28-01-2023,Mumbai,PROD194,3,999,2997,Delivered,PayPal
ORD19907,CUST1400,27-04-2025,Pune,PROD203,3,1999,5997,Delivered,Cash on Delivery
ORD19908,CUST2430,17-11-2022,Mumbai,PROD134,2,450,900,Delivered,Cash on Delivery
ORD19909,CUST3176,13-05-2023,Noida,PROD118,1,2999,2999,Shipped,Credit Card
ORD19910,CUST2625,12-12-2024,Chandigarh,PROD203,2,1999,3998,Delivered,Credit Card
ORD19911,CUST1018,30-05-2025,Surat,PROD106,1,5999,5999,Pending,Cash on Delivery
ORD19912,CUST3645,08-05-2025,Kolkata,PROD162,1,3299,3299,Shipped,Credit Card
ORD19913,CUST1153,15-06-2024,Mumbai,PROD140,1,69999,69999,Pending,Cash on Delivery
ORD19914,CUST4427,09-03-2024,Kolkata,PROD182,3,1899,5697,Returned,Credit Card
ORD19915,CUST2767,21-06-2023,Mumbai,PROD111,2,1899,3798,Pending,PayPal
ORD19916,CUST4294,17-02-2024,Delhi,PROD215,3,1799,5397,Delivered,Credit Card
ORD19917,CUST3966,24-02-2024,Hyderabad,PROD161,3,1499,4497,Pending,Credit Card
ORD19918,CUST1694,28-01-2023,Nagpur,PROD112,3,1699,5097,Pending,PayPal
ORD19919,CUST3497,14-02-2023,Ahmedabad,PROD127,2,899,1798,Returned,PayPal
ORD19920,CUST4222,22-03-2023,Mumbai,PROD107,3,1299,3897,Pending,Cash on Delivery
ORD19921,CUST4382,29-06-2024,Mumbai,PROD111,3,1899,5697,Shipped,Credit Card
ORD19922,CUST2170,09-07-2023,Delhi,PROD131,3,499,1497,Delivered,PayPal
ORD19923,CUST1135,29-10-2024,Surat,PROD184,1,2999,2999,Shipped,Credit Card
ORD19924,CUST5049,03-04-2024,Surat,PROD160,1,5999,5999,Pending,Credit Card
ORD19925,CUST4789,01-02-2024,Kolkata,PROD127,3,899,2697,Delivered,Credit Card
ORD19926,CUST3212,27-04-2025,Mumbai,PROD153,1,62990,62990,Cancelled,PayPal
ORD19927,CUST1462,24-12-2022,Hyderabad,PROD217,2,999,1998,Shipped,PayPal
ORD19928,CUST1882,21-04-2023,Surat,PROD170,1,2499,2499,Pending,PayPal
ORD19929,CUST4068,09-06-2023,Pune,PROD142,1,59999,59999,Shipped,PayPal
ORD19930,CUST3205,06-02-2023,Chennai,PROD218,3,299,897,Shipped,Cash on Delivery
ORD19931,CUST4469,08-01-2025,Hyderabad,PROD153,1,62990,62990,Returned,Credit Card
ORD19932,CUST5108,03-10-2023,Jaipur,PROD155,1,34999,34999,Pending,PayPal
ORD19933,CUST4467,29-06-2024,Chennai,PROD148,1,6499,6499,Delivered,PayPal
ORD19934,CUST5227,26-12-2023,Delhi,PROD186,1,3499,3499,Returned,PayPal
ORD19935,CUST3114,25-08-2024,Chennai,PROD186,1,3499,3499,Delivered,Cash on Delivery
ORD19936,CUST1778,10-07-2025,Visakhapatnam,PROD179,2,1799,3598,Shipped,Cash on Delivery
ORD19937,CUST1257,17-05-2023,Chennai,PROD209,2,1799,3598,Shipped,Credit Card
ORD19938,CUST3956,24-10-2024,Nagpur,PROD127,2,899,1798,Shipped,Credit Card
ORD19939,CUST4666,26-09-2023,Kochi,PROD148,1,6499,6499,Shipped,Credit Card
ORD19940,CUST2778,25-04-2025,Lucknow,PROD216,1,2299,2299,Delivered,Credit Card
ORD19941,CUST4771,14-02-2023,Chennai,PROD214,3,499,1497,Shipped,Cash on Delivery
ORD19942,CUST3412,30-06-2025,Pune,PROD180,1,2499,2499,Pending,Credit Card
ORD19943,CUST2740,31-03-2025,Mumbai,PROD119,2,1799,3598,Returned,Credit Card
ORD19944,CUST3498,05-08-2024,Lucknow,PROD143,1,89999,89999,Cancelled,PayPal
ORD19945,CUST1095,19-11-2023,Pune,PROD179,2,1799,3598,Cancelled,PayPal
ORD19946,CUST2670,12-07-2024,Chennai,PROD195,1,4499,4499,Pending,Credit Card
ORD19947,CUST3598,20-08-2024,Kolkata,PROD171,1,6999,6999,Cancelled,Credit Card
ORD19948,CUST3831,09-10-2023,Kolkata,PROD190,1,2499,2499,Shipped,Cash on Delivery
ORD19949,CUST2228,05-11-2024,Bhubaneswar,PROD201,2,799,1598,Delivered,Cash on Delivery
ORD19950,CUST2236,10-03-2025,Bangalore,PROD102,2,1799,3598,Returned,Credit Card
ORD19951,CUST3325,24-07-2025,Delhi,PROD129,2,349,698,Delivered,PayPal
ORD19952,CUST1114,23-03-2023,Hyderabad,PROD175,2,1499,2998,Pending,Credit Card
ORD19953,CUST4058,04-07-2024,Bangalore,PROD109,1,2399,2399,Cancelled,Credit Card
ORD19954,CUST4823,02-02-2024,Pune,PROD103,1,2999,2999,Cancelled,Cash on Delivery
ORD19955,CUST5296,15-01-2025,Ahmedabad,PROD116,1,3499,3499,Cancelled,Cash on Delivery
ORD19956,CUST4180,06-12-2022,Kolkata,PROD112,3,1699,5097,Cancelled,PayPal
ORD19957,CUST2216,29-11-2022,Jaipur,PROD205,3,399,1197,Cancelled,Credit Card
ORD19958,CUST2600,22-10-2024,Kolkata,PROD198,1,6999,6999,Delivered,Cash on Delivery
ORD19959,CUST1652,14-11-2022,Chennai,PROD113,2,1499,2998,Returned,Credit Card
ORD19960,CUST4375,19-07-2024,Nagpur,PROD160,1,5999,5999,Shipped,Cash on Delivery
ORD19961,CUST2383,01-01-2024,Chennai,PROD203,2,1999,3998,Returned,Credit Card
ORD19962,CUST5322,27-03-2023,Chennai,PROD184,1,2999,2999,Returned,Credit Card
ORD19963,CUST1807,28-07-2023,Bhubaneswar,PROD147,1,29990,29990,Returned,PayPal
ORD19964,CUST4507,14-11-2023,Mumbai,PROD192,1,4999,4999,Delivered,Cash on Delivery
ORD19965,CUST3632,02-09-2023,Kolkata,PROD148,1,6499,6499,Pending,Credit Card
ORD19966,CUST4013,07-03-2024,Delhi,PROD152,1,39999,39999,Cancelled,PayPal
ORD19967,CUST1349,23-08-2023,Kolkata,PROD105,1,2499,2499,Delivered,Credit Card
ORD19968,CUST1457,12-07-2024,Ahmedabad,PROD216,1,2299,2299,Pending,Credit Card
ORD19969,CUST3424,24-06-2025,Indore,PROD203,3,1999,5997,Delivered,Credit Card
ORD19970,CUST4970,30-10-2022,Bangalore,PROD197,1,5999,5999,Pending,PayPal
ORD19971,CUST1745,26-08-2022,Pune,PROD118,1,2999,2999,Returned,PayPal
ORD19972,CUST1035,09-11-2023,Pune,PROD143,1,89999,89999,Shipped,Cash on Delivery
ORD19973,CUST2193,29-10-2024,Kochi,PROD112,2,1699,3398,Pending,Cash on Delivery
ORD19974,CUST2011,05-02-2025,Delhi,PROD138,2,799,1598,Returned,PayPal
ORD19975,CUST3935,27-06-2025,Bhubaneswar,PROD154,1,71990,71990,Pending,Cash on Delivery
ORD19976,CUST4835,20-11-2023,Mumbai,PROD125,2,549,1098,Shipped,PayPal
ORD19977,CUST2424,21-12-2022,Kolkata,PROD172,1,3999,3999,Shipped,PayPal
ORD19978,CUST3195,08-09-2023,Mumbai,PROD140,1,69999,69999,Shipped,Cash on Delivery
ORD19979,CUST4826,10-07-2023,Kochi,PROD151,1,49999,49999,Returned,Credit Card
ORD19980,CUST2896,13-02-2024,Jaipur,PROD208,3,899,2697,Delivered,Credit Card
ORD19981,CUST4310,29-05-2023,Visakhapatnam,PROD143,1,89999,89999,Pending,Cash on Delivery
ORD19982,CUST4741,16-10-2024,Hyderabad,PROD162,1,3299,3299,Returned,PayPal
ORD19983,CUST3156,29-06-2024,Kochi,PROD131,2,499,998,Cancelled,Cash on Delivery
ORD19984,CUST4824,31-01-2025,Lucknow,PROD160,1,5999,5999,Pending,PayPal
ORD19985,CUST5035,20-07-2023,Delhi,PROD179,2,1799,3598,Returned,PayPal
ORD19986,CUST4683,25-02-2025,Surat,PROD219,2,799,1598,Delivered,PayPal
ORD19987,CUST5075,15-02-2025,Noida,PROD184,1,2999,2999,Cancelled,PayPal
ORD19988,CUST1993,07-11-2022,Noida,PROD145,1,62990,62990,Delivered,PayPal
ORD19989,CUST3228,16-01-2025,Kochi,PROD139,2,499,998,Returned,PayPal
ORD19990,CUST4591,26-12-2024,Pune,PROD132,2,399,798,Pending,Cash on Delivery
ORD19991,CUST2093,04-09-2022,Bhubaneswar,PROD109,1,2399,2399,Shipped,Cash on Delivery
ORD19992,CUST1966,16-03-2023,Gurgaon,PROD150,1,42999,42999,Shipped,PayPal
ORD19993,CUST1570,21-05-2025,Chennai,PROD167,1,3499,3499,Delivered,Cash on Delivery
ORD19994,CUST4581,24-02-2025,Pune,PROD184,1,2999,2999,Returned,Credit Card
ORD19995,CUST2558,07-06-2023,Bangalore,PROD211,3,1799,5397,Delivered,PayPal
ORD19996,CUST2543,05-08-2025,Kolkata,PROD218,2,299,598,Returned,PayPal
ORD19997,CUST5320,23-12-2023,Chennai,PROD200,1,2499,2499,Returned,Cash on Delivery
ORD19998,CUST1197,30-08-2022,Bangalore,PROD115,1,2499,2499,Cancelled,Credit Card
ORD19999,CUST4892,10-07-2025,Pune,PROD162,1,3299,3299,Pending,PayPal
